mirna_core_accession,mirna_id,srr_accession,study_id,tissue,genotype,condition,replicate,raw_count,cpm
2,Chr01_1229,SRR11749594,1,callus,GL9,,1,1060.0,78.066
2,Chr01_1229,SRR11749595,1,stem,GL9,,3,49626.0,3087.4063
2,Chr01_1229,SRR11749596,1,stem,GL9,,2,60831.0,3740.1079
2,Chr01_1229,SRR11749597,1,stem,GL9,,1,40093.0,2951.2105
2,Chr01_1229,SRR11749598,1,callus,DH201-2,,3,900.0,71.4653
2,Chr01_1229,SRR11749599,1,callus,DH201-2,,2,782.0,58.7788
2,Chr01_1229,SRR11749600,1,callus,DH201-2,,1,1113.0,86.3119
2,Chr01_1229,SRR11749601,1,stem,DH201-2,,3,83622.0,5526.677
2,Chr01_1229,SRR11749602,1,callus,GL9,,3,1072.0,73.9707
2,Chr01_1229,SRR11749603,1,callus,GL9,,2,961.0,77.2824
2,Chr01_1229,SRR11749604,1,stem,DH201-2,,2,140168.0,9480.7092
2,Chr01_1229,SRR11749605,1,stem,DH201-2,,1,76728.0,4737.8168
2,Chr01_1229,SRR14138141,3,stem,,tension_wood,1,15.0,3.0295
2,Chr01_1229,SRR14138142,3,stem,,opposite_wood,1,23.0,4.8933
2,Chr01_1229,SRR14138143,3,stem,,unbent_control,1,44.0,7.8295
2,Chr01_1229,SRR14138144,3,stem,,tension_wood,2,217.0,39.8371
2,Chr01_1229,SRR14138145,3,stem,,opposite_wood,2,68.0,18.3284
2,Chr01_1229,SRR14138146,3,stem,,unbent_control,2,662.0,146.8853
2,Chr01_1229,SRR5433935,4,leaves,,,1,1600.0,111.1045
2,Chr01_1229,SRR5433936,4,stem,,,1,845.0,37.4819
3,Chr01_1680,SRR11749594,1,callus,GL9,,1,19498.0,1435.9729
3,Chr01_1680,SRR11749595,1,stem,GL9,,3,28969.0,1802.2624
3,Chr01_1680,SRR11749596,1,stem,GL9,,2,34556.0,2124.6267
3,Chr01_1680,SRR11749597,1,stem,GL9,,1,44893.0,3304.5343
3,Chr01_1680,SRR11749598,1,callus,DH201-2,,3,13677.0,1086.0351
3,Chr01_1680,SRR11749599,1,callus,DH201-2,,2,18941.0,1423.6937
3,Chr01_1680,SRR11749600,1,callus,DH201-2,,1,18341.0,1422.3232
3,Chr01_1680,SRR11749601,1,stem,DH201-2,,3,32162.0,2125.6247
3,Chr01_1680,SRR11749602,1,callus,GL9,,3,22283.0,1537.5823
3,Chr01_1680,SRR11749603,1,callus,GL9,,2,25903.0,2083.0874
3,Chr01_1680,SRR11749604,1,stem,DH201-2,,2,45608.0,3084.8424
3,Chr01_1680,SRR11749605,1,stem,DH201-2,,1,41668.0,2572.9245
3,Chr01_1680,SRR14138141,3,stem,,tension_wood,1,16.0,3.2314
3,Chr01_1680,SRR14138142,3,stem,,opposite_wood,1,44.0,9.3611
3,Chr01_1680,SRR14138143,3,stem,,unbent_control,1,105.0,18.684
3,Chr01_1680,SRR14138144,3,stem,,tension_wood,2,204.0,37.4505
3,Chr01_1680,SRR14138145,3,stem,,opposite_wood,2,19.0,5.1212
3,Chr01_1680,SRR14138146,3,stem,,unbent_control,2,490.0,108.7218
3,Chr01_1680,SRR5433935,4,leaves,,,1,81.0,5.6247
3,Chr01_1680,SRR5433936,4,stem,,,1,3178.0,140.9675
4,Chr01_1685,SRR11749594,1,callus,GL9,,1,5362.0,394.8962
4,Chr01_1685,SRR11749595,1,stem,GL9,,3,3219.0,200.2652
4,Chr01_1685,SRR11749596,1,stem,GL9,,2,3914.0,240.6467
4,Chr01_1685,SRR11749597,1,stem,GL9,,1,2470.0,181.8145
4,Chr01_1685,SRR11749598,1,callus,DH201-2,,3,3524.0,279.8265
4,Chr01_1685,SRR11749599,1,callus,DH201-2,,2,3400.0,255.5598
4,Chr01_1685,SRR11749600,1,callus,DH201-2,,1,4630.0,359.0511
4,Chr01_1685,SRR11749601,1,stem,DH201-2,,3,1732.0,114.4699
4,Chr01_1685,SRR11749602,1,callus,GL9,,3,4597.0,317.2044
4,Chr01_1685,SRR11749603,1,callus,GL9,,2,4479.0,360.1957
4,Chr01_1685,SRR11749604,1,stem,DH201-2,,2,1752.0,118.5021
4,Chr01_1685,SRR11749605,1,stem,DH201-2,,1,1753.0,108.2446
4,Chr01_1685,SRR14138141,3,stem,,tension_wood,1,27.0,5.453
4,Chr01_1685,SRR14138142,3,stem,,opposite_wood,1,27.0,5.7443
4,Chr01_1685,SRR14138143,3,stem,,unbent_control,1,24.0,4.2706
4,Chr01_1685,SRR14138144,3,stem,,tension_wood,2,22.0,4.0388
4,Chr01_1685,SRR14138145,3,stem,,opposite_wood,2,9.0,2.4258
4,Chr01_1685,SRR14138146,3,stem,,unbent_control,2,89.0,19.7474
4,Chr01_1685,SRR5433935,4,leaves,,,1,1163.0,80.7591
4,Chr01_1685,SRR5433936,4,stem,,,1,1104.0,48.9705
5,Chr01_1896,SRR11749594,1,callus,GL9,,1,19555.0,1440.1708
5,Chr01_1896,SRR11749595,1,stem,GL9,,3,29005.0,1804.5021
5,Chr01_1896,SRR11749596,1,stem,GL9,,2,34614.0,2128.1928
5,Chr01_1896,SRR11749597,1,stem,GL9,,1,44944.0,3308.2883
5,Chr01_1896,SRR11749598,1,callus,DH201-2,,3,13697.0,1087.6232
5,Chr01_1896,SRR11749599,1,callus,DH201-2,,2,18968.0,1425.7231
5,Chr01_1896,SRR11749600,1,callus,DH201-2,,1,18363.0,1424.0293
5,Chr01_1896,SRR11749601,1,stem,DH201-2,,3,32199.0,2128.07
5,Chr01_1896,SRR11749602,1,callus,GL9,,3,22332.0,1540.9635
5,Chr01_1896,SRR11749603,1,callus,GL9,,2,25965.0,2088.0733
5,Chr01_1896,SRR11749604,1,stem,DH201-2,,2,45659.0,3088.2919
5,Chr01_1896,SRR11749605,1,stem,DH201-2,,1,41716.0,2575.8884
5,Chr01_1896,SRR14138141,3,stem,,tension_wood,1,1610.0,325.1624
5,Chr01_1896,SRR14138142,3,stem,,opposite_wood,1,2669.0,567.8369
5,Chr01_1896,SRR14138143,3,stem,,unbent_control,1,9502.0,1690.8138
5,Chr01_1896,SRR14138144,3,stem,,tension_wood,2,22719.0,4170.7774
5,Chr01_1896,SRR14138145,3,stem,,opposite_wood,2,1487.0,400.7988
5,Chr01_1896,SRR14138146,3,stem,,unbent_control,2,23775.0,5275.2247
5,Chr01_1896,SRR5433935,4,leaves,,,1,9522.0,661.2108
5,Chr01_1896,SRR5433936,4,stem,,,1,6644.0,294.71
6,Chr01_2889,SRR11749594,1,callus,GL9,,1,341.0,25.1137
6,Chr01_2889,SRR11749595,1,stem,GL9,,3,209.0,13.0026
6,Chr01_2889,SRR11749596,1,stem,GL9,,2,225.0,13.8338
6,Chr01_2889,SRR11749597,1,stem,GL9,,1,102.0,7.5081
6,Chr01_2889,SRR11749598,1,callus,DH201-2,,3,92.0,7.3053
6,Chr01_2889,SRR11749599,1,callus,DH201-2,,2,155.0,11.6505
6,Chr01_2889,SRR11749600,1,callus,DH201-2,,1,42.0,3.2571
6,Chr01_2889,SRR11749601,1,stem,DH201-2,,3,113.0,7.4683
6,Chr01_2889,SRR11749602,1,callus,GL9,,3,333.0,22.9778
6,Chr01_2889,SRR11749603,1,callus,GL9,,2,353.0,28.3878
6,Chr01_2889,SRR11749604,1,stem,DH201-2,,2,115.0,7.7784
6,Chr01_2889,SRR11749605,1,stem,DH201-2,,1,98.0,6.0513
6,Chr01_2889,SRR14138141,3,stem,,tension_wood,1,24.0,4.8471
6,Chr01_2889,SRR14138142,3,stem,,opposite_wood,1,28.0,5.9571
6,Chr01_2889,SRR14138143,3,stem,,unbent_control,1,5.0,0.8897
6,Chr01_2889,SRR14138144,3,stem,,tension_wood,2,29.0,5.3238
6,Chr01_2889,SRR14138145,3,stem,,opposite_wood,2,7.0,1.8867
6,Chr01_2889,SRR14138146,3,stem,,unbent_control,2,38.0,8.4315
6,Chr01_2889,SRR5433935,4,leaves,,,1,41.0,2.8471
6,Chr01_2889,SRR5433936,4,stem,,,1,1529.0,67.8223
7,Chr01_2891,SRR11749594,1,callus,GL9,,1,341.0,25.1137
7,Chr01_2891,SRR11749595,1,stem,GL9,,3,209.0,13.0026
7,Chr01_2891,SRR11749596,1,stem,GL9,,2,225.0,13.8338
7,Chr01_2891,SRR11749597,1,stem,GL9,,1,102.0,7.5081
7,Chr01_2891,SRR11749598,1,callus,DH201-2,,3,92.0,7.3053
7,Chr01_2891,SRR11749599,1,callus,DH201-2,,2,155.0,11.6505
7,Chr01_2891,SRR11749600,1,callus,DH201-2,,1,42.0,3.2571
7,Chr01_2891,SRR11749601,1,stem,DH201-2,,3,113.0,7.4683
7,Chr01_2891,SRR11749602,1,callus,GL9,,3,333.0,22.9778
7,Chr01_2891,SRR11749603,1,callus,GL9,,2,353.0,28.3878
7,Chr01_2891,SRR11749604,1,stem,DH201-2,,2,115.0,7.7784
7,Chr01_2891,SRR11749605,1,stem,DH201-2,,1,98.0,6.0513
7,Chr01_2891,SRR14138141,3,stem,,tension_wood,1,24.0,4.8471
7,Chr01_2891,SRR14138142,3,stem,,opposite_wood,1,28.0,5.9571
7,Chr01_2891,SRR14138143,3,stem,,unbent_control,1,5.0,0.8897
7,Chr01_2891,SRR14138144,3,stem,,tension_wood,2,29.0,5.3238
7,Chr01_2891,SRR14138145,3,stem,,opposite_wood,2,7.0,1.8867
7,Chr01_2891,SRR14138146,3,stem,,unbent_control,2,38.0,8.4315
7,Chr01_2891,SRR5433935,4,leaves,,,1,41.0,2.8471
7,Chr01_2891,SRR5433936,4,stem,,,1,1529.0,67.8223
1,Chr01_850,SRR11749594,1,callus,GL9,,1,16074.0,1183.8049
1,Chr01_850,SRR11749595,1,stem,GL9,,3,586.0,36.4571
1,Chr01_850,SRR11749596,1,stem,GL9,,2,720.0,44.2682
1,Chr01_850,SRR11749597,1,stem,GL9,,1,584.0,42.9877
1,Chr01_850,SRR11749598,1,callus,DH201-2,,3,56361.0,4475.3983
1,Chr01_850,SRR11749599,1,callus,DH201-2,,2,73738.0,5542.4911
1,Chr01_850,SRR11749600,1,callus,DH201-2,,1,100774.0,7814.9064
1,Chr01_850,SRR11749601,1,stem,DH201-2,,3,28912.0,1910.8283
1,Chr01_850,SRR11749602,1,callus,GL9,,3,16257.0,1121.7734
1,Chr01_850,SRR11749603,1,callus,GL9,,2,17423.0,1401.1362
1,Chr01_850,SRR11749604,1,stem,DH201-2,,2,31882.0,2156.4406
1,Chr01_850,SRR11749605,1,stem,DH201-2,,1,31758.0,1960.9997
1,Chr01_850,SRR14138141,3,stem,,tension_wood,1,2.0,0.4039
1,Chr01_850,SRR14138142,3,stem,,opposite_wood,1,5.0,1.0638
1,Chr01_850,SRR14138143,3,stem,,unbent_control,1,9.0,1.6015
1,Chr01_850,SRR14138144,3,stem,,tension_wood,2,9.0,1.6522
1,Chr01_850,SRR14138145,3,stem,,opposite_wood,2,2.0,0.5391
1,Chr01_850,SRR14138146,3,stem,,unbent_control,2,24.0,5.3251
1,Chr01_850,SRR5433935,4,leaves,,,1,3464.0,240.5413
1,Chr01_850,SRR5433936,4,stem,,,1,1635.0,72.5242
8,Chr02_5696,SRR11749594,1,callus,GL9,,1,1.0,0.0736
8,Chr02_5696,SRR11749595,1,stem,GL9,,3,256.0,15.9267
8,Chr02_5696,SRR11749596,1,stem,GL9,,2,280.0,17.2154
8,Chr02_5696,SRR11749597,1,stem,GL9,,1,272.0,20.0217
8,Chr02_5696,SRR11749598,1,callus,DH201-2,,3,4.0,0.3176
8,Chr02_5696,SRR11749599,1,callus,DH201-2,,2,5.0,0.3758
8,Chr02_5696,SRR11749600,1,callus,DH201-2,,1,4.0,0.3102
8,Chr02_5696,SRR11749601,1,stem,DH201-2,,3,101.0,6.6752
8,Chr02_5696,SRR11749602,1,callus,GL9,,3,2.0,0.138
8,Chr02_5696,SRR11749603,1,callus,GL9,,2,1.0,0.0804
8,Chr02_5696,SRR11749604,1,stem,DH201-2,,2,111.0,7.5078
8,Chr02_5696,SRR11749605,1,stem,DH201-2,,1,107.0,6.6071
8,Chr02_5696,SRR14138146,3,stem,,unbent_control,2,1.0,0.2219
8,Chr02_5696,SRR5433935,4,leaves,,,1,2.0,0.1389
8,Chr02_5696,SRR5433936,4,stem,,,1,6.0,0.2661
9,Chr02_5754,SRR11749594,1,callus,GL9,,1,37934.0,2793.7324
9,Chr02_5754,SRR11749595,1,stem,GL9,,3,13864.0,862.5277
9,Chr02_5754,SRR11749596,1,stem,GL9,,2,13477.0,828.6143
9,Chr02_5754,SRR11749597,1,stem,GL9,,1,6409.0,471.7609
9,Chr02_5754,SRR11749598,1,callus,DH201-2,,3,24766.0,1966.5676
9,Chr02_5754,SRR11749599,1,callus,DH201-2,,2,41997.0,3156.6899
9,Chr02_5754,SRR11749600,1,callus,DH201-2,,1,6859.0,531.9075
9,Chr02_5754,SRR11749601,1,stem,DH201-2,,3,2617.0,172.9606
9,Chr02_5754,SRR11749602,1,callus,GL9,,3,35662.0,2460.7666
9,Chr02_5754,SRR11749603,1,callus,GL9,,2,29899.0,2404.4408
9,Chr02_5754,SRR11749604,1,stem,DH201-2,,2,2556.0,172.8832
9,Chr02_5754,SRR11749605,1,stem,DH201-2,,1,1857.0,114.6664
9,Chr02_5754,SRR14138141,3,stem,,tension_wood,1,1152.0,232.6628
9,Chr02_5754,SRR14138142,3,stem,,opposite_wood,1,1693.0,360.1903
9,Chr02_5754,SRR14138143,3,stem,,unbent_control,1,960.0,170.8252
9,Chr02_5754,SRR14138144,3,stem,,tension_wood,2,2718.0,498.9732
9,Chr02_5754,SRR14138145,3,stem,,opposite_wood,2,393.0,105.9273
9,Chr02_5754,SRR14138146,3,stem,,unbent_control,2,1758.0,390.0671
9,Chr02_5754,SRR5433935,4,leaves,,,1,1226.0,85.1338
9,Chr02_5754,SRR5433936,4,stem,,,1,1293.0,57.354
10,Chr02_8243,SRR11749594,1,callus,GL9,,1,1.0,0.0736
10,Chr02_8243,SRR11749595,1,stem,GL9,,3,102.0,6.3458
10,Chr02_8243,SRR11749596,1,stem,GL9,,2,134.0,8.2388
10,Chr02_8243,SRR11749597,1,stem,GL9,,1,83.0,6.1096
10,Chr02_8243,SRR11749598,1,callus,DH201-2,,3,7.0,0.5558
10,Chr02_8243,SRR11749599,1,callus,DH201-2,,2,4.0,0.3007
10,Chr02_8243,SRR11749600,1,callus,DH201-2,,1,5.0,0.3877
10,Chr02_8243,SRR11749601,1,stem,DH201-2,,3,118.0,7.7988
10,Chr02_8243,SRR11749602,1,callus,GL9,,3,1.0,0.069
10,Chr02_8243,SRR11749603,1,callus,GL9,,2,2.0,0.1608
10,Chr02_8243,SRR11749604,1,stem,DH201-2,,2,81.0,5.4787
10,Chr02_8243,SRR11749605,1,stem,DH201-2,,1,99.0,6.1131
10,Chr02_8243,SRR14138141,3,stem,,tension_wood,1,1.0,0.202
10,Chr02_8243,SRR14138142,3,stem,,opposite_wood,1,1.0,0.2128
10,Chr02_8243,SRR14138144,3,stem,,tension_wood,2,2.0,0.3672
10,Chr02_8243,SRR14138145,3,stem,,opposite_wood,2,2.0,0.5391
10,Chr02_8243,SRR14138146,3,stem,,unbent_control,2,6.0,1.3313
10,Chr02_8243,SRR5433936,4,stem,,,1,10.0,0.4436
13,Chr03_12134,SRR11749594,1,callus,GL9,,1,1964.0,144.6431
13,Chr03_12134,SRR11749595,1,stem,GL9,,3,259.0,16.1133
13,Chr03_12134,SRR11749596,1,stem,GL9,,2,441.0,27.1143
13,Chr03_12134,SRR11749597,1,stem,GL9,,1,546.0,40.1906
13,Chr03_12134,SRR11749598,1,callus,DH201-2,,3,1321.0,104.8952
13,Chr03_12134,SRR11749599,1,callus,DH201-2,,2,1127.0,84.7106
13,Chr03_12134,SRR11749600,1,callus,DH201-2,,1,964.0,74.7571
13,Chr03_12134,SRR11749601,1,stem,DH201-2,,3,382.0,25.2468
13,Chr03_12134,SRR11749602,1,callus,GL9,,3,1495.0,103.1587
13,Chr03_12134,SRR11749603,1,callus,GL9,,2,1835.0,147.5684
13,Chr03_12134,SRR11749604,1,stem,DH201-2,,2,393.0,26.5818
13,Chr03_12134,SRR11749605,1,stem,DH201-2,,1,256.0,15.8075
13,Chr03_12134,SRR14138141,3,stem,,tension_wood,1,1.0,0.202
13,Chr03_12134,SRR14138142,3,stem,,opposite_wood,1,1.0,0.2128
13,Chr03_12134,SRR14138143,3,stem,,unbent_control,1,2.0,0.3559
13,Chr03_12134,SRR14138144,3,stem,,tension_wood,2,4.0,0.7343
13,Chr03_12134,SRR14138146,3,stem,,unbent_control,2,2.0,0.4438
13,Chr03_12134,SRR5433935,4,leaves,,,1,3062.0,212.6263
13,Chr03_12134,SRR5433936,4,stem,,,1,384.0,17.0332
12,Chr03_12234,SRR11749594,1,callus,GL9,,1,34907.0,2570.8024
12,Chr03_12234,SRR11749595,1,stem,GL9,,3,1664.0,103.5232
12,Chr03_12234,SRR11749596,1,stem,GL9,,2,3782.0,232.5309
12,Chr03_12234,SRR11749597,1,stem,GL9,,1,2289.0,168.4913
12,Chr03_12234,SRR11749598,1,callus,DH201-2,,3,24914.0,1978.3196
12,Chr03_12234,SRR11749599,1,callus,DH201-2,,2,26929.0,2024.1089
12,Chr03_12234,SRR11749600,1,callus,DH201-2,,1,21370.0,1657.2186
12,Chr03_12234,SRR11749601,1,stem,DH201-2,,3,2537.0,167.6733
12,Chr03_12234,SRR11749602,1,callus,GL9,,3,28281.0,1951.4592
12,Chr03_12234,SRR11749603,1,callus,GL9,,2,27547.0,2215.2958
12,Chr03_12234,SRR11749604,1,stem,DH201-2,,2,1223.0,82.7215
12,Chr03_12234,SRR11749605,1,stem,DH201-2,,1,1486.0,91.7578
12,Chr03_12234,SRR14138141,3,stem,,tension_wood,1,5.0,1.0098
12,Chr03_12234,SRR14138142,3,stem,,opposite_wood,1,1.0,0.2128
12,Chr03_12234,SRR14138143,3,stem,,unbent_control,1,2.0,0.3559
12,Chr03_12234,SRR14138144,3,stem,,tension_wood,2,12.0,2.203
12,Chr03_12234,SRR14138145,3,stem,,opposite_wood,2,3.0,0.8086
12,Chr03_12234,SRR14138146,3,stem,,unbent_control,2,5.0,1.1094
12,Chr03_12234,SRR5433935,4,leaves,,,1,5.0,0.3472
12,Chr03_12234,SRR5433936,4,stem,,,1,3.0,0.1331
14,Chr03_14086,SRR11749594,1,callus,GL9,,1,34950.0,2573.9692
14,Chr03_14086,SRR11749595,1,stem,GL9,,3,1661.0,103.3366
14,Chr03_14086,SRR11749596,1,stem,GL9,,2,3786.0,232.7768
14,Chr03_14086,SRR11749597,1,stem,GL9,,1,2286.0,168.2704
14,Chr03_14086,SRR11749598,1,callus,DH201-2,,3,25010.0,1985.9426
14,Chr03_14086,SRR11749599,1,callus,DH201-2,,2,27073.0,2034.9326
14,Chr03_14086,SRR11749600,1,callus,DH201-2,,1,21511.0,1668.153
14,Chr03_14086,SRR11749601,1,stem,DH201-2,,3,2558.0,169.0612
14,Chr03_14086,SRR11749602,1,callus,GL9,,3,28296.0,1952.4943
14,Chr03_14086,SRR11749603,1,callus,GL9,,2,27608.0,2220.2014
14,Chr03_14086,SRR11749604,1,stem,DH201-2,,2,1221.0,82.5862
14,Chr03_14086,SRR11749605,1,stem,DH201-2,,1,1477.0,91.2021
14,Chr03_14086,SRR14138142,3,stem,,opposite_wood,1,1.0,0.2128
14,Chr03_14086,SRR14138143,3,stem,,unbent_control,1,1.0,0.1779
14,Chr03_14086,SRR14138144,3,stem,,tension_wood,2,3.0,0.5507
14,Chr03_14086,SRR14138146,3,stem,,unbent_control,2,3.0,0.6656
14,Chr03_14086,SRR5433935,4,leaves,,,1,10.0,0.6944
14,Chr03_14086,SRR5433936,4,stem,,,1,3.0,0.1331
15,Chr03_14181,SRR11749594,1,callus,GL9,,1,82.0,6.0391
15,Chr03_14181,SRR11749595,1,stem,GL9,,3,5.0,0.3111
15,Chr03_14181,SRR11749596,1,stem,GL9,,2,9.0,0.5534
15,Chr03_14181,SRR11749597,1,stem,GL9,,1,28.0,2.0611
15,Chr03_14181,SRR11749598,1,callus,DH201-2,,3,4616.0,366.5378
15,Chr03_14181,SRR11749599,1,callus,DH201-2,,2,2016.0,151.5319
15,Chr03_14181,SRR11749600,1,callus,DH201-2,,1,1370.0,106.2419
15,Chr03_14181,SRR11749601,1,stem,DH201-2,,3,13.0,0.8592
15,Chr03_14181,SRR11749602,1,callus,GL9,,3,937.0,64.6553
15,Chr03_14181,SRR11749603,1,callus,GL9,,2,25.0,2.0105
15,Chr03_14181,SRR11749604,1,stem,DH201-2,,2,21.0,1.4204
15,Chr03_14181,SRR11749605,1,stem,DH201-2,,1,17.0,1.0497
15,Chr03_14181,SRR5433936,4,stem,,,1,3.0,0.1331
11,Chr03_9415,SRR11749594,1,callus,GL9,,1,5005.0,368.6042
11,Chr03_9415,SRR11749595,1,stem,GL9,,3,14395.0,895.5631
11,Chr03_9415,SRR11749596,1,stem,GL9,,2,14130.0,868.763
11,Chr03_9415,SRR11749597,1,stem,GL9,,1,12901.0,949.6313
11,Chr03_9415,SRR11749598,1,callus,DH201-2,,3,3505.0,278.3178
11,Chr03_9415,SRR11749599,1,callus,DH201-2,,2,5034.0,378.3789
11,Chr03_9415,SRR11749600,1,callus,DH201-2,,1,4293.0,332.9172
11,Chr03_9415,SRR11749601,1,stem,DH201-2,,3,2647.0,174.9434
11,Chr03_9415,SRR11749602,1,callus,GL9,,3,5120.0,353.2927
11,Chr03_9415,SRR11749603,1,callus,GL9,,2,2727.0,219.302
11,Chr03_9415,SRR11749604,1,stem,DH201-2,,2,5211.0,352.4626
11,Chr03_9415,SRR11749605,1,stem,DH201-2,,1,3733.0,230.5061
11,Chr03_9415,SRR14138141,3,stem,,tension_wood,1,9.0,1.8177
11,Chr03_9415,SRR14138142,3,stem,,opposite_wood,1,4.0,0.851
11,Chr03_9415,SRR14138143,3,stem,,unbent_control,1,4.0,0.7118
11,Chr03_9415,SRR14138144,3,stem,,tension_wood,2,6.0,1.1015
11,Chr03_9415,SRR14138145,3,stem,,opposite_wood,2,1.0,0.2695
11,Chr03_9415,SRR14138146,3,stem,,unbent_control,2,6.0,1.3313
11,Chr03_9415,SRR5433935,4,leaves,,,1,132.0,9.1661
11,Chr03_9415,SRR5433936,4,stem,,,1,5.0,0.2218
17,Chr05_17624,SRR11749594,1,callus,GL9,,1,306.0,22.536
17,Chr05_17624,SRR11749595,1,stem,GL9,,3,39953.0,2485.6153
17,Chr05_17624,SRR11749596,1,stem,GL9,,2,33957.0,2087.7981
17,Chr05_17624,SRR11749597,1,stem,GL9,,1,58995.0,4342.5701
17,Chr05_17624,SRR11749598,1,callus,DH201-2,,3,8610.0,683.6852
17,Chr05_17624,SRR11749599,1,callus,DH201-2,,2,10725.0,806.1409
17,Chr05_17624,SRR11749600,1,callus,DH201-2,,1,5189.0,402.4009
17,Chr05_17624,SRR11749601,1,stem,DH201-2,,3,41225.0,2724.6091
17,Chr05_17624,SRR11749602,1,callus,GL9,,3,7455.0,514.4135
17,Chr05_17624,SRR11749603,1,callus,GL9,,2,211.0,16.9684
17,Chr05_17624,SRR11749604,1,stem,DH201-2,,2,50060.0,3385.9676
17,Chr05_17624,SRR11749605,1,stem,DH201-2,,1,42905.0,2649.307
17,Chr05_17624,SRR14138141,3,stem,,tension_wood,1,210.0,42.4125
17,Chr05_17624,SRR14138142,3,stem,,opposite_wood,1,170.0,36.168
17,Chr05_17624,SRR14138143,3,stem,,unbent_control,1,223.0,39.6813
17,Chr05_17624,SRR14138144,3,stem,,tension_wood,2,225.0,41.3057
17,Chr05_17624,SRR14138145,3,stem,,opposite_wood,2,174.0,46.8991
17,Chr05_17624,SRR14138146,3,stem,,unbent_control,2,216.0,47.9263
17,Chr05_17624,SRR5433935,4,leaves,,,1,1088.0,75.5511
17,Chr05_17624,SRR5433936,4,stem,,,1,960.0,42.583
16,Chr05_18368,SRR11749594,1,callus,GL9,,1,701.0,51.6267
16,Chr05_18368,SRR11749595,1,stem,GL9,,3,1401.0,87.1611
16,Chr05_18368,SRR11749596,1,stem,GL9,,2,1590.0,97.7589
16,Chr05_18368,SRR11749597,1,stem,GL9,,1,1467.0,107.9846
16,Chr05_18368,SRR11749598,1,callus,DH201-2,,3,233.0,18.5016
16,Chr05_18368,SRR11749599,1,callus,DH201-2,,2,187.0,14.0558
16,Chr05_18368,SRR11749600,1,callus,DH201-2,,1,165.0,12.7956
16,Chr05_18368,SRR11749601,1,stem,DH201-2,,3,571.0,37.7381
16,Chr05_18368,SRR11749602,1,callus,GL9,,3,451.0,31.1201
16,Chr05_18368,SRR11749603,1,callus,GL9,,2,821.0,66.0238
16,Chr05_18368,SRR11749604,1,stem,DH201-2,,2,919.0,62.1595
16,Chr05_18368,SRR11749605,1,stem,DH201-2,,1,618.0,38.1604
16,Chr05_18368,SRR14138144,3,stem,,tension_wood,2,5.0,0.9179
16,Chr05_18368,SRR14138146,3,stem,,unbent_control,2,5.0,1.1094
16,Chr05_18368,SRR5433935,4,leaves,,,1,34.0,2.361
16,Chr05_18368,SRR5433936,4,stem,,,1,66.0,2.9276
23,Chr05_19036,SRR11749594,1,callus,GL9,,1,40.0,2.9459
23,Chr05_19036,SRR11749595,1,stem,GL9,,3,24.0,1.4931
23,Chr05_19036,SRR11749596,1,stem,GL9,,2,28.0,1.7215
23,Chr05_19036,SRR11749597,1,stem,GL9,,1,35.0,2.5763
23,Chr05_19036,SRR11749598,1,callus,DH201-2,,3,138.0,10.958
23,Chr05_19036,SRR11749599,1,callus,DH201-2,,2,121.0,9.0949
23,Chr05_19036,SRR11749600,1,callus,DH201-2,,1,122.0,9.461
23,Chr05_19036,SRR11749601,1,stem,DH201-2,,3,560.0,37.0111
23,Chr05_19036,SRR11749602,1,callus,GL9,,3,41.0,2.8291
23,Chr05_19036,SRR11749603,1,callus,GL9,,2,29.0,2.3321
23,Chr05_19036,SRR11749604,1,stem,DH201-2,,2,453.0,30.6401
23,Chr05_19036,SRR11749605,1,stem,DH201-2,,1,406.0,25.0698
23,Chr05_19036,SRR14138141,3,stem,,tension_wood,1,4.0,0.8079
23,Chr05_19036,SRR14138142,3,stem,,opposite_wood,1,2.0,0.4255
23,Chr05_19036,SRR14138144,3,stem,,tension_wood,2,5.0,0.9179
23,Chr05_19036,SRR14138145,3,stem,,opposite_wood,2,5.0,1.3477
23,Chr05_19036,SRR14138146,3,stem,,unbent_control,2,2.0,0.4438
23,Chr05_19036,SRR5433935,4,leaves,,,1,156.0,10.8327
23,Chr05_19036,SRR5433936,4,stem,,,1,43.0,1.9074
18,Chr05_19932,SRR11749594,1,callus,GL9,,1,2.0,0.1473
18,Chr05_19932,SRR11749595,1,stem,GL9,,3,1441.0,89.6496
18,Chr05_19932,SRR11749596,1,stem,GL9,,2,2700.0,166.0057
18,Chr05_19932,SRR11749597,1,stem,GL9,,1,1969.0,144.9364
18,Chr05_19932,SRR11749598,1,callus,DH201-2,,3,1.0,0.0794
18,Chr05_19932,SRR11749599,1,callus,DH201-2,,2,45.0,3.3824
18,Chr05_19932,SRR11749600,1,callus,DH201-2,,1,3.0,0.2326
18,Chr05_19932,SRR11749601,1,stem,DH201-2,,3,681.0,45.0081
18,Chr05_19932,SRR11749602,1,callus,GL9,,3,5.0,0.345
18,Chr05_19932,SRR11749603,1,callus,GL9,,2,3.0,0.2413
18,Chr05_19932,SRR11749604,1,stem,DH201-2,,2,421.0,28.4757
18,Chr05_19932,SRR11749605,1,stem,DH201-2,,1,1020.0,62.9832
18,Chr05_19932,SRR5433935,4,leaves,,,1,2.0,0.1389
19,Chr05_19934,SRR11749595,1,stem,GL9,,3,182.0,11.3229
19,Chr05_19934,SRR11749596,1,stem,GL9,,2,176.0,10.8211
19,Chr05_19934,SRR11749597,1,stem,GL9,,1,156.0,11.483
19,Chr05_19934,SRR11749601,1,stem,DH201-2,,3,261.0,17.2498
19,Chr05_19934,SRR11749603,1,callus,GL9,,2,2.0,0.1608
19,Chr05_19934,SRR11749604,1,stem,DH201-2,,2,105.0,7.102
19,Chr05_19934,SRR11749605,1,stem,DH201-2,,1,271.0,16.7338
19,Chr05_19934,SRR5433935,4,leaves,,,1,2.0,0.1389
20,Chr05_20206,SRR11749594,1,callus,GL9,,1,2.0,0.1473
20,Chr05_20206,SRR11749595,1,stem,GL9,,3,1441.0,89.6496
20,Chr05_20206,SRR11749596,1,stem,GL9,,2,2700.0,166.0057
20,Chr05_20206,SRR11749597,1,stem,GL9,,1,1969.0,144.9364
20,Chr05_20206,SRR11749598,1,callus,DH201-2,,3,1.0,0.0794
20,Chr05_20206,SRR11749599,1,callus,DH201-2,,2,45.0,3.3824
20,Chr05_20206,SRR11749600,1,callus,DH201-2,,1,3.0,0.2326
20,Chr05_20206,SRR11749601,1,stem,DH201-2,,3,681.0,45.0081
20,Chr05_20206,SRR11749602,1,callus,GL9,,3,5.0,0.345
20,Chr05_20206,SRR11749603,1,callus,GL9,,2,3.0,0.2413
20,Chr05_20206,SRR11749604,1,stem,DH201-2,,2,421.0,28.4757
20,Chr05_20206,SRR11749605,1,stem,DH201-2,,1,1020.0,62.9832
20,Chr05_20206,SRR5433935,4,leaves,,,1,2.0,0.1389
21,Chr05_20208,SRR11749594,1,callus,GL9,,1,2.0,0.1473
21,Chr05_20208,SRR11749595,1,stem,GL9,,3,1441.0,89.6496
21,Chr05_20208,SRR11749596,1,stem,GL9,,2,2700.0,166.0057
21,Chr05_20208,SRR11749597,1,stem,GL9,,1,1969.0,144.9364
21,Chr05_20208,SRR11749598,1,callus,DH201-2,,3,1.0,0.0794
21,Chr05_20208,SRR11749599,1,callus,DH201-2,,2,45.0,3.3824
21,Chr05_20208,SRR11749600,1,callus,DH201-2,,1,3.0,0.2326
21,Chr05_20208,SRR11749601,1,stem,DH201-2,,3,681.0,45.0081
21,Chr05_20208,SRR11749602,1,callus,GL9,,3,5.0,0.345
21,Chr05_20208,SRR11749603,1,callus,GL9,,2,3.0,0.2413
21,Chr05_20208,SRR11749604,1,stem,DH201-2,,2,421.0,28.4757
21,Chr05_20208,SRR11749605,1,stem,DH201-2,,1,1020.0,62.9832
21,Chr05_20208,SRR5433935,4,leaves,,,1,2.0,0.1389
22,Chr05_20214,SRR11749594,1,callus,GL9,,1,2.0,0.1473
22,Chr05_20214,SRR11749595,1,stem,GL9,,3,1441.0,89.6496
22,Chr05_20214,SRR11749596,1,stem,GL9,,2,2700.0,166.0057
22,Chr05_20214,SRR11749597,1,stem,GL9,,1,1969.0,144.9364
22,Chr05_20214,SRR11749598,1,callus,DH201-2,,3,1.0,0.0794
22,Chr05_20214,SRR11749599,1,callus,DH201-2,,2,45.0,3.3824
22,Chr05_20214,SRR11749600,1,callus,DH201-2,,1,3.0,0.2326
22,Chr05_20214,SRR11749601,1,stem,DH201-2,,3,681.0,45.0081
22,Chr05_20214,SRR11749602,1,callus,GL9,,3,5.0,0.345
22,Chr05_20214,SRR11749603,1,callus,GL9,,2,3.0,0.2413
22,Chr05_20214,SRR11749604,1,stem,DH201-2,,2,421.0,28.4757
22,Chr05_20214,SRR11749605,1,stem,DH201-2,,1,1020.0,62.9832
22,Chr05_20214,SRR5433935,4,leaves,,,1,2.0,0.1389
29,Chr05_21615,SRR11749594,1,callus,GL9,,1,40.0,2.9459
29,Chr05_21615,SRR11749595,1,stem,GL9,,3,24.0,1.4931
29,Chr05_21615,SRR11749596,1,stem,GL9,,2,28.0,1.7215
29,Chr05_21615,SRR11749597,1,stem,GL9,,1,35.0,2.5763
29,Chr05_21615,SRR11749598,1,callus,DH201-2,,3,138.0,10.958
29,Chr05_21615,SRR11749599,1,callus,DH201-2,,2,121.0,9.0949
29,Chr05_21615,SRR11749600,1,callus,DH201-2,,1,122.0,9.461
29,Chr05_21615,SRR11749601,1,stem,DH201-2,,3,560.0,37.0111
29,Chr05_21615,SRR11749602,1,callus,GL9,,3,41.0,2.8291
29,Chr05_21615,SRR11749603,1,callus,GL9,,2,29.0,2.3321
29,Chr05_21615,SRR11749604,1,stem,DH201-2,,2,453.0,30.6401
29,Chr05_21615,SRR11749605,1,stem,DH201-2,,1,406.0,25.0698
29,Chr05_21615,SRR14138141,3,stem,,tension_wood,1,4.0,0.8079
29,Chr05_21615,SRR14138142,3,stem,,opposite_wood,1,2.0,0.4255
29,Chr05_21615,SRR14138144,3,stem,,tension_wood,2,5.0,0.9179
29,Chr05_21615,SRR14138145,3,stem,,opposite_wood,2,5.0,1.3477
29,Chr05_21615,SRR14138146,3,stem,,unbent_control,2,2.0,0.4438
29,Chr05_21615,SRR5433935,4,leaves,,,1,156.0,10.8327
29,Chr05_21615,SRR5433936,4,stem,,,1,43.0,1.9074
24,Chr05_23089,SRR11749594,1,callus,GL9,,1,2.0,0.1473
24,Chr05_23089,SRR11749595,1,stem,GL9,,3,1441.0,89.6496
24,Chr05_23089,SRR11749596,1,stem,GL9,,2,2700.0,166.0057
24,Chr05_23089,SRR11749597,1,stem,GL9,,1,1969.0,144.9364
24,Chr05_23089,SRR11749598,1,callus,DH201-2,,3,1.0,0.0794
24,Chr05_23089,SRR11749599,1,callus,DH201-2,,2,45.0,3.3824
24,Chr05_23089,SRR11749600,1,callus,DH201-2,,1,3.0,0.2326
24,Chr05_23089,SRR11749601,1,stem,DH201-2,,3,681.0,45.0081
24,Chr05_23089,SRR11749602,1,callus,GL9,,3,5.0,0.345
24,Chr05_23089,SRR11749603,1,callus,GL9,,2,3.0,0.2413
24,Chr05_23089,SRR11749604,1,stem,DH201-2,,2,421.0,28.4757
24,Chr05_23089,SRR11749605,1,stem,DH201-2,,1,1020.0,62.9832
24,Chr05_23089,SRR5433935,4,leaves,,,1,2.0,0.1389
25,Chr05_23094,SRR11749595,1,stem,GL9,,3,26.0,1.6176
25,Chr05_23094,SRR11749596,1,stem,GL9,,2,42.0,2.5823
25,Chr05_23094,SRR11749597,1,stem,GL9,,1,69.0,5.079
25,Chr05_23094,SRR11749600,1,callus,DH201-2,,1,1.0,0.0775
25,Chr05_23094,SRR11749601,1,stem,DH201-2,,3,10.0,0.6609
25,Chr05_23094,SRR11749602,1,callus,GL9,,3,3.0,0.207
25,Chr05_23094,SRR11749604,1,stem,DH201-2,,2,3.0,0.2029
25,Chr05_23094,SRR11749605,1,stem,DH201-2,,1,8.0,0.494
26,Chr05_23096,SRR11749595,1,stem,GL9,,3,26.0,1.6176
26,Chr05_23096,SRR11749596,1,stem,GL9,,2,42.0,2.5823
26,Chr05_23096,SRR11749597,1,stem,GL9,,1,69.0,5.079
26,Chr05_23096,SRR11749600,1,callus,DH201-2,,1,1.0,0.0775
26,Chr05_23096,SRR11749601,1,stem,DH201-2,,3,10.0,0.6609
26,Chr05_23096,SRR11749602,1,callus,GL9,,3,3.0,0.207
26,Chr05_23096,SRR11749604,1,stem,DH201-2,,2,3.0,0.2029
26,Chr05_23096,SRR11749605,1,stem,DH201-2,,1,8.0,0.494
27,Chr05_23098,SRR11749595,1,stem,GL9,,3,26.0,1.6176
27,Chr05_23098,SRR11749596,1,stem,GL9,,2,42.0,2.5823
27,Chr05_23098,SRR11749597,1,stem,GL9,,1,69.0,5.079
27,Chr05_23098,SRR11749600,1,callus,DH201-2,,1,1.0,0.0775
27,Chr05_23098,SRR11749601,1,stem,DH201-2,,3,10.0,0.6609
27,Chr05_23098,SRR11749602,1,callus,GL9,,3,3.0,0.207
27,Chr05_23098,SRR11749604,1,stem,DH201-2,,2,3.0,0.2029
27,Chr05_23098,SRR11749605,1,stem,DH201-2,,1,8.0,0.494
28,Chr05_23099,SRR11749594,1,callus,GL9,,1,86.0,6.3337
28,Chr05_23099,SRR11749595,1,stem,GL9,,3,1264.0,78.6378
28,Chr05_23099,SRR11749596,1,stem,GL9,,2,1936.0,119.0322
28,Chr05_23099,SRR11749597,1,stem,GL9,,1,848.0,62.4205
28,Chr05_23099,SRR11749598,1,callus,DH201-2,,3,17.0,1.3499
28,Chr05_23099,SRR11749599,1,callus,DH201-2,,2,841.0,63.2135
28,Chr05_23099,SRR11749600,1,callus,DH201-2,,1,23.0,1.7836
28,Chr05_23099,SRR11749601,1,stem,DH201-2,,3,1150.0,76.0049
28,Chr05_23099,SRR11749602,1,callus,GL9,,3,78.0,5.3822
28,Chr05_23099,SRR11749603,1,callus,GL9,,2,43.0,3.458
28,Chr05_23099,SRR11749604,1,stem,DH201-2,,2,537.0,36.3217
28,Chr05_23099,SRR11749605,1,stem,DH201-2,,1,1556.0,96.0802
30,Chr06_22113,SRR11749594,1,callus,GL9,,1,1.0,0.0736
30,Chr06_22113,SRR11749595,1,stem,GL9,,3,3.0,0.1866
30,Chr06_22113,SRR11749596,1,stem,GL9,,2,2.0,0.123
30,Chr06_22113,SRR11749598,1,callus,DH201-2,,3,1.0,0.0794
30,Chr06_22113,SRR11749599,1,callus,DH201-2,,2,1.0,0.0752
30,Chr06_22113,SRR11749600,1,callus,DH201-2,,1,3.0,0.2326
30,Chr06_22113,SRR11749601,1,stem,DH201-2,,3,3.0,0.1983
30,Chr06_22113,SRR11749602,1,callus,GL9,,3,2.0,0.138
30,Chr06_22113,SRR14138141,3,stem,,tension_wood,1,13.0,2.6255
30,Chr06_22113,SRR14138142,3,stem,,opposite_wood,1,14.0,2.9785
30,Chr06_22113,SRR14138143,3,stem,,unbent_control,1,1.0,0.1779
30,Chr06_22113,SRR14138144,3,stem,,tension_wood,2,6.0,1.1015
30,Chr06_22113,SRR14138145,3,stem,,opposite_wood,2,2.0,0.5391
30,Chr06_22113,SRR14138146,3,stem,,unbent_control,2,1.0,0.2219
30,Chr06_22113,SRR5433936,4,stem,,,1,3.0,0.1331
31,Chr06_24996,SRR11749594,1,callus,GL9,,1,131.0,9.6478
31,Chr06_24996,SRR11749595,1,stem,GL9,,3,1728.0,107.5049
31,Chr06_24996,SRR11749596,1,stem,GL9,,2,1939.0,119.2167
31,Chr06_24996,SRR11749597,1,stem,GL9,,1,1779.0,130.9506
31,Chr06_24996,SRR11749598,1,callus,DH201-2,,3,71.0,5.6378
31,Chr06_24996,SRR11749599,1,callus,DH201-2,,2,149.0,11.1995
31,Chr06_24996,SRR11749600,1,callus,DH201-2,,1,13.0,1.0081
31,Chr06_24996,SRR11749601,1,stem,DH201-2,,3,5203.0,343.8724
31,Chr06_24996,SRR11749602,1,callus,GL9,,3,105.0,7.2453
31,Chr06_24996,SRR11749603,1,callus,GL9,,2,114.0,9.1677
31,Chr06_24996,SRR11749604,1,stem,DH201-2,,2,8232.0,556.7975
31,Chr06_24996,SRR11749605,1,stem,DH201-2,,1,6650.0,410.6256
31,Chr06_24996,SRR14138141,3,stem,,tension_wood,1,1.0,0.202
31,Chr06_24996,SRR14138144,3,stem,,tension_wood,2,1.0,0.1836
31,Chr06_24996,SRR5433935,4,leaves,,,1,3.0,0.2083
31,Chr06_24996,SRR5433936,4,stem,,,1,6.0,0.2661
32,Chr06_24998,SRR11749594,1,callus,GL9,,1,292.0,21.505
32,Chr06_24998,SRR11749595,1,stem,GL9,,3,716.0,44.5449
32,Chr06_24998,SRR11749596,1,stem,GL9,,2,689.0,42.3622
32,Chr06_24998,SRR11749597,1,stem,GL9,,1,383.0,28.1923
32,Chr06_24998,SRR11749598,1,callus,DH201-2,,3,584.0,46.3731
32,Chr06_24998,SRR11749599,1,callus,DH201-2,,2,1777.0,133.5676
32,Chr06_24998,SRR11749600,1,callus,DH201-2,,1,398.0,30.8644
32,Chr06_24998,SRR11749601,1,stem,DH201-2,,3,2232.0,147.5155
32,Chr06_24998,SRR11749602,1,callus,GL9,,3,219.0,15.1115
32,Chr06_24998,SRR11749603,1,callus,GL9,,2,310.0,24.9298
32,Chr06_24998,SRR11749604,1,stem,DH201-2,,2,5305.0,358.8206
32,Chr06_24998,SRR11749605,1,stem,DH201-2,,1,2349.0,145.0465
32,Chr06_24998,SRR14138144,3,stem,,tension_wood,2,5.0,0.9179
32,Chr06_24998,SRR14138145,3,stem,,opposite_wood,2,2.0,0.5391
32,Chr06_24998,SRR14138146,3,stem,,unbent_control,2,2.0,0.4438
32,Chr06_24998,SRR5433935,4,leaves,,,1,2.0,0.1389
32,Chr06_24998,SRR5433936,4,stem,,,1,6.0,0.2661
33,Chr07_27100,SRR11749594,1,callus,GL9,,1,22.0,1.6202
33,Chr07_27100,SRR11749595,1,stem,GL9,,3,3.0,0.1866
33,Chr07_27100,SRR11749596,1,stem,GL9,,2,3.0,0.1845
33,Chr07_27100,SRR11749597,1,stem,GL9,,1,4.0,0.2944
33,Chr07_27100,SRR11749598,1,callus,DH201-2,,3,22.0,1.7469
33,Chr07_27100,SRR11749599,1,callus,DH201-2,,2,37.0,2.7811
33,Chr07_27100,SRR11749600,1,callus,DH201-2,,1,68.0,5.2733
33,Chr07_27100,SRR11749601,1,stem,DH201-2,,3,40.0,2.6436
33,Chr07_27100,SRR11749602,1,callus,GL9,,3,22.0,1.5181
33,Chr07_27100,SRR11749603,1,callus,GL9,,2,24.0,1.9301
33,Chr07_27100,SRR11749604,1,stem,DH201-2,,2,20.0,1.3528
33,Chr07_27100,SRR11749605,1,stem,DH201-2,,1,22.0,1.3585
33,Chr07_27100,SRR5433935,4,leaves,,,1,40.0,2.7776
33,Chr07_27100,SRR5433936,4,stem,,,1,454.0,20.1382
34,Chr07_27268,SRR11749594,1,callus,GL9,,1,8.0,0.5892
34,Chr07_27268,SRR11749595,1,stem,GL9,,3,23.0,1.4309
34,Chr07_27268,SRR11749596,1,stem,GL9,,2,14.0,0.8608
34,Chr07_27268,SRR11749597,1,stem,GL9,,1,49.0,3.6068
34,Chr07_27268,SRR11749598,1,callus,DH201-2,,3,6.0,0.4764
34,Chr07_27268,SRR11749599,1,callus,DH201-2,,2,4.0,0.3007
34,Chr07_27268,SRR11749602,1,callus,GL9,,3,583.0,40.2284
34,Chr07_27268,SRR11749603,1,callus,GL9,,2,2.0,0.1608
34,Chr07_27268,SRR11749604,1,stem,DH201-2,,2,1.0,0.0676
34,Chr07_27268,SRR11749605,1,stem,DH201-2,,1,2.0,0.1235
34,Chr07_27268,SRR14138141,3,stem,,tension_wood,1,29.0,5.857
34,Chr07_27268,SRR14138142,3,stem,,opposite_wood,1,21.0,4.4678
34,Chr07_27268,SRR14138144,3,stem,,tension_wood,2,1.0,0.1836
34,Chr07_27268,SRR5433935,4,leaves,,,1,99.0,6.8746
34,Chr07_27268,SRR5433936,4,stem,,,1,987.0,43.7807
35,Chr07_27909,SRR11749594,1,callus,GL9,,1,29.0,2.1358
35,Chr07_27909,SRR11749595,1,stem,GL9,,3,84.0,5.2259
35,Chr07_27909,SRR11749596,1,stem,GL9,,2,220.0,13.5264
35,Chr07_27909,SRR11749597,1,stem,GL9,,1,210.0,15.4579
35,Chr07_27909,SRR11749598,1,callus,DH201-2,,3,35.0,2.7792
35,Chr07_27909,SRR11749599,1,callus,DH201-2,,2,55.0,4.1341
35,Chr07_27909,SRR11749600,1,callus,DH201-2,,1,31.0,2.404
35,Chr07_27909,SRR11749601,1,stem,DH201-2,,3,129.0,8.5258
35,Chr07_27909,SRR11749602,1,callus,GL9,,3,30.0,2.0701
35,Chr07_27909,SRR11749603,1,callus,GL9,,2,30.0,2.4126
35,Chr07_27909,SRR11749604,1,stem,DH201-2,,2,211.0,14.2717
35,Chr07_27909,SRR11749605,1,stem,DH201-2,,1,164.0,10.1267
35,Chr07_27909,SRR14138141,3,stem,,tension_wood,1,18.0,3.6354
35,Chr07_27909,SRR14138142,3,stem,,opposite_wood,1,33.0,7.0208
35,Chr07_27909,SRR14138143,3,stem,,unbent_control,1,126.0,22.4208
35,Chr07_27909,SRR14138144,3,stem,,tension_wood,2,118.0,21.6626
35,Chr07_27909,SRR14138145,3,stem,,opposite_wood,2,18.0,4.8516
35,Chr07_27909,SRR14138146,3,stem,,unbent_control,2,135.0,29.954
35,Chr07_27909,SRR5433935,4,leaves,,,1,3091.0,214.64
35,Chr07_27909,SRR5433936,4,stem,,,1,1552.0,68.8425
36,Chr07_28550,SRR11749594,1,callus,GL9,,1,2658.0,195.7542
36,Chr07_28550,SRR11749595,1,stem,GL9,,3,6514.0,405.2586
36,Chr07_28550,SRR11749596,1,stem,GL9,,2,7331.0,450.7362
36,Chr07_28550,SRR11749597,1,stem,GL9,,1,4429.0,326.0148
36,Chr07_28550,SRR11749598,1,callus,DH201-2,,3,2121.0,168.42
36,Chr07_28550,SRR11749599,1,callus,DH201-2,,2,2408.0,180.9965
36,Chr07_28550,SRR11749600,1,callus,DH201-2,,1,1372.0,106.397
36,Chr07_28550,SRR11749601,1,stem,DH201-2,,3,6559.0,433.4921
36,Chr07_28550,SRR11749602,1,callus,GL9,,3,3271.0,225.7071
36,Chr07_28550,SRR11749603,1,callus,GL9,,2,810.0,65.1392
36,Chr07_28550,SRR11749604,1,stem,DH201-2,,2,4538.0,306.9421
36,Chr07_28550,SRR11749605,1,stem,DH201-2,,1,7622.0,470.6449
36,Chr07_28550,SRR14138142,3,stem,,opposite_wood,1,1.0,0.2128
36,Chr07_28550,SRR14138143,3,stem,,unbent_control,1,3.0,0.5338
36,Chr07_28550,SRR14138144,3,stem,,tension_wood,2,3.0,0.5507
36,Chr07_28550,SRR14138145,3,stem,,opposite_wood,2,1.0,0.2695
36,Chr07_28550,SRR14138146,3,stem,,unbent_control,2,10.0,2.2188
36,Chr07_28550,SRR5433935,4,leaves,,,1,2.0,0.1389
36,Chr07_28550,SRR5433936,4,stem,,,1,14.0,0.621
37,Chr07_28646,SRR11749594,1,callus,GL9,,1,307.0,22.6097
37,Chr07_28646,SRR11749595,1,stem,GL9,,3,39995.0,2488.2283
37,Chr07_28646,SRR11749596,1,stem,GL9,,2,34040.0,2092.9012
37,Chr07_28646,SRR11749597,1,stem,GL9,,1,59209.0,4358.3224
37,Chr07_28646,SRR11749598,1,callus,DH201-2,,3,8619.0,684.3998
37,Chr07_28646,SRR11749599,1,callus,DH201-2,,2,10730.0,806.5167
37,Chr07_28646,SRR11749600,1,callus,DH201-2,,1,5199.0,403.1764
37,Chr07_28646,SRR11749601,1,stem,DH201-2,,3,41369.0,2734.1262
37,Chr07_28646,SRR11749602,1,callus,GL9,,3,7466.0,515.1725
37,Chr07_28646,SRR11749603,1,callus,GL9,,2,211.0,16.9684
37,Chr07_28646,SRR11749604,1,stem,DH201-2,,2,50170.0,3393.4078
37,Chr07_28646,SRR11749605,1,stem,DH201-2,,1,42955.0,2652.3944
37,Chr07_28646,SRR14138141,3,stem,,tension_wood,1,211.0,42.6145
37,Chr07_28646,SRR14138142,3,stem,,opposite_wood,1,170.0,36.168
37,Chr07_28646,SRR14138143,3,stem,,unbent_control,1,223.0,39.6813
37,Chr07_28646,SRR14138144,3,stem,,tension_wood,2,225.0,41.3057
37,Chr07_28646,SRR14138145,3,stem,,opposite_wood,2,174.0,46.8991
37,Chr07_28646,SRR14138146,3,stem,,unbent_control,2,216.0,47.9263
37,Chr07_28646,SRR5433935,4,leaves,,,1,1078.0,74.8567
37,Chr07_28646,SRR5433936,4,stem,,,1,960.0,42.583
38,Chr07_30125,SRR11749601,1,stem,DH201-2,,3,1.0,0.0661
38,Chr07_30125,SRR5433935,4,leaves,,,1,79.0,5.4858
38,Chr07_30125,SRR5433936,4,stem,,,1,10.0,0.4436
39,Chr07_30134,SRR11749594,1,callus,GL9,,1,1.0,0.0736
39,Chr07_30134,SRR11749595,1,stem,GL9,,3,5.0,0.3111
39,Chr07_30134,SRR11749596,1,stem,GL9,,2,16.0,0.9837
39,Chr07_30134,SRR11749597,1,stem,GL9,,1,2.0,0.1472
39,Chr07_30134,SRR11749599,1,callus,DH201-2,,2,1.0,0.0752
39,Chr07_30134,SRR11749601,1,stem,DH201-2,,3,23.0,1.5201
39,Chr07_30134,SRR11749602,1,callus,GL9,,3,1.0,0.069
39,Chr07_30134,SRR11749603,1,callus,GL9,,2,1.0,0.0804
39,Chr07_30134,SRR11749604,1,stem,DH201-2,,2,42.0,2.8408
39,Chr07_30134,SRR11749605,1,stem,DH201-2,,1,15.0,0.9262
39,Chr07_30134,SRR14138142,3,stem,,opposite_wood,1,1.0,0.2128
39,Chr07_30134,SRR14138144,3,stem,,tension_wood,2,1.0,0.1836
39,Chr07_30134,SRR5433935,4,leaves,,,1,81.0,5.6247
39,Chr07_30134,SRR5433936,4,stem,,,1,5.0,0.2218
40,Chr08_30381,SRR11749594,1,callus,GL9,,1,401.0,29.5325
40,Chr08_30381,SRR11749595,1,stem,GL9,,3,283.0,17.6064
40,Chr08_30381,SRR11749596,1,stem,GL9,,2,696.0,42.7926
40,Chr08_30381,SRR11749597,1,stem,GL9,,1,244.0,17.9606
40,Chr08_30381,SRR11749598,1,callus,DH201-2,,3,123.0,9.7669
40,Chr08_30381,SRR11749599,1,callus,DH201-2,,2,786.0,59.0794
40,Chr08_30381,SRR11749600,1,callus,DH201-2,,1,316.0,24.5054
40,Chr08_30381,SRR11749601,1,stem,DH201-2,,3,512.0,33.8387
40,Chr08_30381,SRR11749602,1,callus,GL9,,3,451.0,31.1201
40,Chr08_30381,SRR11749603,1,callus,GL9,,2,175.0,14.0733
40,Chr08_30381,SRR11749604,1,stem,DH201-2,,2,151.0,10.2134
40,Chr08_30381,SRR11749605,1,stem,DH201-2,,1,740.0,45.6937
40,Chr08_30381,SRR14138144,3,stem,,tension_wood,2,2.0,0.3672
40,Chr08_30381,SRR14138145,3,stem,,opposite_wood,2,1.0,0.2695
40,Chr08_30381,SRR14138146,3,stem,,unbent_control,2,3.0,0.6656
40,Chr08_30381,SRR5433935,4,leaves,,,1,5.0,0.3472
40,Chr08_30381,SRR5433936,4,stem,,,1,5.0,0.2218
42,Chr08_30632,SRR11749594,1,callus,GL9,,1,42.0,3.0932
42,Chr08_30632,SRR11749595,1,stem,GL9,,3,13.0,0.8088
42,Chr08_30632,SRR11749596,1,stem,GL9,,2,25.0,1.5371
42,Chr08_30632,SRR11749597,1,stem,GL9,,1,16.0,1.1777
42,Chr08_30632,SRR11749598,1,callus,DH201-2,,3,36.0,2.8586
42,Chr08_30632,SRR11749599,1,callus,DH201-2,,2,36.0,2.7059
42,Chr08_30632,SRR11749600,1,callus,DH201-2,,1,25.0,1.9387
42,Chr08_30632,SRR11749601,1,stem,DH201-2,,3,14.0,0.9253
42,Chr08_30632,SRR11749602,1,callus,GL9,,3,23.0,1.5871
42,Chr08_30632,SRR11749603,1,callus,GL9,,2,51.0,4.1014
42,Chr08_30632,SRR11749604,1,stem,DH201-2,,2,36.0,2.435
42,Chr08_30632,SRR11749605,1,stem,DH201-2,,1,26.0,1.6055
42,Chr08_30632,SRR14138141,3,stem,,tension_wood,1,2.0,0.4039
42,Chr08_30632,SRR14138142,3,stem,,opposite_wood,1,2.0,0.4255
42,Chr08_30632,SRR14138143,3,stem,,unbent_control,1,1.0,0.1779
42,Chr08_30632,SRR14138144,3,stem,,tension_wood,2,2.0,0.3672
42,Chr08_30632,SRR14138145,3,stem,,opposite_wood,2,2.0,0.5391
42,Chr08_30632,SRR14138146,3,stem,,unbent_control,2,2.0,0.4438
42,Chr08_30632,SRR5433935,4,leaves,,,1,138.0,9.5828
42,Chr08_30632,SRR5433936,4,stem,,,1,2.0,0.0887
41,Chr08_30829,SRR11749594,1,callus,GL9,,1,118.0,8.6904
41,Chr08_30829,SRR11749595,1,stem,GL9,,3,34.0,2.1153
41,Chr08_30829,SRR11749596,1,stem,GL9,,2,41.0,2.5208
41,Chr08_30829,SRR11749597,1,stem,GL9,,1,31.0,2.2819
41,Chr08_30829,SRR11749598,1,callus,DH201-2,,3,7.0,0.5558
41,Chr08_30829,SRR11749599,1,callus,DH201-2,,2,16.0,1.2026
41,Chr08_30829,SRR11749600,1,callus,DH201-2,,1,8.0,0.6204
41,Chr08_30829,SRR11749601,1,stem,DH201-2,,3,5.0,0.3305
41,Chr08_30829,SRR11749602,1,callus,GL9,,3,137.0,9.4533
41,Chr08_30829,SRR11749603,1,callus,GL9,,2,77.0,6.1922
41,Chr08_30829,SRR11749604,1,stem,DH201-2,,2,7.0,0.4735
41,Chr08_30829,SRR11749605,1,stem,DH201-2,,1,3.0,0.1852
41,Chr08_30829,SRR14138143,3,stem,,unbent_control,1,1.0,0.1779
41,Chr08_30829,SRR14138145,3,stem,,opposite_wood,2,2.0,0.5391
41,Chr08_30829,SRR14138146,3,stem,,unbent_control,2,4.0,0.8875
41,Chr08_30829,SRR5433935,4,leaves,,,1,24.0,1.6666
41,Chr08_30829,SRR5433936,4,stem,,,1,2417.0,107.2116
43,Chr08_31426,SRR11749594,1,callus,GL9,,1,1921.0,141.4762
43,Chr08_31426,SRR11749595,1,stem,GL9,,3,316.0,19.6595
43,Chr08_31426,SRR11749596,1,stem,GL9,,2,168.0,10.3292
43,Chr08_31426,SRR11749597,1,stem,GL9,,1,161.0,11.8511
43,Chr08_31426,SRR11749600,1,callus,DH201-2,,1,1.0,0.0775
43,Chr08_31426,SRR11749601,1,stem,DH201-2,,3,1.0,0.0661
43,Chr08_31426,SRR11749602,1,callus,GL9,,3,1958.0,135.1069
43,Chr08_31426,SRR11749603,1,callus,GL9,,2,1883.0,151.4285
43,Chr08_31426,SRR14138143,3,stem,,unbent_control,1,1.0,0.1779
43,Chr08_31426,SRR5433935,4,leaves,,,1,2141.0,148.6717
43,Chr08_31426,SRR5433936,4,stem,,,1,1207.0,53.5393
44,Chr08_33849,SRR11749594,1,callus,GL9,,1,143.0,10.5315
44,Chr08_33849,SRR11749595,1,stem,GL9,,3,40.0,2.4885
44,Chr08_33849,SRR11749596,1,stem,GL9,,2,28.0,1.7215
44,Chr08_33849,SRR11749597,1,stem,GL9,,1,41.0,3.018
44,Chr08_33849,SRR11749598,1,callus,DH201-2,,3,18.0,1.4293
44,Chr08_33849,SRR11749599,1,callus,DH201-2,,2,18.0,1.353
44,Chr08_33849,SRR11749600,1,callus,DH201-2,,1,17.0,1.3183
44,Chr08_33849,SRR11749601,1,stem,DH201-2,,3,14.0,0.9253
44,Chr08_33849,SRR11749602,1,callus,GL9,,3,162.0,11.1784
44,Chr08_33849,SRR11749603,1,callus,GL9,,2,143.0,11.4999
44,Chr08_33849,SRR11749604,1,stem,DH201-2,,2,16.0,1.0822
44,Chr08_33849,SRR11749605,1,stem,DH201-2,,1,13.0,0.8027
44,Chr08_33849,SRR5433935,4,leaves,,,1,448.0,31.1093
44,Chr08_33849,SRR5433936,4,stem,,,1,61.0,2.7058
45,Chr08_34494,SRR11749594,1,callus,GL9,,1,41.0,3.0195
45,Chr08_34494,SRR11749595,1,stem,GL9,,3,8.0,0.4977
45,Chr08_34494,SRR11749596,1,stem,GL9,,2,9.0,0.5534
45,Chr08_34494,SRR11749597,1,stem,GL9,,1,1.0,0.0736
45,Chr08_34494,SRR11749598,1,callus,DH201-2,,3,155.0,12.3079
45,Chr08_34494,SRR11749599,1,callus,DH201-2,,2,318.0,23.9024
45,Chr08_34494,SRR11749600,1,callus,DH201-2,,1,330.0,25.5911
45,Chr08_34494,SRR11749601,1,stem,DH201-2,,3,9.0,0.5948
45,Chr08_34494,SRR11749602,1,callus,GL9,,3,37.0,2.5531
45,Chr08_34494,SRR11749603,1,callus,GL9,,2,28.0,2.2517
45,Chr08_34494,SRR11749604,1,stem,DH201-2,,2,21.0,1.4204
45,Chr08_34494,SRR11749605,1,stem,DH201-2,,1,23.0,1.4202
45,Chr08_34494,SRR5433935,4,leaves,,,1,10.0,0.6944
45,Chr08_34494,SRR5433936,4,stem,,,1,7.0,0.3105
46,Chr08_34702,SRR11749594,1,callus,GL9,,1,615.0,45.293
46,Chr08_34702,SRR11749595,1,stem,GL9,,3,1095.0,68.1238
46,Chr08_34702,SRR11749596,1,stem,GL9,,2,1364.0,83.8636
46,Chr08_34702,SRR11749597,1,stem,GL9,,1,796.0,58.5929
46,Chr08_34702,SRR11749598,1,callus,DH201-2,,3,256.0,20.3279
46,Chr08_34702,SRR11749599,1,callus,DH201-2,,2,259.0,19.4676
46,Chr08_34702,SRR11749600,1,callus,DH201-2,,1,389.0,30.1665
46,Chr08_34702,SRR11749601,1,stem,DH201-2,,3,410.0,27.0974
46,Chr08_34702,SRR11749602,1,callus,GL9,,3,599.0,41.3325
46,Chr08_34702,SRR11749603,1,callus,GL9,,2,424.0,34.0976
46,Chr08_34702,SRR11749604,1,stem,DH201-2,,2,304.0,20.562
46,Chr08_34702,SRR11749605,1,stem,DH201-2,,1,427.0,26.3665
46,Chr08_34702,SRR14138142,3,stem,,opposite_wood,1,2.0,0.4255
46,Chr08_34702,SRR14138146,3,stem,,unbent_control,2,2.0,0.4438
46,Chr08_34702,SRR5433935,4,leaves,,,1,2.0,0.1389
46,Chr08_34702,SRR5433936,4,stem,,,1,6.0,0.2661
47,Chr08_35572,SRR11749594,1,callus,GL9,,1,52.0,3.8297
47,Chr08_35572,SRR11749595,1,stem,GL9,,3,46.0,2.8618
47,Chr08_35572,SRR11749596,1,stem,GL9,,2,32.0,1.9675
47,Chr08_35572,SRR11749597,1,stem,GL9,,1,10.0,0.7361
47,Chr08_35572,SRR11749598,1,callus,DH201-2,,3,15.0,1.1911
47,Chr08_35572,SRR11749599,1,callus,DH201-2,,2,28.0,2.1046
47,Chr08_35572,SRR11749600,1,callus,DH201-2,,1,40.0,3.102
47,Chr08_35572,SRR11749601,1,stem,DH201-2,,3,64.0,4.2298
47,Chr08_35572,SRR11749602,1,callus,GL9,,3,39.0,2.6911
47,Chr08_35572,SRR11749603,1,callus,GL9,,2,45.0,3.6188
47,Chr08_35572,SRR11749604,1,stem,DH201-2,,2,150.0,10.1457
47,Chr08_35572,SRR11749605,1,stem,DH201-2,,1,144.0,8.8917
47,Chr08_35572,SRR14138146,3,stem,,unbent_control,2,2.0,0.4438
47,Chr08_35572,SRR5433935,4,leaves,,,1,262.0,18.1934
47,Chr08_35572,SRR5433936,4,stem,,,1,671.0,29.7638
48,Chr08_35612,SRR11749594,1,callus,GL9,,1,245.0,18.0436
48,Chr08_35612,SRR11749595,1,stem,GL9,,3,9.0,0.5599
48,Chr08_35612,SRR11749596,1,stem,GL9,,2,4.0,0.2459
48,Chr08_35612,SRR11749597,1,stem,GL9,,1,2.0,0.1472
48,Chr08_35612,SRR11749598,1,callus,DH201-2,,3,3.0,0.2382
48,Chr08_35612,SRR11749599,1,callus,DH201-2,,2,6.0,0.451
48,Chr08_35612,SRR11749600,1,callus,DH201-2,,1,12.0,0.9306
48,Chr08_35612,SRR11749602,1,callus,GL9,,3,186.0,12.8345
48,Chr08_35612,SRR11749603,1,callus,GL9,,2,300.0,24.1256
48,Chr08_35612,SRR11749604,1,stem,DH201-2,,2,7.0,0.4735
48,Chr08_35612,SRR11749605,1,stem,DH201-2,,1,2.0,0.1235
48,Chr08_35612,SRR5433936,4,stem,,,1,4.0,0.1774
49,Chr09_36711,SRR11749594,1,callus,GL9,,1,29.0,2.1358
49,Chr09_36711,SRR11749595,1,stem,GL9,,3,637.0,39.63
49,Chr09_36711,SRR11749596,1,stem,GL9,,2,563.0,34.6153
49,Chr09_36711,SRR11749597,1,stem,GL9,,1,263.0,19.3592
49,Chr09_36711,SRR11749598,1,callus,DH201-2,,3,21.0,1.6675
49,Chr09_36711,SRR11749599,1,callus,DH201-2,,2,22.0,1.6536
49,Chr09_36711,SRR11749600,1,callus,DH201-2,,1,7.0,0.5428
49,Chr09_36711,SRR11749601,1,stem,DH201-2,,3,28.0,1.8506
49,Chr09_36711,SRR11749602,1,callus,GL9,,3,26.0,1.7941
49,Chr09_36711,SRR11749603,1,callus,GL9,,2,18.0,1.4475
49,Chr09_36711,SRR11749604,1,stem,DH201-2,,2,27.0,1.8262
49,Chr09_36711,SRR11749605,1,stem,DH201-2,,1,32.0,1.9759
50,Chr09_36714,SRR11749594,1,callus,GL9,,1,3562.0,262.3313
50,Chr09_36714,SRR11749595,1,stem,GL9,,3,679.0,42.243
50,Chr09_36714,SRR11749596,1,stem,GL9,,2,1124.0,69.1075
50,Chr09_36714,SRR11749597,1,stem,GL9,,1,497.0,36.5837
50,Chr09_36714,SRR11749598,1,callus,DH201-2,,3,3292.0,261.4044
50,Chr09_36714,SRR11749599,1,callus,DH201-2,,2,2764.0,207.7551
50,Chr09_36714,SRR11749600,1,callus,DH201-2,,1,4235.0,328.4193
50,Chr09_36714,SRR11749601,1,stem,DH201-2,,3,252.0,16.655
50,Chr09_36714,SRR11749602,1,callus,GL9,,3,3434.0,236.9545
50,Chr09_36714,SRR11749603,1,callus,GL9,,2,3962.0,318.6192
50,Chr09_36714,SRR11749604,1,stem,DH201-2,,2,218.0,14.7451
50,Chr09_36714,SRR11749605,1,stem,DH201-2,,1,290.0,17.907
50,Chr09_36714,SRR14138144,3,stem,,tension_wood,2,3.0,0.5507
50,Chr09_36714,SRR14138146,3,stem,,unbent_control,2,3.0,0.6656
50,Chr09_36714,SRR5433935,4,leaves,,,1,25.0,1.736
50,Chr09_36714,SRR5433936,4,stem,,,1,73.0,3.2381
51,Chr09_36718,SRR11749594,1,callus,GL9,,1,1248.0,91.9117
51,Chr09_36718,SRR11749595,1,stem,GL9,,3,477.0,29.6758
51,Chr09_36718,SRR11749596,1,stem,GL9,,2,653.0,40.1488
51,Chr09_36718,SRR11749597,1,stem,GL9,,1,355.0,26.1312
51,Chr09_36718,SRR11749598,1,callus,DH201-2,,3,2004.0,159.1295
51,Chr09_36718,SRR11749599,1,callus,DH201-2,,2,2469.0,185.5815
51,Chr09_36718,SRR11749600,1,callus,DH201-2,,1,2410.0,186.8927
51,Chr09_36718,SRR11749601,1,stem,DH201-2,,3,34.0,2.2471
51,Chr09_36718,SRR11749602,1,callus,GL9,,3,1752.0,120.8924
51,Chr09_36718,SRR11749603,1,callus,GL9,,2,2023.0,162.6872
51,Chr09_36718,SRR11749604,1,stem,DH201-2,,2,139.0,9.4017
51,Chr09_36718,SRR11749605,1,stem,DH201-2,,1,199.0,12.2879
51,Chr09_36718,SRR14138141,3,stem,,tension_wood,1,220.0,44.4321
51,Chr09_36718,SRR14138142,3,stem,,opposite_wood,1,276.0,58.7197
51,Chr09_36718,SRR14138143,3,stem,,unbent_control,1,183.0,32.5636
51,Chr09_36718,SRR14138144,3,stem,,tension_wood,2,339.0,62.234
51,Chr09_36718,SRR14138145,3,stem,,opposite_wood,2,121.0,32.6138
51,Chr09_36718,SRR14138146,3,stem,,unbent_control,2,634.0,140.6727
51,Chr09_36718,SRR5433935,4,leaves,,,1,11.0,0.7638
51,Chr09_36718,SRR5433936,4,stem,,,1,50.0,2.2179
52,Chr09_37979,SRR11749594,1,callus,GL9,,1,145.0,10.6788
52,Chr09_37979,SRR11749595,1,stem,GL9,,3,69.0,4.2927
52,Chr09_37979,SRR11749596,1,stem,GL9,,2,66.0,4.0579
52,Chr09_37979,SRR11749597,1,stem,GL9,,1,65.0,4.7846
52,Chr09_37979,SRR11749598,1,callus,DH201-2,,3,110.0,8.7347
52,Chr09_37979,SRR11749599,1,callus,DH201-2,,2,113.0,8.4936
52,Chr09_37979,SRR11749600,1,callus,DH201-2,,1,131.0,10.1589
52,Chr09_37979,SRR11749601,1,stem,DH201-2,,3,42.0,2.7758
52,Chr09_37979,SRR11749602,1,callus,GL9,,3,112.0,7.7283
52,Chr09_37979,SRR11749603,1,callus,GL9,,2,89.0,7.1573
52,Chr09_37979,SRR11749604,1,stem,DH201-2,,2,52.0,3.5172
52,Chr09_37979,SRR11749605,1,stem,DH201-2,,1,32.0,1.9759
52,Chr09_37979,SRR14138144,3,stem,,tension_wood,2,1.0,0.1836
56,Chr10_40549,SRR11749594,1,callus,GL9,,1,67.0,4.9344
56,Chr10_40549,SRR11749595,1,stem,GL9,,3,26.0,1.6176
56,Chr10_40549,SRR11749596,1,stem,GL9,,2,40.0,2.4593
56,Chr10_40549,SRR11749597,1,stem,GL9,,1,56.0,4.1221
56,Chr10_40549,SRR11749598,1,callus,DH201-2,,3,10.0,0.7941
56,Chr10_40549,SRR11749599,1,callus,DH201-2,,2,6.0,0.451
56,Chr10_40549,SRR11749600,1,callus,DH201-2,,1,7.0,0.5428
56,Chr10_40549,SRR11749601,1,stem,DH201-2,,3,12.0,0.7931
56,Chr10_40549,SRR11749602,1,callus,GL9,,3,74.0,5.1062
56,Chr10_40549,SRR11749603,1,callus,GL9,,2,41.0,3.2972
56,Chr10_40549,SRR11749604,1,stem,DH201-2,,2,25.0,1.691
56,Chr10_40549,SRR11749605,1,stem,DH201-2,,1,12.0,0.741
56,Chr10_40549,SRR14138141,3,stem,,tension_wood,1,1.0,0.202
56,Chr10_40549,SRR14138143,3,stem,,unbent_control,1,2.0,0.3559
56,Chr10_40549,SRR14138146,3,stem,,unbent_control,2,1.0,0.2219
56,Chr10_40549,SRR5433935,4,leaves,,,1,17.0,1.1805
56,Chr10_40549,SRR5433936,4,stem,,,1,14.0,0.621
53,Chr10_41135,SRR11749594,1,callus,GL9,,1,47.0,3.4614
53,Chr10_41135,SRR11749595,1,stem,GL9,,3,2.0,0.1244
53,Chr10_41135,SRR11749596,1,stem,GL9,,2,9.0,0.5534
53,Chr10_41135,SRR11749597,1,stem,GL9,,1,9.0,0.6625
53,Chr10_41135,SRR11749598,1,callus,DH201-2,,3,205.0,16.2782
53,Chr10_41135,SRR11749599,1,callus,DH201-2,,2,237.0,17.814
53,Chr10_41135,SRR11749600,1,callus,DH201-2,,1,259.0,20.0851
53,Chr10_41135,SRR11749601,1,stem,DH201-2,,3,9.0,0.5948
53,Chr10_41135,SRR11749602,1,callus,GL9,,3,79.0,5.4512
53,Chr10_41135,SRR11749603,1,callus,GL9,,2,15.0,1.2063
53,Chr10_41135,SRR11749604,1,stem,DH201-2,,2,16.0,1.0822
53,Chr10_41135,SRR11749605,1,stem,DH201-2,,1,14.0,0.8645
53,Chr10_41135,SRR14138141,3,stem,,tension_wood,1,2.0,0.4039
53,Chr10_41135,SRR14138142,3,stem,,opposite_wood,1,1.0,0.2128
53,Chr10_41135,SRR14138143,3,stem,,unbent_control,1,3.0,0.5338
53,Chr10_41135,SRR14138144,3,stem,,tension_wood,2,4.0,0.7343
53,Chr10_41135,SRR14138145,3,stem,,opposite_wood,2,2.0,0.5391
53,Chr10_41135,SRR14138146,3,stem,,unbent_control,2,1.0,0.2219
53,Chr10_41135,SRR5433935,4,leaves,,,1,1.0,0.0694
53,Chr10_41135,SRR5433936,4,stem,,,1,967.0,42.8935
54,Chr10_41201,SRR11749594,1,callus,GL9,,1,2.0,0.1473
54,Chr10_41201,SRR11749595,1,stem,GL9,,3,4.0,0.2489
54,Chr10_41201,SRR11749596,1,stem,GL9,,2,7.0,0.4304
54,Chr10_41201,SRR11749597,1,stem,GL9,,1,6.0,0.4417
54,Chr10_41201,SRR11749598,1,callus,DH201-2,,3,7.0,0.5558
54,Chr10_41201,SRR11749599,1,callus,DH201-2,,2,24.0,1.804
54,Chr10_41201,SRR11749600,1,callus,DH201-2,,1,17.0,1.3183
54,Chr10_41201,SRR11749601,1,stem,DH201-2,,3,5.0,0.3305
54,Chr10_41201,SRR11749602,1,callus,GL9,,3,10.0,0.69
54,Chr10_41201,SRR11749603,1,callus,GL9,,2,1.0,0.0804
54,Chr10_41201,SRR11749604,1,stem,DH201-2,,2,9.0,0.6087
54,Chr10_41201,SRR11749605,1,stem,DH201-2,,1,7.0,0.4322
54,Chr10_41201,SRR14138142,3,stem,,opposite_wood,1,1.0,0.2128
54,Chr10_41201,SRR14138144,3,stem,,tension_wood,2,5.0,0.9179
54,Chr10_41201,SRR14138145,3,stem,,opposite_wood,2,1.0,0.2695
54,Chr10_41201,SRR14138146,3,stem,,unbent_control,2,18.0,3.9939
54,Chr10_41201,SRR5433935,4,leaves,,,1,1.0,0.0694
54,Chr10_41201,SRR5433936,4,stem,,,1,100.0,4.4357
55,Chr10_41575,SRR11749594,1,callus,GL9,,1,308.0,22.6833
55,Chr10_41575,SRR11749595,1,stem,GL9,,3,39968.0,2486.5485
55,Chr10_41575,SRR11749596,1,stem,GL9,,2,33983.0,2089.3966
55,Chr10_41575,SRR11749597,1,stem,GL9,,1,59009.0,4343.6006
55,Chr10_41575,SRR11749598,1,callus,DH201-2,,3,8603.0,683.1293
55,Chr10_41575,SRR11749599,1,callus,DH201-2,,2,10707.0,804.7879
55,Chr10_41575,SRR11749600,1,callus,DH201-2,,1,5174.0,401.2377
55,Chr10_41575,SRR11749601,1,stem,DH201-2,,3,41241.0,2725.6665
55,Chr10_41575,SRR11749602,1,callus,GL9,,3,7442.0,513.5165
55,Chr10_41575,SRR11749603,1,callus,GL9,,2,211.0,16.9684
55,Chr10_41575,SRR11749604,1,stem,DH201-2,,2,50068.0,3386.5087
55,Chr10_41575,SRR11749605,1,stem,DH201-2,,1,42913.0,2649.801
55,Chr10_41575,SRR14138141,3,stem,,tension_wood,1,211.0,42.6145
55,Chr10_41575,SRR14138142,3,stem,,opposite_wood,1,170.0,36.168
55,Chr10_41575,SRR14138143,3,stem,,unbent_control,1,223.0,39.6813
55,Chr10_41575,SRR14138144,3,stem,,tension_wood,2,225.0,41.3057
55,Chr10_41575,SRR14138145,3,stem,,opposite_wood,2,174.0,46.8991
55,Chr10_41575,SRR14138146,3,stem,,unbent_control,2,216.0,47.9263
55,Chr10_41575,SRR5433935,4,leaves,,,1,1078.0,74.8567
55,Chr10_41575,SRR5433936,4,stem,,,1,960.0,42.583
57,Chr11_41982,SRR11749594,1,callus,GL9,,1,37911.0,2792.0385
57,Chr11_41982,SRR11749595,1,stem,GL9,,3,13846.0,861.4079
57,Chr11_41982,SRR11749596,1,stem,GL9,,2,13449.0,826.8927
57,Chr11_41982,SRR11749597,1,stem,GL9,,1,6391.0,470.4359
57,Chr11_41982,SRR11749598,1,callus,DH201-2,,3,24747.0,1965.0588
57,Chr11_41982,SRR11749599,1,callus,DH201-2,,2,41957.0,3153.6833
57,Chr11_41982,SRR11749600,1,callus,DH201-2,,1,6855.0,531.5973
57,Chr11_41982,SRR11749601,1,stem,DH201-2,,3,2618.0,173.0267
57,Chr11_41982,SRR11749602,1,callus,GL9,,3,35652.0,2460.0765
57,Chr11_41982,SRR11749603,1,callus,GL9,,2,29875.0,2402.5107
57,Chr11_41982,SRR11749604,1,stem,DH201-2,,2,2555.0,172.8156
57,Chr11_41982,SRR11749605,1,stem,DH201-2,,1,1856.0,114.6047
57,Chr11_41982,SRR14138141,3,stem,,tension_wood,1,1172.0,236.7021
57,Chr11_41982,SRR14138142,3,stem,,opposite_wood,1,1713.0,364.4454
57,Chr11_41982,SRR14138143,3,stem,,unbent_control,1,970.0,172.6047
57,Chr11_41982,SRR14138144,3,stem,,tension_wood,2,2728.0,500.809
57,Chr11_41982,SRR14138145,3,stem,,opposite_wood,2,391.0,105.3883
57,Chr11_41982,SRR14138146,3,stem,,unbent_control,2,1766.0,391.8421
57,Chr11_41982,SRR5433935,4,leaves,,,1,1222.0,84.8561
57,Chr11_41982,SRR5433936,4,stem,,,1,1293.0,57.354
58,Chr11_42092,SRR11749594,1,callus,GL9,,1,475.0,34.9824
58,Chr11_42092,SRR11749595,1,stem,GL9,,3,675.0,41.9941
58,Chr11_42092,SRR11749596,1,stem,GL9,,2,526.0,32.3404
58,Chr11_42092,SRR11749597,1,stem,GL9,,1,286.0,21.0522
58,Chr11_42092,SRR11749598,1,callus,DH201-2,,3,113.0,8.9729
58,Chr11_42092,SRR11749599,1,callus,DH201-2,,2,312.0,23.4514
58,Chr11_42092,SRR11749600,1,callus,DH201-2,,1,189.0,14.6567
58,Chr11_42092,SRR11749601,1,stem,DH201-2,,3,276.0,18.2412
58,Chr11_42092,SRR11749602,1,callus,GL9,,3,505.0,34.8463
58,Chr11_42092,SRR11749603,1,callus,GL9,,2,306.0,24.6081
58,Chr11_42092,SRR11749604,1,stem,DH201-2,,2,271.0,18.3299
58,Chr11_42092,SRR11749605,1,stem,DH201-2,,1,328.0,20.2534
58,Chr11_42092,SRR14138141,3,stem,,tension_wood,1,2.0,0.4039
58,Chr11_42092,SRR14138143,3,stem,,unbent_control,1,2.0,0.3559
58,Chr11_42092,SRR14138144,3,stem,,tension_wood,2,1.0,0.1836
58,Chr11_42092,SRR14138146,3,stem,,unbent_control,2,2.0,0.4438
58,Chr11_42092,SRR5433935,4,leaves,,,1,2198.0,152.6298
58,Chr11_42092,SRR5433936,4,stem,,,1,6.0,0.2661
60,Chr11_43106,SRR11749594,1,callus,GL9,,1,1237.0,91.1016
60,Chr11_43106,SRR11749595,1,stem,GL9,,3,18698.0,1163.2677
60,Chr11_43106,SRR11749596,1,stem,GL9,,2,29373.0,1805.9573
60,Chr11_43106,SRR11749597,1,stem,GL9,,1,17009.0,1252.0175
60,Chr11_43106,SRR11749598,1,callus,DH201-2,,3,377.0,29.936
60,Chr11_43106,SRR11749599,1,callus,DH201-2,,2,192.0,14.4316
60,Chr11_43106,SRR11749600,1,callus,DH201-2,,1,307.0,23.8075
60,Chr11_43106,SRR11749601,1,stem,DH201-2,,3,28566.0,1887.9608
60,Chr11_43106,SRR11749602,1,callus,GL9,,3,1161.0,80.1119
60,Chr11_43106,SRR11749603,1,callus,GL9,,2,964.0,77.5237
60,Chr11_43106,SRR11749604,1,stem,DH201-2,,2,23734.0,1605.3247
60,Chr11_43106,SRR11749605,1,stem,DH201-2,,1,28120.0,1736.3597
60,Chr11_43106,SRR14138141,3,stem,,tension_wood,1,1.0,0.202
60,Chr11_43106,SRR14138144,3,stem,,tension_wood,2,1.0,0.1836
60,Chr11_43106,SRR14138146,3,stem,,unbent_control,2,1.0,0.2219
60,Chr11_43106,SRR5433935,4,leaves,,,1,33.0,2.2915
60,Chr11_43106,SRR5433936,4,stem,,,1,4.0,0.1774
59,Chr11_44314,SRR11749594,1,callus,GL9,,1,2223.0,163.7177
59,Chr11_44314,SRR11749595,1,stem,GL9,,3,790.0,49.1487
59,Chr11_44314,SRR11749596,1,stem,GL9,,2,891.0,54.7819
59,Chr11_44314,SRR11749597,1,stem,GL9,,1,976.0,71.8425
59,Chr11_44314,SRR11749598,1,callus,DH201-2,,3,3590.0,285.0673
59,Chr11_44314,SRR11749599,1,callus,DH201-2,,2,4077.0,306.4463
59,Chr11_44314,SRR11749600,1,callus,DH201-2,,1,5019.0,389.2176
59,Chr11_44314,SRR11749601,1,stem,DH201-2,,3,2273.0,150.2253
59,Chr11_44314,SRR11749602,1,callus,GL9,,3,2239.0,154.4966
59,Chr11_44314,SRR11749603,1,callus,GL9,,2,2814.0,226.2984
59,Chr11_44314,SRR11749604,1,stem,DH201-2,,2,1816.0,122.8309
59,Chr11_44314,SRR11749605,1,stem,DH201-2,,1,1911.0,118.0008
59,Chr11_44314,SRR14138141,3,stem,,tension_wood,1,341.0,68.8698
59,Chr11_44314,SRR14138142,3,stem,,opposite_wood,1,246.0,52.3372
59,Chr11_44314,SRR14138143,3,stem,,unbent_control,1,374.0,66.5507
59,Chr11_44314,SRR14138144,3,stem,,tension_wood,2,512.0,93.9935
59,Chr11_44314,SRR14138145,3,stem,,opposite_wood,2,166.0,44.7428
59,Chr11_44314,SRR14138146,3,stem,,unbent_control,2,357.0,79.2116
59,Chr11_44314,SRR5433935,4,leaves,,,1,223.0,15.4852
59,Chr11_44314,SRR5433936,4,stem,,,1,2720.0,120.6519
69,Egr-miR156a,SRR11749594,1,callus,GL9,,1,5869.0,432.2353
69,Egr-miR156a,SRR11749595,1,stem,GL9,,3,24164.0,1503.3266
69,Egr-miR156a,SRR11749596,1,stem,GL9,,2,22222.0,1366.2882
69,Egr-miR156a,SRR11749597,1,stem,GL9,,1,13616.0,1002.2618
69,Egr-miR156a,SRR11749598,1,callus,DH201-2,,3,5558.0,441.3382
69,Egr-miR156a,SRR11749599,1,callus,DH201-2,,2,8522.0,640.5532
69,Egr-miR156a,SRR11749600,1,callus,DH201-2,,1,9135.0,708.4086
69,Egr-miR156a,SRR11749601,1,stem,DH201-2,,3,8282.0,547.3672
69,Egr-miR156a,SRR11749602,1,callus,GL9,,3,5508.0,380.0657
69,Egr-miR156a,SRR11749603,1,callus,GL9,,2,5674.0,456.2961
69,Egr-miR156a,SRR11749604,1,stem,DH201-2,,2,16487.0,1115.1508
69,Egr-miR156a,SRR11749605,1,stem,DH201-2,,1,12546.0,774.6931
69,Egr-miR156a,SRR14138141,3,stem,,tension_wood,1,64.0,12.9257
69,Egr-miR156a,SRR14138142,3,stem,,opposite_wood,1,138.0,29.3599
69,Egr-miR156a,SRR14138143,3,stem,,unbent_control,1,192.0,34.165
69,Egr-miR156a,SRR14138144,3,stem,,tension_wood,2,372.0,68.2921
69,Egr-miR156a,SRR14138145,3,stem,,opposite_wood,2,209.0,56.3329
69,Egr-miR156a,SRR14138146,3,stem,,unbent_control,2,1431.0,317.5119
69,Egr-miR156a,SRR5433935,4,leaves,,,1,40234.0,2793.8621
69,Egr-miR156a,SRR5433936,4,stem,,,1,7075.0,313.828
70,Egr-miR156b,SRR11749594,1,callus,GL9,,1,5869.0,432.2353
70,Egr-miR156b,SRR11749595,1,stem,GL9,,3,24164.0,1503.3266
70,Egr-miR156b,SRR11749596,1,stem,GL9,,2,22222.0,1366.2882
70,Egr-miR156b,SRR11749597,1,stem,GL9,,1,13616.0,1002.2618
70,Egr-miR156b,SRR11749598,1,callus,DH201-2,,3,5558.0,441.3382
70,Egr-miR156b,SRR11749599,1,callus,DH201-2,,2,8522.0,640.5532
70,Egr-miR156b,SRR11749600,1,callus,DH201-2,,1,9135.0,708.4086
70,Egr-miR156b,SRR11749601,1,stem,DH201-2,,3,8282.0,547.3672
70,Egr-miR156b,SRR11749602,1,callus,GL9,,3,5508.0,380.0657
70,Egr-miR156b,SRR11749603,1,callus,GL9,,2,5674.0,456.2961
70,Egr-miR156b,SRR11749604,1,stem,DH201-2,,2,16487.0,1115.1508
70,Egr-miR156b,SRR11749605,1,stem,DH201-2,,1,12546.0,774.6931
70,Egr-miR156b,SRR14138141,3,stem,,tension_wood,1,64.0,12.9257
70,Egr-miR156b,SRR14138142,3,stem,,opposite_wood,1,138.0,29.3599
70,Egr-miR156b,SRR14138143,3,stem,,unbent_control,1,192.0,34.165
70,Egr-miR156b,SRR14138144,3,stem,,tension_wood,2,372.0,68.2921
70,Egr-miR156b,SRR14138145,3,stem,,opposite_wood,2,209.0,56.3329
70,Egr-miR156b,SRR14138146,3,stem,,unbent_control,2,1431.0,317.5119
70,Egr-miR156b,SRR5433935,4,leaves,,,1,40234.0,2793.8621
70,Egr-miR156b,SRR5433936,4,stem,,,1,7075.0,313.828
71,Egr-miR156d,SRR11749594,1,callus,GL9,,1,3553.0,261.6685
71,Egr-miR156d,SRR11749595,1,stem,GL9,,3,13860.0,862.2789
71,Egr-miR156d,SRR11749596,1,stem,GL9,,2,13743.0,844.9689
71,Egr-miR156d,SRR11749597,1,stem,GL9,,1,7983.0,587.6216
71,Egr-miR156d,SRR11749598,1,callus,DH201-2,,3,3162.0,251.0816
71,Egr-miR156d,SRR11749599,1,callus,DH201-2,,2,5521.0,414.984
71,Egr-miR156d,SRR11749600,1,callus,DH201-2,,1,5574.0,432.2572
71,Egr-miR156d,SRR11749601,1,stem,DH201-2,,3,4388.0,290.0081
71,Egr-miR156d,SRR11749602,1,callus,GL9,,3,3495.0,241.1637
71,Egr-miR156d,SRR11749603,1,callus,GL9,,2,2997.0,241.0151
71,Egr-miR156d,SRR11749604,1,stem,DH201-2,,2,7793.0,527.1044
71,Egr-miR156d,SRR11749605,1,stem,DH201-2,,1,6034.0,372.5887
71,Egr-miR156d,SRR14138141,3,stem,,tension_wood,1,22.0,4.4432
71,Egr-miR156d,SRR14138142,3,stem,,opposite_wood,1,30.0,6.3826
71,Egr-miR156d,SRR14138143,3,stem,,unbent_control,1,47.0,8.3633
71,Egr-miR156d,SRR14138144,3,stem,,tension_wood,2,63.0,11.5656
71,Egr-miR156d,SRR14138145,3,stem,,opposite_wood,2,57.0,15.3635
71,Egr-miR156d,SRR14138146,3,stem,,unbent_control,2,276.0,61.2392
71,Egr-miR156d,SRR5433935,4,leaves,,,1,16842.0,1169.514
71,Egr-miR156d,SRR5433936,4,stem,,,1,4215.0,186.9661
72,Egr-miR156e,SRR11749594,1,callus,GL9,,1,3553.0,261.6685
72,Egr-miR156e,SRR11749595,1,stem,GL9,,3,13860.0,862.2789
72,Egr-miR156e,SRR11749596,1,stem,GL9,,2,13743.0,844.9689
72,Egr-miR156e,SRR11749597,1,stem,GL9,,1,7983.0,587.6216
72,Egr-miR156e,SRR11749598,1,callus,DH201-2,,3,3162.0,251.0816
72,Egr-miR156e,SRR11749599,1,callus,DH201-2,,2,5521.0,414.984
72,Egr-miR156e,SRR11749600,1,callus,DH201-2,,1,5574.0,432.2572
72,Egr-miR156e,SRR11749601,1,stem,DH201-2,,3,4388.0,290.0081
72,Egr-miR156e,SRR11749602,1,callus,GL9,,3,3495.0,241.1637
72,Egr-miR156e,SRR11749603,1,callus,GL9,,2,2997.0,241.0151
72,Egr-miR156e,SRR11749604,1,stem,DH201-2,,2,7793.0,527.1044
72,Egr-miR156e,SRR11749605,1,stem,DH201-2,,1,6034.0,372.5887
72,Egr-miR156e,SRR14138141,3,stem,,tension_wood,1,22.0,4.4432
72,Egr-miR156e,SRR14138142,3,stem,,opposite_wood,1,30.0,6.3826
72,Egr-miR156e,SRR14138143,3,stem,,unbent_control,1,47.0,8.3633
72,Egr-miR156e,SRR14138144,3,stem,,tension_wood,2,63.0,11.5656
72,Egr-miR156e,SRR14138145,3,stem,,opposite_wood,2,57.0,15.3635
72,Egr-miR156e,SRR14138146,3,stem,,unbent_control,2,276.0,61.2392
72,Egr-miR156e,SRR5433935,4,leaves,,,1,16842.0,1169.514
72,Egr-miR156e,SRR5433936,4,stem,,,1,4215.0,186.9661
73,Egr-miR156f,SRR11749594,1,callus,GL9,,1,3553.0,261.6685
73,Egr-miR156f,SRR11749595,1,stem,GL9,,3,13860.0,862.2789
73,Egr-miR156f,SRR11749596,1,stem,GL9,,2,13743.0,844.9689
73,Egr-miR156f,SRR11749597,1,stem,GL9,,1,7983.0,587.6216
73,Egr-miR156f,SRR11749598,1,callus,DH201-2,,3,3162.0,251.0816
73,Egr-miR156f,SRR11749599,1,callus,DH201-2,,2,5521.0,414.984
73,Egr-miR156f,SRR11749600,1,callus,DH201-2,,1,5574.0,432.2572
73,Egr-miR156f,SRR11749601,1,stem,DH201-2,,3,4388.0,290.0081
73,Egr-miR156f,SRR11749602,1,callus,GL9,,3,3495.0,241.1637
73,Egr-miR156f,SRR11749603,1,callus,GL9,,2,2997.0,241.0151
73,Egr-miR156f,SRR11749604,1,stem,DH201-2,,2,7793.0,527.1044
73,Egr-miR156f,SRR11749605,1,stem,DH201-2,,1,6034.0,372.5887
73,Egr-miR156f,SRR14138141,3,stem,,tension_wood,1,22.0,4.4432
73,Egr-miR156f,SRR14138142,3,stem,,opposite_wood,1,30.0,6.3826
73,Egr-miR156f,SRR14138143,3,stem,,unbent_control,1,47.0,8.3633
73,Egr-miR156f,SRR14138144,3,stem,,tension_wood,2,63.0,11.5656
73,Egr-miR156f,SRR14138145,3,stem,,opposite_wood,2,57.0,15.3635
73,Egr-miR156f,SRR14138146,3,stem,,unbent_control,2,276.0,61.2392
73,Egr-miR156f,SRR5433935,4,leaves,,,1,16842.0,1169.514
73,Egr-miR156f,SRR5433936,4,stem,,,1,4215.0,186.9661
74,Egr-miR156h,SRR11749594,1,callus,GL9,,1,3553.0,261.6685
74,Egr-miR156h,SRR11749595,1,stem,GL9,,3,13860.0,862.2789
74,Egr-miR156h,SRR11749596,1,stem,GL9,,2,13743.0,844.9689
74,Egr-miR156h,SRR11749597,1,stem,GL9,,1,7983.0,587.6216
74,Egr-miR156h,SRR11749598,1,callus,DH201-2,,3,3162.0,251.0816
74,Egr-miR156h,SRR11749599,1,callus,DH201-2,,2,5521.0,414.984
74,Egr-miR156h,SRR11749600,1,callus,DH201-2,,1,5574.0,432.2572
74,Egr-miR156h,SRR11749601,1,stem,DH201-2,,3,4388.0,290.0081
74,Egr-miR156h,SRR11749602,1,callus,GL9,,3,3495.0,241.1637
74,Egr-miR156h,SRR11749603,1,callus,GL9,,2,2997.0,241.0151
74,Egr-miR156h,SRR11749604,1,stem,DH201-2,,2,7793.0,527.1044
74,Egr-miR156h,SRR11749605,1,stem,DH201-2,,1,6034.0,372.5887
74,Egr-miR156h,SRR14138141,3,stem,,tension_wood,1,22.0,4.4432
74,Egr-miR156h,SRR14138142,3,stem,,opposite_wood,1,30.0,6.3826
74,Egr-miR156h,SRR14138143,3,stem,,unbent_control,1,47.0,8.3633
74,Egr-miR156h,SRR14138144,3,stem,,tension_wood,2,63.0,11.5656
74,Egr-miR156h,SRR14138145,3,stem,,opposite_wood,2,57.0,15.3635
74,Egr-miR156h,SRR14138146,3,stem,,unbent_control,2,276.0,61.2392
74,Egr-miR156h,SRR5433935,4,leaves,,,1,16842.0,1169.514
74,Egr-miR156h,SRR5433936,4,stem,,,1,4215.0,186.9661
75,Egr-miR156i,SRR11749594,1,callus,GL9,,1,3553.0,261.6685
75,Egr-miR156i,SRR11749595,1,stem,GL9,,3,13860.0,862.2789
75,Egr-miR156i,SRR11749596,1,stem,GL9,,2,13743.0,844.9689
75,Egr-miR156i,SRR11749597,1,stem,GL9,,1,7983.0,587.6216
75,Egr-miR156i,SRR11749598,1,callus,DH201-2,,3,3162.0,251.0816
75,Egr-miR156i,SRR11749599,1,callus,DH201-2,,2,5521.0,414.984
75,Egr-miR156i,SRR11749600,1,callus,DH201-2,,1,5574.0,432.2572
75,Egr-miR156i,SRR11749601,1,stem,DH201-2,,3,4388.0,290.0081
75,Egr-miR156i,SRR11749602,1,callus,GL9,,3,3495.0,241.1637
75,Egr-miR156i,SRR11749603,1,callus,GL9,,2,2997.0,241.0151
75,Egr-miR156i,SRR11749604,1,stem,DH201-2,,2,7793.0,527.1044
75,Egr-miR156i,SRR11749605,1,stem,DH201-2,,1,6034.0,372.5887
75,Egr-miR156i,SRR14138141,3,stem,,tension_wood,1,22.0,4.4432
75,Egr-miR156i,SRR14138142,3,stem,,opposite_wood,1,30.0,6.3826
75,Egr-miR156i,SRR14138143,3,stem,,unbent_control,1,47.0,8.3633
75,Egr-miR156i,SRR14138144,3,stem,,tension_wood,2,63.0,11.5656
75,Egr-miR156i,SRR14138145,3,stem,,opposite_wood,2,57.0,15.3635
75,Egr-miR156i,SRR14138146,3,stem,,unbent_control,2,276.0,61.2392
75,Egr-miR156i,SRR5433935,4,leaves,,,1,16842.0,1169.514
75,Egr-miR156i,SRR5433936,4,stem,,,1,4215.0,186.9661
76,Egr-miR156j,SRR11749594,1,callus,GL9,,1,3553.0,261.6685
76,Egr-miR156j,SRR11749595,1,stem,GL9,,3,13860.0,862.2789
76,Egr-miR156j,SRR11749596,1,stem,GL9,,2,13743.0,844.9689
76,Egr-miR156j,SRR11749597,1,stem,GL9,,1,7983.0,587.6216
76,Egr-miR156j,SRR11749598,1,callus,DH201-2,,3,3162.0,251.0816
76,Egr-miR156j,SRR11749599,1,callus,DH201-2,,2,5521.0,414.984
76,Egr-miR156j,SRR11749600,1,callus,DH201-2,,1,5574.0,432.2572
76,Egr-miR156j,SRR11749601,1,stem,DH201-2,,3,4388.0,290.0081
76,Egr-miR156j,SRR11749602,1,callus,GL9,,3,3495.0,241.1637
76,Egr-miR156j,SRR11749603,1,callus,GL9,,2,2997.0,241.0151
76,Egr-miR156j,SRR11749604,1,stem,DH201-2,,2,7793.0,527.1044
76,Egr-miR156j,SRR11749605,1,stem,DH201-2,,1,6034.0,372.5887
76,Egr-miR156j,SRR14138141,3,stem,,tension_wood,1,22.0,4.4432
76,Egr-miR156j,SRR14138142,3,stem,,opposite_wood,1,30.0,6.3826
76,Egr-miR156j,SRR14138143,3,stem,,unbent_control,1,47.0,8.3633
76,Egr-miR156j,SRR14138144,3,stem,,tension_wood,2,63.0,11.5656
76,Egr-miR156j,SRR14138145,3,stem,,opposite_wood,2,57.0,15.3635
76,Egr-miR156j,SRR14138146,3,stem,,unbent_control,2,276.0,61.2392
76,Egr-miR156j,SRR5433935,4,leaves,,,1,16842.0,1169.514
76,Egr-miR156j,SRR5433936,4,stem,,,1,4215.0,186.9661
77,Egr-miR156k,SRR11749594,1,callus,GL9,,1,16064.0,1183.0684
77,Egr-miR156k,SRR11749595,1,stem,GL9,,3,13374.0,832.0431
77,Egr-miR156k,SRR11749596,1,stem,GL9,,2,11783.0,724.4611
77,Egr-miR156k,SRR11749597,1,stem,GL9,,1,19118.0,1407.2592
77,Egr-miR156k,SRR11749598,1,callus,DH201-2,,3,8598.0,682.7323
77,Egr-miR156k,SRR11749599,1,callus,DH201-2,,2,8543.0,642.1316
77,Egr-miR156k,SRR11749600,1,callus,DH201-2,,1,9367.0,726.4
77,Egr-miR156k,SRR11749601,1,stem,DH201-2,,3,29747.0,1966.0145
77,Egr-miR156k,SRR11749602,1,callus,GL9,,3,10565.0,729.0112
77,Egr-miR156k,SRR11749603,1,callus,GL9,,2,15105.0,1214.7255
77,Egr-miR156k,SRR11749604,1,stem,DH201-2,,2,36179.0,2447.0819
77,Egr-miR156k,SRR11749605,1,stem,DH201-2,,1,20835.0,1286.524
77,Egr-miR156k,SRR14138141,3,stem,,tension_wood,1,5.0,1.0098
77,Egr-miR156k,SRR14138142,3,stem,,opposite_wood,1,11.0,2.3403
77,Egr-miR156k,SRR14138143,3,stem,,unbent_control,1,42.0,7.4736
77,Egr-miR156k,SRR14138144,3,stem,,tension_wood,2,116.0,21.2954
77,Egr-miR156k,SRR14138145,3,stem,,opposite_wood,2,5.0,1.3477
77,Egr-miR156k,SRR14138146,3,stem,,unbent_control,2,135.0,29.954
77,Egr-miR156k,SRR5433935,4,leaves,,,1,1005.0,69.7875
77,Egr-miR156k,SRR5433936,4,stem,,,1,583.0,25.8603
78,Egr-miR156l,SRR11749594,1,callus,GL9,,1,2869.0,211.2938
78,Egr-miR156l,SRR11749595,1,stem,GL9,,3,95104.0,5916.7511
78,Egr-miR156l,SRR11749596,1,stem,GL9,,2,124114.0,7630.9736
78,Egr-miR156l,SRR11749597,1,stem,GL9,,1,38018.0,2798.4716
78,Egr-miR156l,SRR11749598,1,callus,DH201-2,,3,1393.0,110.6125
78,Egr-miR156l,SRR11749599,1,callus,DH201-2,,2,2673.0,200.9151
78,Egr-miR156l,SRR11749600,1,callus,DH201-2,,1,1764.0,136.7961
78,Egr-miR156l,SRR11749601,1,stem,DH201-2,,3,64096.0,4236.1805
78,Egr-miR156l,SRR11749602,1,callus,GL9,,3,2506.0,172.9202
78,Egr-miR156l,SRR11749603,1,callus,GL9,,2,2923.0,235.0641
78,Egr-miR156l,SRR11749604,1,stem,DH201-2,,2,129824.0,8781.0598
78,Egr-miR156l,SRR11749605,1,stem,DH201-2,,1,125780.0,7766.6901
78,Egr-miR156l,SRR14138141,3,stem,,tension_wood,1,221.0,44.6341
78,Egr-miR156l,SRR14138142,3,stem,,opposite_wood,1,442.0,94.0367
78,Egr-miR156l,SRR14138143,3,stem,,unbent_control,1,645.0,114.7732
78,Egr-miR156l,SRR14138144,3,stem,,tension_wood,2,328.0,60.2146
78,Egr-miR156l,SRR14138145,3,stem,,opposite_wood,2,232.0,62.5322
78,Egr-miR156l,SRR14138146,3,stem,,unbent_control,2,1546.0,343.0283
78,Egr-miR156l,SRR5433935,4,leaves,,,1,27347.0,1898.9846
78,Egr-miR156l,SRR5433936,4,stem,,,1,5226.0,231.8113
79,Egr-miR156m,SRR11749594,1,callus,GL9,,1,2869.0,211.2938
79,Egr-miR156m,SRR11749595,1,stem,GL9,,3,95104.0,5916.7511
79,Egr-miR156m,SRR11749596,1,stem,GL9,,2,124114.0,7630.9736
79,Egr-miR156m,SRR11749597,1,stem,GL9,,1,38018.0,2798.4716
79,Egr-miR156m,SRR11749598,1,callus,DH201-2,,3,1393.0,110.6125
79,Egr-miR156m,SRR11749599,1,callus,DH201-2,,2,2673.0,200.9151
79,Egr-miR156m,SRR11749600,1,callus,DH201-2,,1,1764.0,136.7961
79,Egr-miR156m,SRR11749601,1,stem,DH201-2,,3,64096.0,4236.1805
79,Egr-miR156m,SRR11749602,1,callus,GL9,,3,2506.0,172.9202
79,Egr-miR156m,SRR11749603,1,callus,GL9,,2,2923.0,235.0641
79,Egr-miR156m,SRR11749604,1,stem,DH201-2,,2,129824.0,8781.0598
79,Egr-miR156m,SRR11749605,1,stem,DH201-2,,1,125780.0,7766.6901
79,Egr-miR156m,SRR14138141,3,stem,,tension_wood,1,221.0,44.6341
79,Egr-miR156m,SRR14138142,3,stem,,opposite_wood,1,442.0,94.0367
79,Egr-miR156m,SRR14138143,3,stem,,unbent_control,1,645.0,114.7732
79,Egr-miR156m,SRR14138144,3,stem,,tension_wood,2,328.0,60.2146
79,Egr-miR156m,SRR14138145,3,stem,,opposite_wood,2,232.0,62.5322
79,Egr-miR156m,SRR14138146,3,stem,,unbent_control,2,1546.0,343.0283
79,Egr-miR156m,SRR5433935,4,leaves,,,1,27347.0,1898.9846
79,Egr-miR156m,SRR5433936,4,stem,,,1,5226.0,231.8113
80,Egr-miR156n,SRR11749594,1,callus,GL9,,1,2917.0,214.8288
80,Egr-miR156n,SRR11749595,1,stem,GL9,,3,98072.0,6101.4008
80,Egr-miR156n,SRR11749596,1,stem,GL9,,2,127808.0,7858.0939
80,Egr-miR156n,SRR11749597,1,stem,GL9,,1,39469.0,2905.2784
80,Egr-miR156n,SRR11749598,1,callus,DH201-2,,3,1413.0,112.2006
80,Egr-miR156n,SRR11749599,1,callus,DH201-2,,2,2711.0,203.7714
80,Egr-miR156n,SRR11749600,1,callus,DH201-2,,1,1787.0,138.5798
80,Egr-miR156n,SRR11749601,1,stem,DH201-2,,3,64850.0,4286.0133
80,Egr-miR156n,SRR11749602,1,callus,GL9,,3,2562.0,176.7844
80,Egr-miR156n,SRR11749603,1,callus,GL9,,2,3002.0,241.4171
80,Egr-miR156n,SRR11749604,1,stem,DH201-2,,2,131854.0,8918.3653
80,Egr-miR156n,SRR11749605,1,stem,DH201-2,,1,127221.0,7855.6692
80,Egr-miR156n,SRR14138141,3,stem,,tension_wood,1,313.0,63.2148
80,Egr-miR156n,SRR14138142,3,stem,,opposite_wood,1,655.0,139.353
80,Egr-miR156n,SRR14138143,3,stem,,unbent_control,1,1593.0,283.4631
80,Egr-miR156n,SRR14138144,3,stem,,tension_wood,2,942.0,172.9333
80,Egr-miR156n,SRR14138145,3,stem,,opposite_wood,2,337.0,90.8334
80,Egr-miR156n,SRR14138146,3,stem,,unbent_control,2,3872.0,859.1239
80,Egr-miR156n,SRR5433935,4,leaves,,,1,25234.0,1752.2572
80,Egr-miR156n,SRR5433936,4,stem,,,1,7177.0,318.3524
81,Egr-miR156o,SRR11749594,1,callus,GL9,,1,3666.0,269.9906
81,Egr-miR156o,SRR11749595,1,stem,GL9,,3,13923.0,866.1983
81,Egr-miR156o,SRR11749596,1,stem,GL9,,2,13835.0,850.6254
81,Egr-miR156o,SRR11749597,1,stem,GL9,,1,8025.0,590.7132
81,Egr-miR156o,SRR11749598,1,callus,DH201-2,,3,3272.0,259.8162
81,Egr-miR156o,SRR11749599,1,callus,DH201-2,,2,5725.0,430.3176
81,Egr-miR156o,SRR11749600,1,callus,DH201-2,,1,5787.0,448.7751
81,Egr-miR156o,SRR11749601,1,stem,DH201-2,,3,4464.0,295.031
81,Egr-miR156o,SRR11749602,1,callus,GL9,,3,3609.0,249.03
81,Egr-miR156o,SRR11749603,1,callus,GL9,,2,3159.0,254.0429
81,Egr-miR156o,SRR11749604,1,stem,DH201-2,,2,7888.0,533.53
81,Egr-miR156o,SRR11749605,1,stem,DH201-2,,1,6096.0,376.4171
81,Egr-miR156o,SRR14138141,3,stem,,tension_wood,1,23.0,4.6452
81,Egr-miR156o,SRR14138142,3,stem,,opposite_wood,1,30.0,6.3826
81,Egr-miR156o,SRR14138143,3,stem,,unbent_control,1,50.0,8.8971
81,Egr-miR156o,SRR14138144,3,stem,,tension_wood,2,68.0,12.4835
81,Egr-miR156o,SRR14138145,3,stem,,opposite_wood,2,60.0,16.1721
81,Egr-miR156o,SRR14138146,3,stem,,unbent_control,2,285.0,63.2361
81,Egr-miR156o,SRR5433935,4,leaves,,,1,16851.0,1170.1389
81,Egr-miR156o,SRR5433936,4,stem,,,1,4254.0,188.696
82,Egr-miR164a,SRR11749594,1,callus,GL9,,1,6473.0,476.7182
82,Egr-miR164a,SRR11749595,1,stem,GL9,,3,12159.0,756.4537
82,Egr-miR164a,SRR11749596,1,stem,GL9,,2,15414.0,947.708
82,Egr-miR164a,SRR11749597,1,stem,GL9,,1,9315.0,685.669
82,Egr-miR164a,SRR11749598,1,callus,DH201-2,,3,735.0,58.3634
82,Egr-miR164a,SRR11749599,1,callus,DH201-2,,2,1257.0,94.482
82,Egr-miR164a,SRR11749600,1,callus,DH201-2,,1,1078.0,83.5976
82,Egr-miR164a,SRR11749601,1,stem,DH201-2,,3,3160.0,208.8481
82,Egr-miR164a,SRR11749602,1,callus,GL9,,3,6751.0,465.8358
82,Egr-miR164a,SRR11749603,1,callus,GL9,,2,4685.0,376.7619
82,Egr-miR164a,SRR11749604,1,stem,DH201-2,,2,10083.0,681.9958
82,Egr-miR164a,SRR11749605,1,stem,DH201-2,,1,6810.0,420.5053
82,Egr-miR164a,SRR14138141,3,stem,,tension_wood,1,9.0,1.8177
82,Egr-miR164a,SRR14138142,3,stem,,opposite_wood,1,27.0,5.7443
82,Egr-miR164a,SRR14138143,3,stem,,unbent_control,1,38.0,6.7618
82,Egr-miR164a,SRR14138144,3,stem,,tension_wood,2,52.0,9.5462
82,Egr-miR164a,SRR14138145,3,stem,,opposite_wood,2,17.0,4.5821
82,Egr-miR164a,SRR14138146,3,stem,,unbent_control,2,75.0,16.6411
82,Egr-miR164a,SRR5433935,4,leaves,,,1,14862.0,1032.0221
82,Egr-miR164a,SRR5433936,4,stem,,,1,2931.0,130.0113
83,Egr-miR165b,SRR11749594,1,callus,GL9,,1,32173.0,2369.451
83,Egr-miR165b,SRR11749595,1,stem,GL9,,3,596823.0,37130.4379
83,Egr-miR165b,SRR11749596,1,stem,GL9,,2,593938.0,36517.437
83,Egr-miR165b,SRR11749597,1,stem,GL9,,1,482146.0,35490.3431
83,Egr-miR165b,SRR11749598,1,callus,DH201-2,,3,43354.0,3442.5652
83,Egr-miR165b,SRR11749599,1,callus,DH201-2,,2,29966.0,2252.384
83,Egr-miR165b,SRR11749600,1,callus,DH201-2,,1,28196.0,2186.567
83,Egr-miR165b,SRR11749601,1,stem,DH201-2,,3,661080.0,43691.5601
83,Egr-miR165b,SRR11749602,1,callus,GL9,,3,39454.0,2722.424
83,Egr-miR165b,SRR11749603,1,callus,GL9,,2,9888.0,795.1808
83,Egr-miR165b,SRR11749604,1,stem,DH201-2,,2,783262.0,52978.4204
83,Egr-miR165b,SRR11749605,1,stem,DH201-2,,1,750829.0,46362.348
83,Egr-miR165b,SRR14138141,3,stem,,tension_wood,1,2187188.0,441733.7255
83,Egr-miR165b,SRR14138142,3,stem,,opposite_wood,1,2187239.0,465340.9904
83,Egr-miR165b,SRR14138143,3,stem,,unbent_control,1,2955420.0,525896.1251
83,Egr-miR165b,SRR14138144,3,stem,,tension_wood,2,3612868.0,663254.0178
83,Egr-miR165b,SRR14138145,3,stem,,opposite_wood,2,1902760.0,512860.7358
83,Egr-miR165b,SRR14138146,3,stem,,unbent_control,2,4300202.0,954133.8347
83,Egr-miR165b,SRR5433935,4,leaves,,,1,196219.0,13625.5114
83,Egr-miR165b,SRR5433936,4,stem,,,1,120487.0,5344.4791
84,Egr-miR165e,SRR11749594,1,callus,GL9,,1,31852.0,2345.8102
84,Egr-miR165e,SRR11749595,1,stem,GL9,,3,594575.0,36990.582
84,Egr-miR165e,SRR11749596,1,stem,GL9,,2,591072.0,36341.225
84,Egr-miR165e,SRR11749597,1,stem,GL9,,1,480123.0,35341.4319
84,Egr-miR165e,SRR11749598,1,callus,DH201-2,,3,43129.0,3424.6989
84,Egr-miR165e,SRR11749599,1,callus,DH201-2,,2,29741.0,2235.4719
84,Egr-miR165e,SRR11749600,1,callus,DH201-2,,1,28011.0,2172.2205
84,Egr-miR165e,SRR11749601,1,stem,DH201-2,,3,659469.0,43585.0872
84,Egr-miR165e,SRR11749602,1,callus,GL9,,3,39079.0,2696.5481
84,Egr-miR165e,SRR11749603,1,callus,GL9,,2,9584.0,770.7335
84,Egr-miR165e,SRR11749604,1,stem,DH201-2,,2,781179.0,52837.5301
84,Egr-miR165e,SRR11749605,1,stem,DH201-2,,1,748758.0,46234.4675
84,Egr-miR165e,SRR14138141,3,stem,,tension_wood,1,611053.0,123410.8445
84,Egr-miR165e,SRR14138142,3,stem,,opposite_wood,1,709847.0,151021.8618
84,Egr-miR165e,SRR14138143,3,stem,,unbent_control,1,830954.0,147862.3981
84,Egr-miR165e,SRR14138144,3,stem,,tension_wood,2,844086.0,154958.1747
84,Egr-miR165e,SRR14138145,3,stem,,opposite_wood,2,678312.0,182828.9387
84,Egr-miR165e,SRR14138146,3,stem,,unbent_control,2,938379.0,208208.6269
84,Egr-miR165e,SRR5433935,4,leaves,,,1,26109.0,1813.0175
84,Egr-miR165e,SRR5433936,4,stem,,,1,34118.0,1513.3827
85,Egr-miR165f,SRR11749594,1,callus,GL9,,1,32167.0,2369.0091
85,Egr-miR165f,SRR11749595,1,stem,GL9,,3,596794.0,37128.6337
85,Egr-miR165f,SRR11749596,1,stem,GL9,,2,593901.0,36515.1621
85,Egr-miR165f,SRR11749597,1,stem,GL9,,1,482112.0,35487.8404
85,Egr-miR165f,SRR11749598,1,callus,DH201-2,,3,43344.0,3441.7711
85,Egr-miR165f,SRR11749599,1,callus,DH201-2,,2,29957.0,2251.7075
85,Egr-miR165f,SRR11749600,1,callus,DH201-2,,1,28192.0,2186.2568
85,Egr-miR165f,SRR11749601,1,stem,DH201-2,,3,661052.0,43689.7096
85,Egr-miR165f,SRR11749602,1,callus,GL9,,3,39450.0,2722.148
85,Egr-miR165f,SRR11749603,1,callus,GL9,,2,9883.0,794.7787
85,Egr-miR165f,SRR11749604,1,stem,DH201-2,,2,783227.0,52976.0531
85,Egr-miR165f,SRR11749605,1,stem,DH201-2,,1,750798.0,46360.4338
85,Egr-miR165f,SRR14138141,3,stem,,tension_wood,1,2184557.0,441202.3576
85,Egr-miR165f,SRR14138142,3,stem,,opposite_wood,1,2184495.0,464757.1971
85,Egr-miR165f,SRR14138143,3,stem,,unbent_control,1,2952130.0,525310.6928
85,Egr-miR165f,SRR14138144,3,stem,,tension_wood,2,3609096.0,662561.5501
85,Egr-miR165f,SRR14138145,3,stem,,opposite_wood,2,1899281.0,511923.0229
85,Egr-miR165f,SRR14138146,3,stem,,unbent_control,2,4295405.0,953069.4708
85,Egr-miR165f,SRR5433935,4,leaves,,,1,29570.0,2053.3504
85,Egr-miR165f,SRR5433936,4,stem,,,1,120078.0,5326.3369
86,Egr-miR167a,SRR11749594,1,callus,GL9,,1,27936.0,2057.4078
86,Egr-miR167a,SRR11749595,1,stem,GL9,,3,16573.0,1031.0641
86,Egr-miR167a,SRR11749596,1,stem,GL9,,2,18834.0,1157.9818
86,Egr-miR167a,SRR11749597,1,stem,GL9,,1,11178.0,822.8028
86,Egr-miR167a,SRR11749598,1,callus,DH201-2,,3,37539.0,2980.8197
86,Egr-miR167a,SRR11749599,1,callus,DH201-2,,2,85675.0,6439.7316
86,Egr-miR167a,SRR11749600,1,callus,DH201-2,,1,31068.0,2409.2872
86,Egr-miR167a,SRR11749601,1,stem,DH201-2,,3,21136.0,1396.9033
86,Egr-miR167a,SRR11749602,1,callus,GL9,,3,22795.0,1572.9116
86,Egr-miR167a,SRR11749603,1,callus,GL9,,2,25522.0,2052.4478
86,Egr-miR167a,SRR11749604,1,stem,DH201-2,,2,19844.0,1342.2122
86,Egr-miR167a,SRR11749605,1,stem,DH201-2,,1,22547.0,1392.2369
86,Egr-miR167a,SRR14138141,3,stem,,tension_wood,1,98.0,19.7925
86,Egr-miR167a,SRR14138142,3,stem,,opposite_wood,1,219.0,46.5928
86,Egr-miR167a,SRR14138143,3,stem,,unbent_control,1,238.0,42.3504
86,Egr-miR167a,SRR14138144,3,stem,,tension_wood,2,281.0,51.5863
86,Egr-miR167a,SRR14138145,3,stem,,opposite_wood,2,75.0,20.2151
86,Egr-miR167a,SRR14138146,3,stem,,unbent_control,2,613.0,136.0132
86,Egr-miR167a,SRR5433935,4,leaves,,,1,32350.0,2246.3946
86,Egr-miR167a,SRR5433936,4,stem,,,1,923.0,40.9418
87,Egr-miR167b,SRR11749594,1,callus,GL9,,1,222.0,16.3497
87,Egr-miR167b,SRR11749595,1,stem,GL9,,3,2578.0,160.3864
87,Egr-miR167b,SRR11749596,1,stem,GL9,,2,2486.0,152.8482
87,Egr-miR167b,SRR11749597,1,stem,GL9,,1,1548.0,113.9469
87,Egr-miR167b,SRR11749598,1,callus,DH201-2,,3,379.0,30.0949
87,Egr-miR167b,SRR11749599,1,callus,DH201-2,,2,452.0,33.9744
87,Egr-miR167b,SRR11749600,1,callus,DH201-2,,1,594.0,46.064
87,Egr-miR167b,SRR11749601,1,stem,DH201-2,,3,1471.0,97.2201
87,Egr-miR167b,SRR11749602,1,callus,GL9,,3,242.0,16.6986
87,Egr-miR167b,SRR11749603,1,callus,GL9,,2,197.0,15.8425
87,Egr-miR167b,SRR11749604,1,stem,DH201-2,,2,1441.0,97.4666
87,Egr-miR167b,SRR11749605,1,stem,DH201-2,,1,1136.0,70.146
87,Egr-miR167b,SRR14138141,3,stem,,tension_wood,1,14.0,2.8275
87,Egr-miR167b,SRR14138142,3,stem,,opposite_wood,1,12.0,2.553
87,Egr-miR167b,SRR14138143,3,stem,,unbent_control,1,20.0,3.5589
87,Egr-miR167b,SRR14138144,3,stem,,tension_wood,2,70.0,12.8507
87,Egr-miR167b,SRR14138145,3,stem,,opposite_wood,2,34.0,9.1642
87,Egr-miR167b,SRR14138146,3,stem,,unbent_control,2,114.0,25.2945
87,Egr-miR167b,SRR5433935,4,leaves,,,1,19201.0,1333.3237
87,Egr-miR167b,SRR5433936,4,stem,,,1,179.0,7.94
88,Egr-miR167c,SRR11749594,1,callus,GL9,,1,23705.0,1745.8066
88,Egr-miR167c,SRR11749595,1,stem,GL9,,3,12895.0,802.2429
88,Egr-miR167c,SRR11749596,1,stem,GL9,,2,14817.0,911.0023
88,Egr-miR167c,SRR11749597,1,stem,GL9,,1,8701.0,640.473
88,Egr-miR167c,SRR11749598,1,callus,DH201-2,,3,35123.0,2788.9749
88,Egr-miR167c,SRR11749599,1,callus,DH201-2,,2,83053.0,6242.6498
88,Egr-miR167c,SRR11749600,1,callus,DH201-2,,1,27540.0,2135.695
88,Egr-miR167c,SRR11749601,1,stem,DH201-2,,3,19706.0,1302.3929
88,Egr-miR167c,SRR11749602,1,callus,GL9,,3,19040.0,1313.8073
88,Egr-miR167c,SRR11749603,1,callus,GL9,,2,21784.0,1751.8425
88,Egr-miR167c,SRR11749604,1,stem,DH201-2,,2,18548.0,1254.5531
88,Egr-miR167c,SRR11749605,1,stem,DH201-2,,1,21073.0,1301.2201
88,Egr-miR167c,SRR14138141,3,stem,,tension_wood,1,11.0,2.2216
88,Egr-miR167c,SRR14138142,3,stem,,opposite_wood,1,18.0,3.8295
88,Egr-miR167c,SRR14138143,3,stem,,unbent_control,1,20.0,3.5589
88,Egr-miR167c,SRR14138144,3,stem,,tension_wood,2,30.0,5.5074
88,Egr-miR167c,SRR14138145,3,stem,,opposite_wood,2,3.0,0.8086
88,Egr-miR167c,SRR14138146,3,stem,,unbent_control,2,59.0,13.091
88,Egr-miR167c,SRR5433935,4,leaves,,,1,30839.0,2141.4702
88,Egr-miR167c,SRR5433936,4,stem,,,1,328.0,14.5492
89,Egr-miR396a,SRR11749594,1,callus,GL9,,1,6277.0,462.2834
89,Egr-miR396a,SRR11749595,1,stem,GL9,,3,25003.0,1555.5237
89,Egr-miR396a,SRR11749596,1,stem,GL9,,2,30673.0,1885.886
89,Egr-miR396a,SRR11749597,1,stem,GL9,,1,18593.0,1368.6144
89,Egr-miR396a,SRR11749598,1,callus,DH201-2,,3,3306.0,262.516
89,Egr-miR396a,SRR11749599,1,callus,DH201-2,,2,3405.0,255.9356
89,Egr-miR396a,SRR11749600,1,callus,DH201-2,,1,4023.0,311.979
89,Egr-miR396a,SRR11749601,1,stem,DH201-2,,3,26111.0,1725.7069
89,Egr-miR396a,SRR11749602,1,callus,GL9,,3,5719.0,394.6252
89,Egr-miR396a,SRR11749603,1,callus,GL9,,2,3756.0,302.0529
89,Egr-miR396a,SRR11749604,1,stem,DH201-2,,2,41885.0,2833.0254
89,Egr-miR396a,SRR11749605,1,stem,DH201-2,,1,43751.0,2701.546
89,Egr-miR396a,SRR14138141,3,stem,,tension_wood,1,295.0,59.5794
89,Egr-miR396a,SRR14138142,3,stem,,opposite_wood,1,397.0,84.4628
89,Egr-miR396a,SRR14138143,3,stem,,unbent_control,1,624.0,111.0364
89,Egr-miR396a,SRR14138144,3,stem,,tension_wood,2,634.0,116.3904
89,Egr-miR396a,SRR14138145,3,stem,,opposite_wood,2,155.0,41.778
89,Egr-miR396a,SRR14138146,3,stem,,unbent_control,2,2467.0,547.3808
89,Egr-miR396a,SRR5433935,4,leaves,,,1,74838.0,5196.7751
89,Egr-miR396a,SRR5433936,4,stem,,,1,101485.0,4501.6015
90,Egr-miR396c,SRR11749594,1,callus,GL9,,1,6277.0,462.2834
90,Egr-miR396c,SRR11749595,1,stem,GL9,,3,25003.0,1555.5237
90,Egr-miR396c,SRR11749596,1,stem,GL9,,2,30673.0,1885.886
90,Egr-miR396c,SRR11749597,1,stem,GL9,,1,18593.0,1368.6144
90,Egr-miR396c,SRR11749598,1,callus,DH201-2,,3,3306.0,262.516
90,Egr-miR396c,SRR11749599,1,callus,DH201-2,,2,3405.0,255.9356
90,Egr-miR396c,SRR11749600,1,callus,DH201-2,,1,4023.0,311.979
90,Egr-miR396c,SRR11749601,1,stem,DH201-2,,3,26111.0,1725.7069
90,Egr-miR396c,SRR11749602,1,callus,GL9,,3,5719.0,394.6252
90,Egr-miR396c,SRR11749603,1,callus,GL9,,2,3756.0,302.0529
90,Egr-miR396c,SRR11749604,1,stem,DH201-2,,2,41885.0,2833.0254
90,Egr-miR396c,SRR11749605,1,stem,DH201-2,,1,43751.0,2701.546
90,Egr-miR396c,SRR14138141,3,stem,,tension_wood,1,295.0,59.5794
90,Egr-miR396c,SRR14138142,3,stem,,opposite_wood,1,397.0,84.4628
90,Egr-miR396c,SRR14138143,3,stem,,unbent_control,1,624.0,111.0364
90,Egr-miR396c,SRR14138144,3,stem,,tension_wood,2,634.0,116.3904
90,Egr-miR396c,SRR14138145,3,stem,,opposite_wood,2,155.0,41.778
90,Egr-miR396c,SRR14138146,3,stem,,unbent_control,2,2467.0,547.3808
90,Egr-miR396c,SRR5433935,4,leaves,,,1,74838.0,5196.7751
90,Egr-miR396c,SRR5433936,4,stem,,,1,101485.0,4501.6015
91,Egr-miR482a,SRR11749594,1,callus,GL9,,1,160445.0,11816.323
91,Egr-miR482a,SRR11749595,1,stem,GL9,,3,51396.0,3197.5242
91,Egr-miR482a,SRR11749596,1,stem,GL9,,2,49086.0,3017.9832
91,Egr-miR482a,SRR11749597,1,stem,GL9,,1,51306.0,3776.5895
91,Egr-miR482a,SRR11749598,1,callus,DH201-2,,3,94462.0,7500.8441
91,Egr-miR482a,SRR11749599,1,callus,DH201-2,,2,62200.0,4675.2413
91,Egr-miR482a,SRR11749600,1,callus,DH201-2,,1,56873.0,4410.435
91,Egr-miR482a,SRR11749601,1,stem,DH201-2,,3,53657.0,3546.2547
91,Egr-miR482a,SRR11749602,1,callus,GL9,,3,122678.0,8465.0867
91,Egr-miR482a,SRR11749603,1,callus,GL9,,2,109855.0,8834.4039
91,Egr-miR482a,SRR11749604,1,stem,DH201-2,,2,89571.0,6058.4199
91,Egr-miR482a,SRR11749605,1,stem,DH201-2,,1,86223.0,5324.1161
91,Egr-miR482a,SRR14138141,3,stem,,tension_wood,1,2.0,0.4039
91,Egr-miR482a,SRR14138142,3,stem,,opposite_wood,1,4.0,0.851
91,Egr-miR482a,SRR14138143,3,stem,,unbent_control,1,4.0,0.7118
91,Egr-miR482a,SRR14138144,3,stem,,tension_wood,2,22.0,4.0388
91,Egr-miR482a,SRR14138146,3,stem,,unbent_control,2,29.0,6.4346
91,Egr-miR482a,SRR5433935,4,leaves,,,1,5431.0,377.1304
91,Egr-miR482a,SRR5433936,4,stem,,,1,1755.0,77.8471
92,Egr-miR482b,SRR11749594,1,callus,GL9,,1,453147.0,33373.0022
92,Egr-miR482b,SRR11749595,1,stem,GL9,,3,201846.0,12557.5428
92,Egr-miR482b,SRR11749596,1,stem,GL9,,2,195790.0,12037.8709
92,Egr-miR482b,SRR11749597,1,stem,GL9,,1,175845.0,12943.7958
92,Egr-miR482b,SRR11749598,1,callus,DH201-2,,3,390011.0,30969.1908
92,Egr-miR482b,SRR11749599,1,callus,DH201-2,,2,394978.0,29688.3839
92,Egr-miR482b,SRR11749600,1,callus,DH201-2,,1,291727.0,22623.0894
92,Egr-miR482b,SRR11749601,1,stem,DH201-2,,3,216943.0,14338.0198
92,Egr-miR482b,SRR11749602,1,callus,GL9,,3,427114.0,29471.9268
92,Egr-miR482b,SRR11749603,1,callus,GL9,,2,428811.0,34484.453
92,Egr-miR482b,SRR11749604,1,stem,DH201-2,,2,318951.0,21573.2669
92,Egr-miR482b,SRR11749605,1,stem,DH201-2,,1,268006.0,16548.8912
92,Egr-miR482b,SRR14138141,3,stem,,tension_wood,1,184.0,37.1614
92,Egr-miR482b,SRR14138142,3,stem,,opposite_wood,1,210.0,44.6781
92,Egr-miR482b,SRR14138143,3,stem,,unbent_control,1,255.0,45.3754
92,Egr-miR482b,SRR14138144,3,stem,,tension_wood,2,507.0,93.0756
92,Egr-miR482b,SRR14138145,3,stem,,opposite_wood,2,176.0,47.4382
92,Egr-miR482b,SRR14138146,3,stem,,unbent_control,2,625.0,138.6757
92,Egr-miR482b,SRR5433935,4,leaves,,,1,4507.0,312.9676
92,Egr-miR482b,SRR5433936,4,stem,,,1,10796.0,478.8815
93,Egr-miR535a,SRR11749594,1,callus,GL9,,1,20086.0,1479.2774
93,Egr-miR535a,SRR11749595,1,stem,GL9,,3,57561.0,3581.0703
93,Egr-miR535a,SRR11749596,1,stem,GL9,,2,62432.0,3838.5431
93,Egr-miR535a,SRR11749597,1,stem,GL9,,1,42601.0,3135.8222
93,Egr-miR535a,SRR11749598,1,callus,DH201-2,,3,18371.0,1458.7666
93,Egr-miR535a,SRR11749599,1,callus,DH201-2,,2,25682.0,1930.3786
93,Egr-miR535a,SRR11749600,1,callus,DH201-2,,1,18082.0,1402.2381
93,Egr-miR535a,SRR11749601,1,stem,DH201-2,,3,18380.0,1214.756
93,Egr-miR535a,SRR11749602,1,callus,GL9,,3,21588.0,1489.6256
93,Egr-miR535a,SRR11749603,1,callus,GL9,,2,29220.0,2349.8364
93,Egr-miR535a,SRR11749604,1,stem,DH201-2,,2,76164.0,5151.5948
93,Egr-miR535a,SRR11749605,1,stem,DH201-2,,1,63873.0,3944.0435
93,Egr-miR535a,SRR14138141,3,stem,,tension_wood,1,249.0,50.2891
93,Egr-miR535a,SRR14138142,3,stem,,opposite_wood,1,420.0,89.3561
93,Egr-miR535a,SRR14138143,3,stem,,unbent_control,1,752.0,133.8131
93,Egr-miR535a,SRR14138144,3,stem,,tension_wood,2,584.0,107.2113
93,Egr-miR535a,SRR14138145,3,stem,,opposite_wood,2,111.0,29.9184
93,Egr-miR535a,SRR14138146,3,stem,,unbent_control,2,1270.0,281.7891
93,Egr-miR535a,SRR5433935,4,leaves,,,1,12367.0,858.7685
93,Egr-miR535a,SRR5433936,4,stem,,,1,3568.0,158.2669
94,Egr-miR535b,SRR11749594,1,callus,GL9,,1,20152.0,1484.1381
94,Egr-miR535b,SRR11749595,1,stem,GL9,,3,57647.0,3586.4207
94,Egr-miR535b,SRR11749596,1,stem,GL9,,2,62513.0,3843.5233
94,Egr-miR535b,SRR11749597,1,stem,GL9,,1,42671.0,3140.9748
94,Egr-miR535b,SRR11749598,1,callus,DH201-2,,3,18431.0,1463.5309
94,Egr-miR535b,SRR11749599,1,callus,DH201-2,,2,25764.0,1936.5421
94,Egr-miR535b,SRR11749600,1,callus,DH201-2,,1,18149.0,1407.4338
94,Egr-miR535b,SRR11749601,1,stem,DH201-2,,3,18396.0,1215.8134
94,Egr-miR535b,SRR11749602,1,callus,GL9,,3,21673.0,1495.4908
94,Egr-miR535b,SRR11749603,1,callus,GL9,,2,29339.0,2359.4063
94,Egr-miR535b,SRR11749604,1,stem,DH201-2,,2,76186.0,5153.0828
94,Egr-miR535b,SRR11749605,1,stem,DH201-2,,1,63907.0,3946.143
94,Egr-miR535b,SRR14138141,3,stem,,tension_wood,1,268.0,54.1264
94,Egr-miR535b,SRR14138142,3,stem,,opposite_wood,1,448.0,95.3132
94,Egr-miR535b,SRR14138143,3,stem,,unbent_control,1,786.0,139.8632
94,Egr-miR535b,SRR14138144,3,stem,,tension_wood,2,608.0,111.6173
94,Egr-miR535b,SRR14138145,3,stem,,opposite_wood,2,114.0,30.727
94,Egr-miR535b,SRR14138146,3,stem,,unbent_control,2,1302.0,288.8893
94,Egr-miR535b,SRR5433935,4,leaves,,,1,12279.0,852.6578
94,Egr-miR535b,SRR5433936,4,stem,,,1,3579.0,158.7548
95,Egr-miRN5651,SRR11749603,1,callus,GL9,,2,1.0,0.0804
95,Egr-miRN5651,SRR5433935,4,leaves,,,1,376.0,26.1096
95,Egr-miRN5651,SRR5433936,4,stem,,,1,284.0,12.5975
96,Egr-miRN5652,SRR11749594,1,callus,GL9,,1,292.0,21.505
96,Egr-miRN5652,SRR11749595,1,stem,GL9,,3,716.0,44.5449
96,Egr-miRN5652,SRR11749596,1,stem,GL9,,2,689.0,42.3622
96,Egr-miRN5652,SRR11749597,1,stem,GL9,,1,383.0,28.1923
96,Egr-miRN5652,SRR11749598,1,callus,DH201-2,,3,584.0,46.3731
96,Egr-miRN5652,SRR11749599,1,callus,DH201-2,,2,1777.0,133.5676
96,Egr-miRN5652,SRR11749600,1,callus,DH201-2,,1,398.0,30.8644
96,Egr-miRN5652,SRR11749601,1,stem,DH201-2,,3,2232.0,147.5155
96,Egr-miRN5652,SRR11749602,1,callus,GL9,,3,219.0,15.1115
96,Egr-miRN5652,SRR11749603,1,callus,GL9,,2,310.0,24.9298
96,Egr-miRN5652,SRR11749604,1,stem,DH201-2,,2,5305.0,358.8206
96,Egr-miRN5652,SRR11749605,1,stem,DH201-2,,1,2349.0,145.0465
96,Egr-miRN5652,SRR14138144,3,stem,,tension_wood,2,5.0,0.9179
96,Egr-miRN5652,SRR14138145,3,stem,,opposite_wood,2,2.0,0.5391
96,Egr-miRN5652,SRR14138146,3,stem,,unbent_control,2,2.0,0.4438
96,Egr-miRN5652,SRR5433935,4,leaves,,,1,2.0,0.1389
96,Egr-miRN5652,SRR5433936,4,stem,,,1,6.0,0.2661
97,Egr-miRN5654,SRR11749594,1,callus,GL9,,1,487160.0,35877.964
97,Egr-miRN5654,SRR11749595,1,stem,GL9,,3,1314034.0,81750.6327
97,Egr-miRN5654,SRR11749596,1,stem,GL9,,2,1241811.0,76350.9911
97,Egr-miRN5654,SRR11749597,1,stem,GL9,,1,991300.0,72968.7213
97,Egr-miRN5654,SRR11749598,1,callus,DH201-2,,3,568722.0,45159.9061
97,Egr-miRN5654,SRR11749599,1,callus,DH201-2,,2,566654.0,42592.3507
97,Egr-miRN5654,SRR11749600,1,callus,DH201-2,,1,306320.0,23754.7596
97,Egr-miRN5654,SRR11749601,1,stem,DH201-2,,3,1574946.0,104090.0463
97,Egr-miRN5654,SRR11749602,1,callus,GL9,,3,632429.0,43639.1717
97,Egr-miRN5654,SRR11749603,1,callus,GL9,,2,221964.0,17850.0717
97,Egr-miRN5654,SRR11749604,1,stem,DH201-2,,2,1239939.0,83867.2241
97,Egr-miRN5654,SRR11749605,1,stem,DH201-2,,1,1743339.0,107648.0656
97,Egr-miRN5654,SRR14138141,3,stem,,tension_wood,1,83.0,16.763
97,Egr-miRN5654,SRR14138142,3,stem,,opposite_wood,1,106.0,22.5518
97,Egr-miRN5654,SRR14138143,3,stem,,unbent_control,1,209.0,37.1901
97,Egr-miRN5654,SRR14138144,3,stem,,tension_wood,2,923.0,169.4453
97,Egr-miRN5654,SRR14138145,3,stem,,opposite_wood,2,118.0,31.8051
97,Egr-miRN5654,SRR14138146,3,stem,,unbent_control,2,1875.0,416.0272
97,Egr-miRN5654,SRR5433935,4,leaves,,,1,582.0,40.4143
97,Egr-miRN5654,SRR5433936,4,stem,,,1,1089.0,48.3051
98,Egr-miRN5668,SRR11749594,1,callus,GL9,,1,2312.0,170.2723
98,Egr-miRN5668,SRR11749595,1,stem,GL9,,3,2360.0,146.8238
98,Egr-miRN5668,SRR11749596,1,stem,GL9,,2,2459.0,151.1881
98,Egr-miRN5668,SRR11749597,1,stem,GL9,,1,2856.0,210.2276
98,Egr-miRN5668,SRR11749598,1,callus,DH201-2,,3,4496.0,357.0091
98,Egr-miRN5668,SRR11749599,1,callus,DH201-2,,2,4733.0,355.7543
98,Egr-miRN5668,SRR11749600,1,callus,DH201-2,,1,4409.0,341.9128
98,Egr-miRN5668,SRR11749601,1,stem,DH201-2,,3,5326.0,352.0016
98,Egr-miRN5668,SRR11749602,1,callus,GL9,,3,2655.0,183.2016
98,Egr-miRN5668,SRR11749603,1,callus,GL9,,2,2748.0,220.9908
98,Egr-miRN5668,SRR11749604,1,stem,DH201-2,,2,6380.0,431.5316
98,Egr-miRN5668,SRR11749605,1,stem,DH201-2,,1,4701.0,290.2783
98,Egr-miRN5668,SRR14138141,3,stem,,tension_wood,1,342.0,69.0718
98,Egr-miRN5668,SRR14138142,3,stem,,opposite_wood,1,505.0,107.4401
98,Egr-miRN5668,SRR14138143,3,stem,,unbent_control,1,472.0,83.9891
98,Egr-miRN5668,SRR14138144,3,stem,,tension_wood,2,406.0,74.5339
98,Egr-miRN5668,SRR14138145,3,stem,,opposite_wood,2,787.0,212.1242
98,Egr-miRN5668,SRR14138146,3,stem,,unbent_control,2,378.0,83.8711
98,Egr-miRN5668,SRR5433935,4,leaves,,,1,5012.0,348.0349
98,Egr-miRN5668,SRR5433936,4,stem,,,1,1636.0,72.5686
99,Egr-miRN5674,SRR11749594,1,callus,GL9,,1,8977.0,661.1308
99,Egr-miRN5674,SRR11749595,1,stem,GL9,,3,4396.0,273.4905
99,Egr-miRN5674,SRR11749596,1,stem,GL9,,2,7991.0,491.3153
99,Egr-miRN5674,SRR11749597,1,stem,GL9,,1,4195.0,308.7903
99,Egr-miRN5674,SRR11749598,1,callus,DH201-2,,3,7280.0,578.0753
99,Egr-miRN5674,SRR11749599,1,callus,DH201-2,,2,7915.0,594.9282
99,Egr-miRN5674,SRR11749600,1,callus,DH201-2,,1,8593.0,666.3772
99,Egr-miRN5674,SRR11749601,1,stem,DH201-2,,3,6468.0,427.4778
99,Egr-miRN5674,SRR11749602,1,callus,GL9,,3,8395.0,579.2758
99,Egr-miRN5674,SRR11749603,1,callus,GL9,,2,9221.0,741.5415
99,Egr-miRN5674,SRR11749604,1,stem,DH201-2,,2,6028.0,407.723
99,Egr-miRN5674,SRR11749605,1,stem,DH201-2,,1,10689.0,660.0266
99,Egr-miRN5674,SRR14138141,3,stem,,tension_wood,1,6.0,1.2118
99,Egr-miRN5674,SRR14138142,3,stem,,opposite_wood,1,4.0,0.851
99,Egr-miRN5674,SRR14138143,3,stem,,unbent_control,1,9.0,1.6015
99,Egr-miRN5674,SRR14138144,3,stem,,tension_wood,2,3.0,0.5507
99,Egr-miRN5674,SRR14138145,3,stem,,opposite_wood,2,3.0,0.8086
99,Egr-miRN5674,SRR14138146,3,stem,,unbent_control,2,5.0,1.1094
99,Egr-miRN5674,SRR5433935,4,leaves,,,1,115.0,7.9856
99,Egr-miRN5674,SRR5433936,4,stem,,,1,584.0,25.9047
61,scaffold_1630_46529,SRR11749594,1,callus,GL9,,1,1248.0,91.9117
61,scaffold_1630_46529,SRR11749595,1,stem,GL9,,3,477.0,29.6758
61,scaffold_1630_46529,SRR11749596,1,stem,GL9,,2,653.0,40.1488
61,scaffold_1630_46529,SRR11749597,1,stem,GL9,,1,355.0,26.1312
61,scaffold_1630_46529,SRR11749598,1,callus,DH201-2,,3,2004.0,159.1295
61,scaffold_1630_46529,SRR11749599,1,callus,DH201-2,,2,2469.0,185.5815
61,scaffold_1630_46529,SRR11749600,1,callus,DH201-2,,1,2410.0,186.8927
61,scaffold_1630_46529,SRR11749601,1,stem,DH201-2,,3,34.0,2.2471
61,scaffold_1630_46529,SRR11749602,1,callus,GL9,,3,1752.0,120.8924
61,scaffold_1630_46529,SRR11749603,1,callus,GL9,,2,2023.0,162.6872
61,scaffold_1630_46529,SRR11749604,1,stem,DH201-2,,2,139.0,9.4017
61,scaffold_1630_46529,SRR11749605,1,stem,DH201-2,,1,199.0,12.2879
61,scaffold_1630_46529,SRR14138141,3,stem,,tension_wood,1,220.0,44.4321
61,scaffold_1630_46529,SRR14138142,3,stem,,opposite_wood,1,276.0,58.7197
61,scaffold_1630_46529,SRR14138143,3,stem,,unbent_control,1,183.0,32.5636
61,scaffold_1630_46529,SRR14138144,3,stem,,tension_wood,2,339.0,62.234
61,scaffold_1630_46529,SRR14138145,3,stem,,opposite_wood,2,121.0,32.6138
61,scaffold_1630_46529,SRR14138146,3,stem,,unbent_control,2,634.0,140.6727
61,scaffold_1630_46529,SRR5433935,4,leaves,,,1,11.0,0.7638
61,scaffold_1630_46529,SRR5433936,4,stem,,,1,50.0,2.2179
62,scaffold_233_45604,SRR11749599,1,callus,DH201-2,,2,1.0,0.0752
62,scaffold_233_45604,SRR14138141,3,stem,,tension_wood,1,19.0,3.8373
62,scaffold_233_45604,SRR14138142,3,stem,,opposite_wood,1,2.0,0.4255
62,scaffold_233_45604,SRR14138144,3,stem,,tension_wood,2,3.0,0.5507
62,scaffold_233_45604,SRR14138145,3,stem,,opposite_wood,2,2.0,0.5391
62,scaffold_233_45604,SRR14138146,3,stem,,unbent_control,2,2.0,0.4438
63,scaffold_368_45308,SRR11749594,1,callus,GL9,,1,19498.0,1435.9729
63,scaffold_368_45308,SRR11749595,1,stem,GL9,,3,28969.0,1802.2624
63,scaffold_368_45308,SRR11749596,1,stem,GL9,,2,34556.0,2124.6267
63,scaffold_368_45308,SRR11749597,1,stem,GL9,,1,44893.0,3304.5343
63,scaffold_368_45308,SRR11749598,1,callus,DH201-2,,3,13677.0,1086.0351
63,scaffold_368_45308,SRR11749599,1,callus,DH201-2,,2,18941.0,1423.6937
63,scaffold_368_45308,SRR11749600,1,callus,DH201-2,,1,18341.0,1422.3232
63,scaffold_368_45308,SRR11749601,1,stem,DH201-2,,3,32162.0,2125.6247
63,scaffold_368_45308,SRR11749602,1,callus,GL9,,3,22283.0,1537.5823
63,scaffold_368_45308,SRR11749603,1,callus,GL9,,2,25903.0,2083.0874
63,scaffold_368_45308,SRR11749604,1,stem,DH201-2,,2,45608.0,3084.8424
63,scaffold_368_45308,SRR11749605,1,stem,DH201-2,,1,41668.0,2572.9245
63,scaffold_368_45308,SRR14138141,3,stem,,tension_wood,1,16.0,3.2314
63,scaffold_368_45308,SRR14138142,3,stem,,opposite_wood,1,44.0,9.3611
63,scaffold_368_45308,SRR14138143,3,stem,,unbent_control,1,105.0,18.684
63,scaffold_368_45308,SRR14138144,3,stem,,tension_wood,2,204.0,37.4505
63,scaffold_368_45308,SRR14138145,3,stem,,opposite_wood,2,19.0,5.1212
63,scaffold_368_45308,SRR14138146,3,stem,,unbent_control,2,490.0,108.7218
63,scaffold_368_45308,SRR5433935,4,leaves,,,1,81.0,5.6247
63,scaffold_368_45308,SRR5433936,4,stem,,,1,3178.0,140.9675
64,scaffold_368_47485,SRR11749594,1,callus,GL9,,1,5367.0,395.2645
64,scaffold_368_47485,SRR11749595,1,stem,GL9,,3,3218.0,200.203
64,scaffold_368_47485,SRR11749596,1,stem,GL9,,2,3917.0,240.8312
64,scaffold_368_47485,SRR11749597,1,stem,GL9,,1,2468.0,181.6673
64,scaffold_368_47485,SRR11749598,1,callus,DH201-2,,3,3532.0,280.4618
64,scaffold_368_47485,SRR11749599,1,callus,DH201-2,,2,3406.0,256.0108
64,scaffold_368_47485,SRR11749600,1,callus,DH201-2,,1,4627.0,358.8185
64,scaffold_368_47485,SRR11749601,1,stem,DH201-2,,3,1733.0,114.536
64,scaffold_368_47485,SRR11749602,1,callus,GL9,,3,4601.0,317.4804
64,scaffold_368_47485,SRR11749603,1,callus,GL9,,2,4481.0,360.3565
64,scaffold_368_47485,SRR11749604,1,stem,DH201-2,,2,1755.0,118.705
64,scaffold_368_47485,SRR11749605,1,stem,DH201-2,,1,1753.0,108.2446
64,scaffold_368_47485,SRR14138141,3,stem,,tension_wood,1,27.0,5.453
64,scaffold_368_47485,SRR14138142,3,stem,,opposite_wood,1,27.0,5.7443
64,scaffold_368_47485,SRR14138143,3,stem,,unbent_control,1,24.0,4.2706
64,scaffold_368_47485,SRR14138144,3,stem,,tension_wood,2,22.0,4.0388
64,scaffold_368_47485,SRR14138145,3,stem,,opposite_wood,2,9.0,2.4258
64,scaffold_368_47485,SRR14138146,3,stem,,unbent_control,2,89.0,19.7474
64,scaffold_368_47485,SRR5433935,4,leaves,,,1,1155.0,80.2036
64,scaffold_368_47485,SRR5433936,4,stem,,,1,1163.0,51.5876
65,scaffold_46_44237,SRR11749594,1,callus,GL9,,1,2.0,0.1473
65,scaffold_46_44237,SRR11749595,1,stem,GL9,,3,1441.0,89.6496
65,scaffold_46_44237,SRR11749596,1,stem,GL9,,2,2700.0,166.0057
65,scaffold_46_44237,SRR11749597,1,stem,GL9,,1,1969.0,144.9364
65,scaffold_46_44237,SRR11749598,1,callus,DH201-2,,3,1.0,0.0794
65,scaffold_46_44237,SRR11749599,1,callus,DH201-2,,2,45.0,3.3824
65,scaffold_46_44237,SRR11749600,1,callus,DH201-2,,1,3.0,0.2326
65,scaffold_46_44237,SRR11749601,1,stem,DH201-2,,3,681.0,45.0081
65,scaffold_46_44237,SRR11749602,1,callus,GL9,,3,5.0,0.345
65,scaffold_46_44237,SRR11749603,1,callus,GL9,,2,3.0,0.2413
65,scaffold_46_44237,SRR11749604,1,stem,DH201-2,,2,421.0,28.4757
65,scaffold_46_44237,SRR11749605,1,stem,DH201-2,,1,1020.0,62.9832
65,scaffold_46_44237,SRR5433935,4,leaves,,,1,2.0,0.1389
66,scaffold_46_44239,SRR11749594,1,callus,GL9,,1,2.0,0.1473
66,scaffold_46_44239,SRR11749595,1,stem,GL9,,3,1441.0,89.6496
66,scaffold_46_44239,SRR11749596,1,stem,GL9,,2,2700.0,166.0057
66,scaffold_46_44239,SRR11749597,1,stem,GL9,,1,1969.0,144.9364
66,scaffold_46_44239,SRR11749598,1,callus,DH201-2,,3,1.0,0.0794
66,scaffold_46_44239,SRR11749599,1,callus,DH201-2,,2,45.0,3.3824
66,scaffold_46_44239,SRR11749600,1,callus,DH201-2,,1,3.0,0.2326
66,scaffold_46_44239,SRR11749601,1,stem,DH201-2,,3,681.0,45.0081
66,scaffold_46_44239,SRR11749602,1,callus,GL9,,3,5.0,0.345
66,scaffold_46_44239,SRR11749603,1,callus,GL9,,2,3.0,0.2413
66,scaffold_46_44239,SRR11749604,1,stem,DH201-2,,2,421.0,28.4757
66,scaffold_46_44239,SRR11749605,1,stem,DH201-2,,1,1020.0,62.9832
66,scaffold_46_44239,SRR5433935,4,leaves,,,1,2.0,0.1389
67,scaffold_46_44242,SRR11749595,1,stem,GL9,,3,26.0,1.6176
67,scaffold_46_44242,SRR11749596,1,stem,GL9,,2,42.0,2.5823
67,scaffold_46_44242,SRR11749597,1,stem,GL9,,1,69.0,5.079
67,scaffold_46_44242,SRR11749600,1,callus,DH201-2,,1,1.0,0.0775
67,scaffold_46_44242,SRR11749601,1,stem,DH201-2,,3,10.0,0.6609
67,scaffold_46_44242,SRR11749602,1,callus,GL9,,3,3.0,0.207
67,scaffold_46_44242,SRR11749604,1,stem,DH201-2,,2,3.0,0.2029
67,scaffold_46_44242,SRR11749605,1,stem,DH201-2,,1,8.0,0.494
68,scaffold_60_44348,SRR11749594,1,callus,GL9,,1,52.0,3.8297
68,scaffold_60_44348,SRR11749595,1,stem,GL9,,3,46.0,2.8618
68,scaffold_60_44348,SRR11749596,1,stem,GL9,,2,32.0,1.9675
68,scaffold_60_44348,SRR11749597,1,stem,GL9,,1,10.0,0.7361
68,scaffold_60_44348,SRR11749598,1,callus,DH201-2,,3,15.0,1.1911
68,scaffold_60_44348,SRR11749599,1,callus,DH201-2,,2,28.0,2.1046
68,scaffold_60_44348,SRR11749600,1,callus,DH201-2,,1,40.0,3.102
68,scaffold_60_44348,SRR11749601,1,stem,DH201-2,,3,64.0,4.2298
68,scaffold_60_44348,SRR11749602,1,callus,GL9,,3,39.0,2.6911
68,scaffold_60_44348,SRR11749603,1,callus,GL9,,2,45.0,3.6188
68,scaffold_60_44348,SRR11749604,1,stem,DH201-2,,2,150.0,10.1457
68,scaffold_60_44348,SRR11749605,1,stem,DH201-2,,1,144.0,8.8917
68,scaffold_60_44348,SRR14138146,3,stem,,unbent_control,2,2.0,0.4438
68,scaffold_60_44348,SRR5433935,4,leaves,,,1,262.0,18.1934
68,scaffold_60_44348,SRR5433936,4,stem,,,1,671.0,29.7638
