target_interaction_id,mirna_id,target_accession,target_pacid,target_locus,target_full_id,target_annot_version,expectation,upe,mirna_align_start,mirna_align_end,target_align_start,target_align_end,mirna_aligned_fragment,target_aligned_fragment,inhibition_type
1,Chr03_9415,Eucgr.H01257.1,32043239,Eucgr.H01257,Eucgr.H01257.1.v2.0,v2.0,0.0,,1,20,478,497,UUGAGCCGCGCCAAUAUCAC,AUGAUAUUGGCGCGGCUCAA,Cleavage
2,Chr05_17624,Eucgr.G02821.1,32070805,Eucgr.G02821,Eucgr.G02821.1.v2.0,v2.0,0.0,,1,21,719,739,UGCCUGGCUCCCUGUAUGCCA,UGGCAUACAGGGAGCCAGGCA,Cleavage
3,Chr05_17624,Eucgr.G02838.1,32073171,Eucgr.G02838,Eucgr.G02838.1.v2.0,v2.0,0.0,,1,21,1434,1454,UGCCUGGCUCCCUGUAUGCCA,AGGCAUACAGGGAGCCAGGCA,Cleavage
4,Chr05_17624,Eucgr.J00923.1,32034187,Eucgr.J00923,Eucgr.J00923.1.v2.0,v2.0,0.0,,1,21,1803,1823,UGCCUGGCUCCCUGUAUGCCA,AGGCAUACAGGGAGCCAGGCA,Cleavage
5,Chr07_28550,Eucgr.L00193.1,32062407,Eucgr.L00193,Eucgr.L00193.1.v2.0,v2.0,0.0,,1,20,4,23,UGUGUUUUCAGGUCACCCCU,AGGGGUGACCUGAAAACACA,Cleavage
6,Chr07_28646,Eucgr.G02821.1,32070805,Eucgr.G02821,Eucgr.G02821.1.v2.0,v2.0,0.0,,1,20,720,739,UGCCUGGCUCCCUGUAUGCC,GGCAUACAGGGAGCCAGGCA,Cleavage
7,Chr07_28646,Eucgr.G02838.1,32073171,Eucgr.G02838,Eucgr.G02838.1.v2.0,v2.0,0.0,,1,20,1435,1454,UGCCUGGCUCCCUGUAUGCC,GGCAUACAGGGAGCCAGGCA,Cleavage
8,Chr07_28646,Eucgr.J00923.1,32034187,Eucgr.J00923,Eucgr.J00923.1.v2.0,v2.0,0.0,,1,20,1804,1823,UGCCUGGCUCCCUGUAUGCC,GGCAUACAGGGAGCCAGGCA,Cleavage
9,Chr08_34494,Eucgr.H03741.1,32042535,Eucgr.H03741,Eucgr.H03741.1.v2.0,v2.0,0.0,,1,20,603,622,AAUUGUUGUACUUGUUGGAA,UUCCAACAAGUACAACAAUU,Cleavage
10,Chr10_41201,Eucgr.J00249.1,32034789,Eucgr.J00249,Eucgr.J00249.1.v2.0,v2.0,0.0,,1,20,765,784,AUCAUGCUAUCCCUUUGGAU,AUCCAAAGGGAUAGCAUGAU,Cleavage
11,Chr10_41575,Eucgr.G02821.1,32070805,Eucgr.G02821,Eucgr.G02821.1.v2.0,v2.0,0.0,,1,22,718,739,UGCCUGGCUCCCUGUAUGCCAU,AUGGCAUACAGGGAGCCAGGCA,Cleavage
12,Chr10_41575,Eucgr.G02838.1,32073171,Eucgr.G02838,Eucgr.G02838.1.v2.0,v2.0,0.0,,1,22,1433,1454,UGCCUGGCUCCCUGUAUGCCAU,CAGGCAUACAGGGAGCCAGGCA,Cleavage
13,Chr10_41575,Eucgr.J00923.1,32034187,Eucgr.J00923,Eucgr.J00923.1.v2.0,v2.0,0.0,,1,22,1802,1823,UGCCUGGCUCCCUGUAUGCCAU,CAGGCAUACAGGGAGCCAGGCA,Cleavage
14,Egr-miR482b,Eucgr.C03843.1,32038353,Eucgr.C03843,Eucgr.C03843.1.v2.0,v2.0,0.0,,1,21,608,628,UCUUGCCAAUACCACCCAUGC,GAAUGGGUGGUAUUGGCAAGA,Cleavage
15,Egr-miRN5654,Eucgr.F04164.1,32056191,Eucgr.F04164,Eucgr.F04164.1.v2.0,v2.0,0.0,,1,20,1103,1122,UGGACGUUGCCUUGAGCCUU,AAGGCUCAAGGCAACGUCCA,Cleavage
16,Chr05_17624,Eucgr.F04380.1,32053256,Eucgr.F04380,Eucgr.F04380.1.v2.0,v2.0,0.5,,1,21,1218,1238,UGCCUGGCUCCCUGUAUGCCA,UGGCAUGCAGGGAGCCAGGCA,Cleavage
17,Chr07_28646,Eucgr.F04380.1,32053256,Eucgr.F04380,Eucgr.F04380.1.v2.0,v2.0,0.5,,1,20,1219,1238,UGCCUGGCUCCCUGUAUGCC,GGCAUGCAGGGAGCCAGGCA,Cleavage
18,Chr08_34494,Eucgr.H03750.1,32041994,Eucgr.H03750,Eucgr.H03750.1.v2.0,v2.0,0.5,,1,20,726,745,AAUUGUUGUACUUGUUGGAA,UUCCGACAAGUACAACAAUU,Cleavage
19,Chr08_34494,Eucgr.H03528.1,32041504,Eucgr.H03528,Eucgr.H03528.1.v2.0,v2.0,0.5,,1,20,207,226,AAUUGUUGUACUUGUUGGAA,UUCCAACAAGUACGACAAUU,Cleavage
20,Chr08_34494,Eucgr.H03746.1,32041958,Eucgr.H03746,Eucgr.H03746.1.v2.0,v2.0,0.5,,1,20,888,907,AAUUGUUGUACUUGUUGGAA,UUCCAACAAGUACGACAAUU,Cleavage
21,Chr10_41575,Eucgr.F04380.1,32053256,Eucgr.F04380,Eucgr.F04380.1.v2.0,v2.0,0.5,,1,22,1217,1238,UGCCUGGCUCCCUGUAUGCCAU,UUGGCAUGCAGGGAGCCAGGCA,Cleavage
22,Chr11_43106,Eucgr.H01257.1,32043239,Eucgr.H01257,Eucgr.H01257.1.v2.0,v2.0,0.5,,1,20,481,500,UGAUUGAGCCGUGCCAAUAU,AUAUUGGCGCGGCUCAAUCA,Cleavage
23,Chr11_43106,Eucgr.E01510.2,32031470,Eucgr.E01510,Eucgr.E01510.2.v2.0,v2.0,0.5,,1,20,1801,1820,UGAUUGAGCCGUGCCAAUAU,AUAUUGGCGCGGCUCAAUCA,Cleavage
24,Chr11_43106,Eucgr.E01509.1,32029065,Eucgr.E01509,Eucgr.E01509.1.v2.0,v2.0,0.5,,1,20,1679,1698,UGAUUGAGCCGUGCCAAUAU,AUAUUGGCGCGGCUCAAUCA,Cleavage
25,Chr11_43106,Eucgr.E01510.1,32031469,Eucgr.E01510,Eucgr.E01510.1.v2.0,v2.0,0.5,,1,20,1708,1727,UGAUUGAGCCGUGCCAAUAU,AUAUUGGCGCGGCUCAAUCA,Cleavage
26,Chr11_44314,Eucgr.A00384.1,32048339,Eucgr.A00384,Eucgr.A00384.1.v2.0,v2.0,0.5,,1,21,528,548,CCUUCGGCGCGGCAGAUCUGG,CCAGAUCUGUCGCGCCGAAGG,Cleavage
27,Egr-miR164a,Eucgr.B00529.1,32060583,Eucgr.B00529,Eucgr.B00529.1.v2.0,v2.0,0.5,,1,20,919,938,UGGAGAAGCAGGGCACGUGC,UUACGUGCCCUGCUUCUCCA,Cleavage
28,Egr-miR165b,Eucgr.F03066.1,32054730,Eucgr.F03066,Eucgr.F03066.1.v2.0,v2.0,0.5,,1,22,1658,1679,UCGGACCAGGCUUCAUUCCCCU,CCUGGAAUGAAGCCUGGUCCGG,Cleavage
29,Egr-miR165e,Eucgr.F03066.1,32054730,Eucgr.F03066,Eucgr.F03066.1.v2.0,v2.0,0.5,,1,20,1660,1679,UCGGACCAGGCUUCAUUCCC,UGGAAUGAAGCCUGGUCCGG,Cleavage
30,Egr-miR165f,Eucgr.F03066.1,32054730,Eucgr.F03066,Eucgr.F03066.1.v2.0,v2.0,0.5,,1,21,1659,1679,UCGGACCAGGCUUCAUUCCCC,CUGGAAUGAAGCCUGGUCCGG,Cleavage
31,Chr01_1229,Eucgr.H01257.1,32043239,Eucgr.H01257,Eucgr.H01257.1.v2.0,v2.0,1.0,,1,21,477,497,UUGAGCCGUGCCAAUAUCGCG,GAUGAUAUUGGCGCGGCUCAA,Cleavage
32,Chr01_1685,Eucgr.H02376.1,32042772,Eucgr.H02376,Eucgr.H02376.1.v2.0,v2.0,1.0,,1,20,810,829,UUGGAUGUCUUCAAGGAAAC,GUUUCCUUGAAGAUGUCCAA,Cleavage
33,Chr03_9415,Eucgr.E01510.2,32031470,Eucgr.E01510,Eucgr.E01510.2.v2.0,v2.0,1.0,,1,20,1798,1817,UUGAGCCGCGCCAAUAUCAC,GGGAUAUUGGCGCGGCUCAA,Cleavage
34,Chr03_9415,Eucgr.E01509.1,32029065,Eucgr.E01509,Eucgr.E01509.1.v2.0,v2.0,1.0,,1,20,1676,1695,UUGAGCCGCGCCAAUAUCAC,GGGAUAUUGGCGCGGCUCAA,Cleavage
35,Chr03_9415,Eucgr.E01510.1,32031469,Eucgr.E01510,Eucgr.E01510.1.v2.0,v2.0,1.0,,1,20,1705,1724,UUGAGCCGCGCCAAUAUCAC,GGGAUAUUGGCGCGGCUCAA,Cleavage
36,Chr05_17624,Eucgr.K01240.1,32068355,Eucgr.K01240,Eucgr.K01240.1.v2.0,v2.0,1.0,,1,21,2095,2115,UGCCUGGCUCCCUGUAUGCCA,UGGUAUGCAGGGAGCCAGGCA,Cleavage
37,Chr05_18368,Eucgr.H04688.1,32041080,Eucgr.H04688,Eucgr.H04688.1.v2.0,v2.0,1.0,,1,21,680,700,UCUCUCCCUCAAAGACUUCCG,UGGAAGCCUUUGAGGGAGAGA,Cleavage
38,Chr07_28646,Eucgr.K01240.1,32068355,Eucgr.K01240,Eucgr.K01240.1.v2.0,v2.0,1.0,,1,20,2096,2115,UGCCUGGCUCCCUGUAUGCC,GGUAUGCAGGGAGCCAGGCA,Cleavage
39,Chr08_31426,Eucgr.C02718.1,32038400,Eucgr.C02718,Eucgr.C02718.1.v2.0,v2.0,1.0,,1,20,510,529,UUGGUUUUGAGCUUGACAUC,GAUGUCAAGCUCAAAACUAG,Cleavage
40,Chr08_31426,Eucgr.H02369.1,32041343,Eucgr.H02369,Eucgr.H02369.1.v2.0,v2.0,1.0,,1,20,244,263,UUGGUUUUGAGCUUGACAUC,GAUGUCAAGCUUAGAACCAA,Cleavage
41,Chr08_34494,Eucgr.H03745.1,32040714,Eucgr.H03745,Eucgr.H03745.1.v2.0,v2.0,1.0,,1,20,714,733,AAUUGUUGUACUUGUUGGAA,UUCUAACAAGUACGACAAUU,Cleavage
42,Chr10_40549,Eucgr.F01449.1,32056318,Eucgr.F01449,Eucgr.F01449.1.v2.0,v2.0,1.0,,1,20,760,779,UGGAGAAGCAGGGCACAUGC,GCAAGUGCCCUGCUUCUCCA,Cleavage
43,Chr10_41575,Eucgr.K01240.1,32068355,Eucgr.K01240,Eucgr.K01240.1.v2.0,v2.0,1.0,,1,22,2094,2115,UGCCUGGCUCCCUGUAUGCCAU,CUGGUAUGCAGGGAGCCAGGCA,Cleavage
44,Chr11_44314,Eucgr.G01626.2,32072915,Eucgr.G01626,Eucgr.G01626.2.v2.0,v2.0,1.0,,1,21,84,104,CCUUCGGCGCGGCAGAUCUGG,CCAAAUCUGCCGCGCCGAAGG,Cleavage
45,Chr11_44314,Eucgr.G01626.1,32072914,Eucgr.G01626,Eucgr.G01626.1.v2.0,v2.0,1.0,,1,21,84,104,CCUUCGGCGCGGCAGAUCUGG,CCAAAUCUGCCGCGCCGAAGG,Cleavage
46,Egr-miR156a,Eucgr.A02441.1,32046838,Eucgr.A02441,Eucgr.A02441.1.v2.0,v2.0,1.0,,1,22,980,1001,UUGACAGAAGAGAGUGAGCACA,UGUGCUCUCUCUCUUCUGUCAA,Cleavage
47,Egr-miR156a,Eucgr.K01828.1,32068216,Eucgr.K01828,Eucgr.K01828.1.v2.0,v2.0,1.0,,1,22,1230,1251,UUGACAGAAGAGAGUGAGCACA,UGUGCUCUCUCUCUUCUGUCAA,Cleavage
48,Egr-miR156a,Eucgr.B03500.1,32061907,Eucgr.B03500,Eucgr.B03500.1.v2.0,v2.0,1.0,,1,22,1559,1580,UUGACAGAAGAGAGUGAGCACA,CGUGCUCUCUCUCUUCUGUCAA,Cleavage
49,Egr-miR156a,Eucgr.E03260.1,32030592,Eucgr.E03260,Eucgr.E03260.1.v2.0,v2.0,1.0,,1,22,738,759,UUGACAGAAGAGAGUGAGCACA,CAUGCUCUCUCUCUUCUGUCAA,Cleavage
50,Egr-miR156b,Eucgr.A02441.1,32046838,Eucgr.A02441,Eucgr.A02441.1.v2.0,v2.0,1.0,,1,22,980,1001,UUGACAGAAGAGAGUGAGCACA,UGUGCUCUCUCUCUUCUGUCAA,Cleavage
51,Egr-miR156b,Eucgr.K01828.1,32068216,Eucgr.K01828,Eucgr.K01828.1.v2.0,v2.0,1.0,,1,22,1230,1251,UUGACAGAAGAGAGUGAGCACA,UGUGCUCUCUCUCUUCUGUCAA,Cleavage
52,Egr-miR156b,Eucgr.B03500.1,32061907,Eucgr.B03500,Eucgr.B03500.1.v2.0,v2.0,1.0,,1,22,1559,1580,UUGACAGAAGAGAGUGAGCACA,CGUGCUCUCUCUCUUCUGUCAA,Cleavage
53,Egr-miR156b,Eucgr.E03260.1,32030592,Eucgr.E03260,Eucgr.E03260.1.v2.0,v2.0,1.0,,1,22,738,759,UUGACAGAAGAGAGUGAGCACA,CAUGCUCUCUCUCUUCUGUCAA,Cleavage
54,Egr-miR156d,Eucgr.E03260.1,32030592,Eucgr.E03260,Eucgr.E03260.1.v2.0,v2.0,1.0,,1,19,740,758,UGACAGAAGAGAGUGAGCA,UGCUCUCUCUCUUCUGUCA,Cleavage
55,Egr-miR156d,Eucgr.B03518.1,32060274,Eucgr.B03518,Eucgr.B03518.1.v2.0,v2.0,1.0,,1,19,690,708,UGACAGAAGAGAGUGAGCA,UGCUCUCUCUCUUCUGUCA,Cleavage
56,Egr-miR156d,Eucgr.K01046.3,32066956,Eucgr.K01046,Eucgr.K01046.3.v2.0,v2.0,1.0,,1,19,711,729,UGACAGAAGAGAGUGAGCA,UGCUCUCUCUCUUCUGUCA,Cleavage
57,Egr-miR156d,Eucgr.K01046.2,32066955,Eucgr.K01046,Eucgr.K01046.2.v2.0,v2.0,1.0,,1,19,744,762,UGACAGAAGAGAGUGAGCA,UGCUCUCUCUCUUCUGUCA,Cleavage
58,Egr-miR156d,Eucgr.K01046.1,32066954,Eucgr.K01046,Eucgr.K01046.1.v2.0,v2.0,1.0,,1,19,885,903,UGACAGAAGAGAGUGAGCA,UGCUCUCUCUCUUCUGUCA,Cleavage
59,Egr-miR156d,Eucgr.F03303.1,32055899,Eucgr.F03303,Eucgr.F03303.1.v2.0,v2.0,1.0,,1,19,614,632,UGACAGAAGAGAGUGAGCA,UGCUCCCUCUCUUCUGUCA,Cleavage
60,Egr-miR156d,Eucgr.K02708.3,32067231,Eucgr.K02708,Eucgr.K02708.3.v2.0,v2.0,1.0,,1,19,1073,1091,UGACAGAAGAGAGUGAGCA,UGCUCUCUCUCUUCUGUCA,Cleavage
61,Egr-miR156d,Eucgr.D02505.1,32050650,Eucgr.D02505,Eucgr.D02505.1.v2.0,v2.0,1.0,,1,19,773,791,UGACAGAAGAGAGUGAGCA,UGCUCUCUCUCUUCUGUCA,Cleavage
62,Egr-miR156d,Eucgr.K02708.1,32067229,Eucgr.K02708,Eucgr.K02708.1.v2.0,v2.0,1.0,,1,19,1176,1194,UGACAGAAGAGAGUGAGCA,UGCUCUCUCUCUUCUGUCA,Cleavage
63,Egr-miR156d,Eucgr.K02708.2,32067230,Eucgr.K02708,Eucgr.K02708.2.v2.0,v2.0,1.0,,1,19,1205,1223,UGACAGAAGAGAGUGAGCA,UGCUCUCUCUCUUCUGUCA,Cleavage
64,Egr-miR156d,Eucgr.A02441.1,32046838,Eucgr.A02441,Eucgr.A02441.1.v2.0,v2.0,1.0,,1,19,982,1000,UGACAGAAGAGAGUGAGCA,UGCUCUCUCUCUUCUGUCA,Cleavage
65,Egr-miR156d,Eucgr.K01828.1,32068216,Eucgr.K01828,Eucgr.K01828.1.v2.0,v2.0,1.0,,1,19,1232,1250,UGACAGAAGAGAGUGAGCA,UGCUCUCUCUCUUCUGUCA,Cleavage
66,Egr-miR156d,Eucgr.B00631.1,32060069,Eucgr.B00631,Eucgr.B00631.1.v2.0,v2.0,1.0,,1,19,1137,1155,UGACAGAAGAGAGUGAGCA,UGCUCUCUCUCUUCUGUCA,Cleavage
67,Egr-miR156d,Eucgr.K02545.1,32068115,Eucgr.K02545,Eucgr.K02545.1.v2.0,v2.0,1.0,,1,19,1681,1699,UGACAGAAGAGAGUGAGCA,UGCUCUCUCUCUUCUGUCA,Cleavage
68,Egr-miR156d,Eucgr.B03500.1,32061907,Eucgr.B03500,Eucgr.B03500.1.v2.0,v2.0,1.0,,1,19,1561,1579,UGACAGAAGAGAGUGAGCA,UGCUCUCUCUCUUCUGUCA,Cleavage
69,Egr-miR156d,Eucgr.K02545.2,32068116,Eucgr.K02545,Eucgr.K02545.2.v2.0,v2.0,1.0,,1,19,1681,1699,UGACAGAAGAGAGUGAGCA,UGCUCUCUCUCUUCUGUCA,Cleavage
70,Egr-miR156e,Eucgr.E03260.1,32030592,Eucgr.E03260,Eucgr.E03260.1.v2.0,v2.0,1.0,,1,19,740,758,UGACAGAAGAGAGUGAGCA,UGCUCUCUCUCUUCUGUCA,Cleavage
71,Egr-miR156e,Eucgr.B03518.1,32060274,Eucgr.B03518,Eucgr.B03518.1.v2.0,v2.0,1.0,,1,19,690,708,UGACAGAAGAGAGUGAGCA,UGCUCUCUCUCUUCUGUCA,Cleavage
72,Egr-miR156e,Eucgr.K01046.3,32066956,Eucgr.K01046,Eucgr.K01046.3.v2.0,v2.0,1.0,,1,19,711,729,UGACAGAAGAGAGUGAGCA,UGCUCUCUCUCUUCUGUCA,Cleavage
73,Egr-miR156e,Eucgr.K01046.2,32066955,Eucgr.K01046,Eucgr.K01046.2.v2.0,v2.0,1.0,,1,19,744,762,UGACAGAAGAGAGUGAGCA,UGCUCUCUCUCUUCUGUCA,Cleavage
74,Egr-miR156e,Eucgr.K01046.1,32066954,Eucgr.K01046,Eucgr.K01046.1.v2.0,v2.0,1.0,,1,19,885,903,UGACAGAAGAGAGUGAGCA,UGCUCUCUCUCUUCUGUCA,Cleavage
75,Egr-miR156e,Eucgr.F03303.1,32055899,Eucgr.F03303,Eucgr.F03303.1.v2.0,v2.0,1.0,,1,19,614,632,UGACAGAAGAGAGUGAGCA,UGCUCCCUCUCUUCUGUCA,Cleavage
76,Egr-miR156e,Eucgr.K02708.3,32067231,Eucgr.K02708,Eucgr.K02708.3.v2.0,v2.0,1.0,,1,19,1073,1091,UGACAGAAGAGAGUGAGCA,UGCUCUCUCUCUUCUGUCA,Cleavage
77,Egr-miR156e,Eucgr.D02505.1,32050650,Eucgr.D02505,Eucgr.D02505.1.v2.0,v2.0,1.0,,1,19,773,791,UGACAGAAGAGAGUGAGCA,UGCUCUCUCUCUUCUGUCA,Cleavage
78,Egr-miR156e,Eucgr.K02708.1,32067229,Eucgr.K02708,Eucgr.K02708.1.v2.0,v2.0,1.0,,1,19,1176,1194,UGACAGAAGAGAGUGAGCA,UGCUCUCUCUCUUCUGUCA,Cleavage
79,Egr-miR156e,Eucgr.K02708.2,32067230,Eucgr.K02708,Eucgr.K02708.2.v2.0,v2.0,1.0,,1,19,1205,1223,UGACAGAAGAGAGUGAGCA,UGCUCUCUCUCUUCUGUCA,Cleavage
80,Egr-miR156e,Eucgr.A02441.1,32046838,Eucgr.A02441,Eucgr.A02441.1.v2.0,v2.0,1.0,,1,19,982,1000,UGACAGAAGAGAGUGAGCA,UGCUCUCUCUCUUCUGUCA,Cleavage
81,Egr-miR156e,Eucgr.K01828.1,32068216,Eucgr.K01828,Eucgr.K01828.1.v2.0,v2.0,1.0,,1,19,1232,1250,UGACAGAAGAGAGUGAGCA,UGCUCUCUCUCUUCUGUCA,Cleavage
82,Egr-miR156e,Eucgr.B00631.1,32060069,Eucgr.B00631,Eucgr.B00631.1.v2.0,v2.0,1.0,,1,19,1137,1155,UGACAGAAGAGAGUGAGCA,UGCUCUCUCUCUUCUGUCA,Cleavage
83,Egr-miR156e,Eucgr.K02545.1,32068115,Eucgr.K02545,Eucgr.K02545.1.v2.0,v2.0,1.0,,1,19,1681,1699,UGACAGAAGAGAGUGAGCA,UGCUCUCUCUCUUCUGUCA,Cleavage
84,Egr-miR156e,Eucgr.B03500.1,32061907,Eucgr.B03500,Eucgr.B03500.1.v2.0,v2.0,1.0,,1,19,1561,1579,UGACAGAAGAGAGUGAGCA,UGCUCUCUCUCUUCUGUCA,Cleavage
85,Egr-miR156e,Eucgr.K02545.2,32068116,Eucgr.K02545,Eucgr.K02545.2.v2.0,v2.0,1.0,,1,19,1681,1699,UGACAGAAGAGAGUGAGCA,UGCUCUCUCUCUUCUGUCA,Cleavage
86,Egr-miR156f,Eucgr.E03260.1,32030592,Eucgr.E03260,Eucgr.E03260.1.v2.0,v2.0,1.0,,1,19,740,758,UGACAGAAGAGAGUGAGCA,UGCUCUCUCUCUUCUGUCA,Cleavage
87,Egr-miR156f,Eucgr.B03518.1,32060274,Eucgr.B03518,Eucgr.B03518.1.v2.0,v2.0,1.0,,1,19,690,708,UGACAGAAGAGAGUGAGCA,UGCUCUCUCUCUUCUGUCA,Cleavage
88,Egr-miR156f,Eucgr.K01046.3,32066956,Eucgr.K01046,Eucgr.K01046.3.v2.0,v2.0,1.0,,1,19,711,729,UGACAGAAGAGAGUGAGCA,UGCUCUCUCUCUUCUGUCA,Cleavage
89,Egr-miR156f,Eucgr.K01046.2,32066955,Eucgr.K01046,Eucgr.K01046.2.v2.0,v2.0,1.0,,1,19,744,762,UGACAGAAGAGAGUGAGCA,UGCUCUCUCUCUUCUGUCA,Cleavage
90,Egr-miR156f,Eucgr.K01046.1,32066954,Eucgr.K01046,Eucgr.K01046.1.v2.0,v2.0,1.0,,1,19,885,903,UGACAGAAGAGAGUGAGCA,UGCUCUCUCUCUUCUGUCA,Cleavage
91,Egr-miR156f,Eucgr.F03303.1,32055899,Eucgr.F03303,Eucgr.F03303.1.v2.0,v2.0,1.0,,1,19,614,632,UGACAGAAGAGAGUGAGCA,UGCUCCCUCUCUUCUGUCA,Cleavage
92,Egr-miR156f,Eucgr.K02708.3,32067231,Eucgr.K02708,Eucgr.K02708.3.v2.0,v2.0,1.0,,1,19,1073,1091,UGACAGAAGAGAGUGAGCA,UGCUCUCUCUCUUCUGUCA,Cleavage
93,Egr-miR156f,Eucgr.D02505.1,32050650,Eucgr.D02505,Eucgr.D02505.1.v2.0,v2.0,1.0,,1,19,773,791,UGACAGAAGAGAGUGAGCA,UGCUCUCUCUCUUCUGUCA,Cleavage
94,Egr-miR156f,Eucgr.K02708.1,32067229,Eucgr.K02708,Eucgr.K02708.1.v2.0,v2.0,1.0,,1,19,1176,1194,UGACAGAAGAGAGUGAGCA,UGCUCUCUCUCUUCUGUCA,Cleavage
95,Egr-miR156f,Eucgr.K02708.2,32067230,Eucgr.K02708,Eucgr.K02708.2.v2.0,v2.0,1.0,,1,19,1205,1223,UGACAGAAGAGAGUGAGCA,UGCUCUCUCUCUUCUGUCA,Cleavage
96,Egr-miR156f,Eucgr.A02441.1,32046838,Eucgr.A02441,Eucgr.A02441.1.v2.0,v2.0,1.0,,1,19,982,1000,UGACAGAAGAGAGUGAGCA,UGCUCUCUCUCUUCUGUCA,Cleavage
97,Egr-miR156f,Eucgr.K01828.1,32068216,Eucgr.K01828,Eucgr.K01828.1.v2.0,v2.0,1.0,,1,19,1232,1250,UGACAGAAGAGAGUGAGCA,UGCUCUCUCUCUUCUGUCA,Cleavage
98,Egr-miR156f,Eucgr.B00631.1,32060069,Eucgr.B00631,Eucgr.B00631.1.v2.0,v2.0,1.0,,1,19,1137,1155,UGACAGAAGAGAGUGAGCA,UGCUCUCUCUCUUCUGUCA,Cleavage
99,Egr-miR156f,Eucgr.K02545.1,32068115,Eucgr.K02545,Eucgr.K02545.1.v2.0,v2.0,1.0,,1,19,1681,1699,UGACAGAAGAGAGUGAGCA,UGCUCUCUCUCUUCUGUCA,Cleavage
100,Egr-miR156f,Eucgr.B03500.1,32061907,Eucgr.B03500,Eucgr.B03500.1.v2.0,v2.0,1.0,,1,19,1561,1579,UGACAGAAGAGAGUGAGCA,UGCUCUCUCUCUUCUGUCA,Cleavage
101,Egr-miR156f,Eucgr.K02545.2,32068116,Eucgr.K02545,Eucgr.K02545.2.v2.0,v2.0,1.0,,1,19,1681,1699,UGACAGAAGAGAGUGAGCA,UGCUCUCUCUCUUCUGUCA,Cleavage
102,Egr-miR156h,Eucgr.E03260.1,32030592,Eucgr.E03260,Eucgr.E03260.1.v2.0,v2.0,1.0,,1,19,740,758,UGACAGAAGAGAGUGAGCA,UGCUCUCUCUCUUCUGUCA,Cleavage
103,Egr-miR156h,Eucgr.B03518.1,32060274,Eucgr.B03518,Eucgr.B03518.1.v2.0,v2.0,1.0,,1,19,690,708,UGACAGAAGAGAGUGAGCA,UGCUCUCUCUCUUCUGUCA,Cleavage
104,Egr-miR156h,Eucgr.K01046.3,32066956,Eucgr.K01046,Eucgr.K01046.3.v2.0,v2.0,1.0,,1,19,711,729,UGACAGAAGAGAGUGAGCA,UGCUCUCUCUCUUCUGUCA,Cleavage
105,Egr-miR156h,Eucgr.K01046.2,32066955,Eucgr.K01046,Eucgr.K01046.2.v2.0,v2.0,1.0,,1,19,744,762,UGACAGAAGAGAGUGAGCA,UGCUCUCUCUCUUCUGUCA,Cleavage
106,Egr-miR156h,Eucgr.K01046.1,32066954,Eucgr.K01046,Eucgr.K01046.1.v2.0,v2.0,1.0,,1,19,885,903,UGACAGAAGAGAGUGAGCA,UGCUCUCUCUCUUCUGUCA,Cleavage
107,Egr-miR156h,Eucgr.F03303.1,32055899,Eucgr.F03303,Eucgr.F03303.1.v2.0,v2.0,1.0,,1,19,614,632,UGACAGAAGAGAGUGAGCA,UGCUCCCUCUCUUCUGUCA,Cleavage
108,Egr-miR156h,Eucgr.K02708.3,32067231,Eucgr.K02708,Eucgr.K02708.3.v2.0,v2.0,1.0,,1,19,1073,1091,UGACAGAAGAGAGUGAGCA,UGCUCUCUCUCUUCUGUCA,Cleavage
109,Egr-miR156h,Eucgr.D02505.1,32050650,Eucgr.D02505,Eucgr.D02505.1.v2.0,v2.0,1.0,,1,19,773,791,UGACAGAAGAGAGUGAGCA,UGCUCUCUCUCUUCUGUCA,Cleavage
110,Egr-miR156h,Eucgr.K02708.1,32067229,Eucgr.K02708,Eucgr.K02708.1.v2.0,v2.0,1.0,,1,19,1176,1194,UGACAGAAGAGAGUGAGCA,UGCUCUCUCUCUUCUGUCA,Cleavage
111,Egr-miR156h,Eucgr.K02708.2,32067230,Eucgr.K02708,Eucgr.K02708.2.v2.0,v2.0,1.0,,1,19,1205,1223,UGACAGAAGAGAGUGAGCA,UGCUCUCUCUCUUCUGUCA,Cleavage
112,Egr-miR156h,Eucgr.A02441.1,32046838,Eucgr.A02441,Eucgr.A02441.1.v2.0,v2.0,1.0,,1,19,982,1000,UGACAGAAGAGAGUGAGCA,UGCUCUCUCUCUUCUGUCA,Cleavage
113,Egr-miR156h,Eucgr.K01828.1,32068216,Eucgr.K01828,Eucgr.K01828.1.v2.0,v2.0,1.0,,1,19,1232,1250,UGACAGAAGAGAGUGAGCA,UGCUCUCUCUCUUCUGUCA,Cleavage
114,Egr-miR156h,Eucgr.B00631.1,32060069,Eucgr.B00631,Eucgr.B00631.1.v2.0,v2.0,1.0,,1,19,1137,1155,UGACAGAAGAGAGUGAGCA,UGCUCUCUCUCUUCUGUCA,Cleavage
115,Egr-miR156h,Eucgr.K02545.1,32068115,Eucgr.K02545,Eucgr.K02545.1.v2.0,v2.0,1.0,,1,19,1681,1699,UGACAGAAGAGAGUGAGCA,UGCUCUCUCUCUUCUGUCA,Cleavage
116,Egr-miR156h,Eucgr.B03500.1,32061907,Eucgr.B03500,Eucgr.B03500.1.v2.0,v2.0,1.0,,1,19,1561,1579,UGACAGAAGAGAGUGAGCA,UGCUCUCUCUCUUCUGUCA,Cleavage
117,Egr-miR156h,Eucgr.K02545.2,32068116,Eucgr.K02545,Eucgr.K02545.2.v2.0,v2.0,1.0,,1,19,1681,1699,UGACAGAAGAGAGUGAGCA,UGCUCUCUCUCUUCUGUCA,Cleavage
118,Egr-miR156i,Eucgr.E03260.1,32030592,Eucgr.E03260,Eucgr.E03260.1.v2.0,v2.0,1.0,,1,19,740,758,UGACAGAAGAGAGUGAGCA,UGCUCUCUCUCUUCUGUCA,Cleavage
119,Egr-miR156i,Eucgr.B03518.1,32060274,Eucgr.B03518,Eucgr.B03518.1.v2.0,v2.0,1.0,,1,19,690,708,UGACAGAAGAGAGUGAGCA,UGCUCUCUCUCUUCUGUCA,Cleavage
120,Egr-miR156i,Eucgr.K01046.3,32066956,Eucgr.K01046,Eucgr.K01046.3.v2.0,v2.0,1.0,,1,19,711,729,UGACAGAAGAGAGUGAGCA,UGCUCUCUCUCUUCUGUCA,Cleavage
121,Egr-miR156i,Eucgr.K01046.2,32066955,Eucgr.K01046,Eucgr.K01046.2.v2.0,v2.0,1.0,,1,19,744,762,UGACAGAAGAGAGUGAGCA,UGCUCUCUCUCUUCUGUCA,Cleavage
122,Egr-miR156i,Eucgr.K01046.1,32066954,Eucgr.K01046,Eucgr.K01046.1.v2.0,v2.0,1.0,,1,19,885,903,UGACAGAAGAGAGUGAGCA,UGCUCUCUCUCUUCUGUCA,Cleavage
123,Egr-miR156i,Eucgr.F03303.1,32055899,Eucgr.F03303,Eucgr.F03303.1.v2.0,v2.0,1.0,,1,19,614,632,UGACAGAAGAGAGUGAGCA,UGCUCCCUCUCUUCUGUCA,Cleavage
124,Egr-miR156i,Eucgr.K02708.3,32067231,Eucgr.K02708,Eucgr.K02708.3.v2.0,v2.0,1.0,,1,19,1073,1091,UGACAGAAGAGAGUGAGCA,UGCUCUCUCUCUUCUGUCA,Cleavage
125,Egr-miR156i,Eucgr.D02505.1,32050650,Eucgr.D02505,Eucgr.D02505.1.v2.0,v2.0,1.0,,1,19,773,791,UGACAGAAGAGAGUGAGCA,UGCUCUCUCUCUUCUGUCA,Cleavage
126,Egr-miR156i,Eucgr.K02708.1,32067229,Eucgr.K02708,Eucgr.K02708.1.v2.0,v2.0,1.0,,1,19,1176,1194,UGACAGAAGAGAGUGAGCA,UGCUCUCUCUCUUCUGUCA,Cleavage
127,Egr-miR156i,Eucgr.K02708.2,32067230,Eucgr.K02708,Eucgr.K02708.2.v2.0,v2.0,1.0,,1,19,1205,1223,UGACAGAAGAGAGUGAGCA,UGCUCUCUCUCUUCUGUCA,Cleavage
128,Egr-miR156i,Eucgr.A02441.1,32046838,Eucgr.A02441,Eucgr.A02441.1.v2.0,v2.0,1.0,,1,19,982,1000,UGACAGAAGAGAGUGAGCA,UGCUCUCUCUCUUCUGUCA,Cleavage
129,Egr-miR156i,Eucgr.K01828.1,32068216,Eucgr.K01828,Eucgr.K01828.1.v2.0,v2.0,1.0,,1,19,1232,1250,UGACAGAAGAGAGUGAGCA,UGCUCUCUCUCUUCUGUCA,Cleavage
130,Egr-miR156i,Eucgr.B00631.1,32060069,Eucgr.B00631,Eucgr.B00631.1.v2.0,v2.0,1.0,,1,19,1137,1155,UGACAGAAGAGAGUGAGCA,UGCUCUCUCUCUUCUGUCA,Cleavage
131,Egr-miR156i,Eucgr.K02545.1,32068115,Eucgr.K02545,Eucgr.K02545.1.v2.0,v2.0,1.0,,1,19,1681,1699,UGACAGAAGAGAGUGAGCA,UGCUCUCUCUCUUCUGUCA,Cleavage
132,Egr-miR156i,Eucgr.B03500.1,32061907,Eucgr.B03500,Eucgr.B03500.1.v2.0,v2.0,1.0,,1,19,1561,1579,UGACAGAAGAGAGUGAGCA,UGCUCUCUCUCUUCUGUCA,Cleavage
133,Egr-miR156i,Eucgr.K02545.2,32068116,Eucgr.K02545,Eucgr.K02545.2.v2.0,v2.0,1.0,,1,19,1681,1699,UGACAGAAGAGAGUGAGCA,UGCUCUCUCUCUUCUGUCA,Cleavage
134,Egr-miR156j,Eucgr.E03260.1,32030592,Eucgr.E03260,Eucgr.E03260.1.v2.0,v2.0,1.0,,1,19,740,758,UGACAGAAGAGAGUGAGCA,UGCUCUCUCUCUUCUGUCA,Cleavage
135,Egr-miR156j,Eucgr.B03518.1,32060274,Eucgr.B03518,Eucgr.B03518.1.v2.0,v2.0,1.0,,1,19,690,708,UGACAGAAGAGAGUGAGCA,UGCUCUCUCUCUUCUGUCA,Cleavage
136,Egr-miR156j,Eucgr.K01046.3,32066956,Eucgr.K01046,Eucgr.K01046.3.v2.0,v2.0,1.0,,1,19,711,729,UGACAGAAGAGAGUGAGCA,UGCUCUCUCUCUUCUGUCA,Cleavage
137,Egr-miR156j,Eucgr.K01046.2,32066955,Eucgr.K01046,Eucgr.K01046.2.v2.0,v2.0,1.0,,1,19,744,762,UGACAGAAGAGAGUGAGCA,UGCUCUCUCUCUUCUGUCA,Cleavage
138,Egr-miR156j,Eucgr.K01046.1,32066954,Eucgr.K01046,Eucgr.K01046.1.v2.0,v2.0,1.0,,1,19,885,903,UGACAGAAGAGAGUGAGCA,UGCUCUCUCUCUUCUGUCA,Cleavage
139,Egr-miR156j,Eucgr.F03303.1,32055899,Eucgr.F03303,Eucgr.F03303.1.v2.0,v2.0,1.0,,1,19,614,632,UGACAGAAGAGAGUGAGCA,UGCUCCCUCUCUUCUGUCA,Cleavage
140,Egr-miR156j,Eucgr.K02708.3,32067231,Eucgr.K02708,Eucgr.K02708.3.v2.0,v2.0,1.0,,1,19,1073,1091,UGACAGAAGAGAGUGAGCA,UGCUCUCUCUCUUCUGUCA,Cleavage
141,Egr-miR156j,Eucgr.D02505.1,32050650,Eucgr.D02505,Eucgr.D02505.1.v2.0,v2.0,1.0,,1,19,773,791,UGACAGAAGAGAGUGAGCA,UGCUCUCUCUCUUCUGUCA,Cleavage
142,Egr-miR156j,Eucgr.K02708.1,32067229,Eucgr.K02708,Eucgr.K02708.1.v2.0,v2.0,1.0,,1,19,1176,1194,UGACAGAAGAGAGUGAGCA,UGCUCUCUCUCUUCUGUCA,Cleavage
143,Egr-miR156j,Eucgr.K02708.2,32067230,Eucgr.K02708,Eucgr.K02708.2.v2.0,v2.0,1.0,,1,19,1205,1223,UGACAGAAGAGAGUGAGCA,UGCUCUCUCUCUUCUGUCA,Cleavage
144,Egr-miR156j,Eucgr.A02441.1,32046838,Eucgr.A02441,Eucgr.A02441.1.v2.0,v2.0,1.0,,1,19,982,1000,UGACAGAAGAGAGUGAGCA,UGCUCUCUCUCUUCUGUCA,Cleavage
145,Egr-miR156j,Eucgr.K01828.1,32068216,Eucgr.K01828,Eucgr.K01828.1.v2.0,v2.0,1.0,,1,19,1232,1250,UGACAGAAGAGAGUGAGCA,UGCUCUCUCUCUUCUGUCA,Cleavage
146,Egr-miR156j,Eucgr.B00631.1,32060069,Eucgr.B00631,Eucgr.B00631.1.v2.0,v2.0,1.0,,1,19,1137,1155,UGACAGAAGAGAGUGAGCA,UGCUCUCUCUCUUCUGUCA,Cleavage
147,Egr-miR156j,Eucgr.K02545.1,32068115,Eucgr.K02545,Eucgr.K02545.1.v2.0,v2.0,1.0,,1,19,1681,1699,UGACAGAAGAGAGUGAGCA,UGCUCUCUCUCUUCUGUCA,Cleavage
148,Egr-miR156j,Eucgr.B03500.1,32061907,Eucgr.B03500,Eucgr.B03500.1.v2.0,v2.0,1.0,,1,19,1561,1579,UGACAGAAGAGAGUGAGCA,UGCUCUCUCUCUUCUGUCA,Cleavage
149,Egr-miR156j,Eucgr.K02545.2,32068116,Eucgr.K02545,Eucgr.K02545.2.v2.0,v2.0,1.0,,1,19,1681,1699,UGACAGAAGAGAGUGAGCA,UGCUCUCUCUCUUCUGUCA,Cleavage
150,Egr-miR156o,Eucgr.K02708.3,32067231,Eucgr.K02708,Eucgr.K02708.3.v2.0,v2.0,1.0,,1,22,1070,1091,UGACAGAAGAGAGUGAGCACAC,CUGUGCUCUCUCUCUUCUGUCA,Cleavage
151,Egr-miR156o,Eucgr.D02505.1,32050650,Eucgr.D02505,Eucgr.D02505.1.v2.0,v2.0,1.0,,1,22,770,791,UGACAGAAGAGAGUGAGCACAC,AUGUGCUCUCUCUCUUCUGUCA,Cleavage
152,Egr-miR156o,Eucgr.K02708.1,32067229,Eucgr.K02708,Eucgr.K02708.1.v2.0,v2.0,1.0,,1,22,1173,1194,UGACAGAAGAGAGUGAGCACAC,CUGUGCUCUCUCUCUUCUGUCA,Cleavage
153,Egr-miR156o,Eucgr.K02708.2,32067230,Eucgr.K02708,Eucgr.K02708.2.v2.0,v2.0,1.0,,1,22,1202,1223,UGACAGAAGAGAGUGAGCACAC,CUGUGCUCUCUCUCUUCUGUCA,Cleavage
154,Egr-miR156o,Eucgr.A02441.1,32046838,Eucgr.A02441,Eucgr.A02441.1.v2.0,v2.0,1.0,,1,22,979,1000,UGACAGAAGAGAGUGAGCACAC,CUGUGCUCUCUCUCUUCUGUCA,Cleavage
155,Egr-miR156o,Eucgr.K01828.1,32068216,Eucgr.K01828,Eucgr.K01828.1.v2.0,v2.0,1.0,,1,22,1229,1250,UGACAGAAGAGAGUGAGCACAC,CUGUGCUCUCUCUCUUCUGUCA,Cleavage
156,Egr-miR156o,Eucgr.B03518.1,32060274,Eucgr.B03518,Eucgr.B03518.1.v2.0,v2.0,1.0,,1,22,687,708,UGACAGAAGAGAGUGAGCACAC,GCGUGCUCUCUCUCUUCUGUCA,Cleavage
157,Egr-miR156o,Eucgr.B00631.1,32060069,Eucgr.B00631,Eucgr.B00631.1.v2.0,v2.0,1.0,,1,22,1134,1155,UGACAGAAGAGAGUGAGCACAC,UCGUGCUCUCUCUCUUCUGUCA,Cleavage
158,Egr-miR156o,Eucgr.K02545.1,32068115,Eucgr.K02545,Eucgr.K02545.1.v2.0,v2.0,1.0,,1,22,1678,1699,UGACAGAAGAGAGUGAGCACAC,CCGUGCUCUCUCUCUUCUGUCA,Cleavage
159,Egr-miR156o,Eucgr.B03500.1,32061907,Eucgr.B03500,Eucgr.B03500.1.v2.0,v2.0,1.0,,1,22,1558,1579,UGACAGAAGAGAGUGAGCACAC,ACGUGCUCUCUCUCUUCUGUCA,Cleavage
160,Egr-miR156o,Eucgr.K02545.2,32068116,Eucgr.K02545,Eucgr.K02545.2.v2.0,v2.0,1.0,,1,22,1678,1699,UGACAGAAGAGAGUGAGCACAC,CCGUGCUCUCUCUCUUCUGUCA,Cleavage
161,Egr-miR156o,Eucgr.E03260.1,32030592,Eucgr.E03260,Eucgr.E03260.1.v2.0,v2.0,1.0,,1,22,737,758,UGACAGAAGAGAGUGAGCACAC,GCAUGCUCUCUCUCUUCUGUCA,Cleavage
162,Egr-miR156o,Eucgr.K01046.3,32066956,Eucgr.K01046,Eucgr.K01046.3.v2.0,v2.0,1.0,,1,22,708,729,UGACAGAAGAGAGUGAGCACAC,UGAUGCUCUCUCUCUUCUGUCA,Cleavage
163,Egr-miR156o,Eucgr.K01046.2,32066955,Eucgr.K01046,Eucgr.K01046.2.v2.0,v2.0,1.0,,1,22,741,762,UGACAGAAGAGAGUGAGCACAC,UGAUGCUCUCUCUCUUCUGUCA,Cleavage
164,Egr-miR156o,Eucgr.K01046.1,32066954,Eucgr.K01046,Eucgr.K01046.1.v2.0,v2.0,1.0,,1,22,882,903,UGACAGAAGAGAGUGAGCACAC,UGAUGCUCUCUCUCUUCUGUCA,Cleavage
165,Egr-miR156o,Eucgr.F03303.1,32055899,Eucgr.F03303,Eucgr.F03303.1.v2.0,v2.0,1.0,,1,22,611,632,UGACAGAAGAGAGUGAGCACAC,ACAUGCUCCCUCUCUUCUGUCA,Cleavage
166,Egr-miR164a,Eucgr.F01170.1,32052502,Eucgr.F01170,Eucgr.F01170.1.v2.0,v2.0,1.0,,1,20,711,730,UGGAGAAGCAGGGCACGUGC,GCACGUGUCCUGUUUCUCCA,Cleavage
167,Egr-miR164a,Eucgr.F01449.1,32056318,Eucgr.F01449,Eucgr.F01449.1.v2.0,v2.0,1.0,,1,20,760,779,UGGAGAAGCAGGGCACGUGC,GCAAGUGCCCUGCUUCUCCA,Cleavage
168,Egr-miR165b,Eucgr.D00184.7,32049646,Eucgr.D00184,Eucgr.D00184.7.v2.0,v2.0,1.0,,1,22,1054,1075,UCGGACCAGGCUUCAUUCCCCU,AUUGGGAUGAAGCCUGGUCCGG,Cleavage
169,Egr-miR165b,Eucgr.C00605.1,32039530,Eucgr.C00605,Eucgr.C00605.1.v2.0,v2.0,1.0,,1,22,550,571,UCGGACCAGGCUUCAUUCCCCU,CCUGGGAUGAAGCCUGGUCCGG,Cleavage
170,Egr-miR165b,Eucgr.D00184.4,32049643,Eucgr.D00184,Eucgr.D00184.4.v2.0,v2.0,1.0,,1,22,973,994,UCGGACCAGGCUUCAUUCCCCU,AUUGGGAUGAAGCCUGGUCCGG,Cleavage
171,Egr-miR165b,Eucgr.D00184.2,32049641,Eucgr.D00184,Eucgr.D00184.2.v2.0,v2.0,1.0,,1,22,1054,1075,UCGGACCAGGCUUCAUUCCCCU,AUUGGGAUGAAGCCUGGUCCGG,Cleavage
172,Egr-miR165b,Eucgr.D00184.3,32049642,Eucgr.D00184,Eucgr.D00184.3.v2.0,v2.0,1.0,,1,22,1054,1075,UCGGACCAGGCUUCAUUCCCCU,AUUGGGAUGAAGCCUGGUCCGG,Cleavage
173,Egr-miR165b,Eucgr.D00184.1,32049640,Eucgr.D00184,Eucgr.D00184.1.v2.0,v2.0,1.0,,1,22,1057,1078,UCGGACCAGGCUUCAUUCCCCU,AUUGGGAUGAAGCCUGGUCCGG,Cleavage
174,Egr-miR165b,Eucgr.D00184.5,32049644,Eucgr.D00184,Eucgr.D00184.5.v2.0,v2.0,1.0,,1,22,1054,1075,UCGGACCAGGCUUCAUUCCCCU,AUUGGGAUGAAGCCUGGUCCGG,Cleavage
175,Egr-miR165b,Eucgr.D00184.6,32049645,Eucgr.D00184,Eucgr.D00184.6.v2.0,v2.0,1.0,,1,22,1054,1075,UCGGACCAGGCUUCAUUCCCCU,AUUGGGAUGAAGCCUGGUCCGG,Cleavage
176,Egr-miR165b,Eucgr.B02504.1,32060117,Eucgr.B02504,Eucgr.B02504.1.v2.0,v2.0,1.0,,1,22,1532,1553,UCGGACCAGGCUUCAUUCCCCU,CCUGGGAUGAAGCCUGGUCCGG,Cleavage
177,Egr-miR165e,Eucgr.D00184.7,32049646,Eucgr.D00184,Eucgr.D00184.7.v2.0,v2.0,1.0,,1,20,1056,1075,UCGGACCAGGCUUCAUUCCC,UGGGAUGAAGCCUGGUCCGG,Cleavage
178,Egr-miR165e,Eucgr.C00605.1,32039530,Eucgr.C00605,Eucgr.C00605.1.v2.0,v2.0,1.0,,1,20,552,571,UCGGACCAGGCUUCAUUCCC,UGGGAUGAAGCCUGGUCCGG,Cleavage
179,Egr-miR165e,Eucgr.D00184.4,32049643,Eucgr.D00184,Eucgr.D00184.4.v2.0,v2.0,1.0,,1,20,975,994,UCGGACCAGGCUUCAUUCCC,UGGGAUGAAGCCUGGUCCGG,Cleavage
180,Egr-miR165e,Eucgr.D00184.2,32049641,Eucgr.D00184,Eucgr.D00184.2.v2.0,v2.0,1.0,,1,20,1056,1075,UCGGACCAGGCUUCAUUCCC,UGGGAUGAAGCCUGGUCCGG,Cleavage
181,Egr-miR165e,Eucgr.D00184.3,32049642,Eucgr.D00184,Eucgr.D00184.3.v2.0,v2.0,1.0,,1,20,1056,1075,UCGGACCAGGCUUCAUUCCC,UGGGAUGAAGCCUGGUCCGG,Cleavage
182,Egr-miR165e,Eucgr.D00184.1,32049640,Eucgr.D00184,Eucgr.D00184.1.v2.0,v2.0,1.0,,1,20,1059,1078,UCGGACCAGGCUUCAUUCCC,UGGGAUGAAGCCUGGUCCGG,Cleavage
183,Egr-miR165e,Eucgr.D00184.5,32049644,Eucgr.D00184,Eucgr.D00184.5.v2.0,v2.0,1.0,,1,20,1056,1075,UCGGACCAGGCUUCAUUCCC,UGGGAUGAAGCCUGGUCCGG,Cleavage
184,Egr-miR165e,Eucgr.D00184.6,32049645,Eucgr.D00184,Eucgr.D00184.6.v2.0,v2.0,1.0,,1,20,1056,1075,UCGGACCAGGCUUCAUUCCC,UGGGAUGAAGCCUGGUCCGG,Cleavage
185,Egr-miR165e,Eucgr.B02504.1,32060117,Eucgr.B02504,Eucgr.B02504.1.v2.0,v2.0,1.0,,1,20,1534,1553,UCGGACCAGGCUUCAUUCCC,UGGGAUGAAGCCUGGUCCGG,Cleavage
186,Egr-miR165f,Eucgr.D00184.7,32049646,Eucgr.D00184,Eucgr.D00184.7.v2.0,v2.0,1.0,,1,21,1055,1075,UCGGACCAGGCUUCAUUCCCC,UUGGGAUGAAGCCUGGUCCGG,Cleavage
187,Egr-miR165f,Eucgr.C00605.1,32039530,Eucgr.C00605,Eucgr.C00605.1.v2.0,v2.0,1.0,,1,21,551,571,UCGGACCAGGCUUCAUUCCCC,CUGGGAUGAAGCCUGGUCCGG,Cleavage
188,Egr-miR165f,Eucgr.D00184.4,32049643,Eucgr.D00184,Eucgr.D00184.4.v2.0,v2.0,1.0,,1,21,974,994,UCGGACCAGGCUUCAUUCCCC,UUGGGAUGAAGCCUGGUCCGG,Cleavage
189,Egr-miR165f,Eucgr.D00184.2,32049641,Eucgr.D00184,Eucgr.D00184.2.v2.0,v2.0,1.0,,1,21,1055,1075,UCGGACCAGGCUUCAUUCCCC,UUGGGAUGAAGCCUGGUCCGG,Cleavage
190,Egr-miR165f,Eucgr.D00184.3,32049642,Eucgr.D00184,Eucgr.D00184.3.v2.0,v2.0,1.0,,1,21,1055,1075,UCGGACCAGGCUUCAUUCCCC,UUGGGAUGAAGCCUGGUCCGG,Cleavage
191,Egr-miR165f,Eucgr.D00184.1,32049640,Eucgr.D00184,Eucgr.D00184.1.v2.0,v2.0,1.0,,1,21,1058,1078,UCGGACCAGGCUUCAUUCCCC,UUGGGAUGAAGCCUGGUCCGG,Cleavage
192,Egr-miR165f,Eucgr.D00184.5,32049644,Eucgr.D00184,Eucgr.D00184.5.v2.0,v2.0,1.0,,1,21,1055,1075,UCGGACCAGGCUUCAUUCCCC,UUGGGAUGAAGCCUGGUCCGG,Cleavage
193,Egr-miR165f,Eucgr.D00184.6,32049645,Eucgr.D00184,Eucgr.D00184.6.v2.0,v2.0,1.0,,1,21,1055,1075,UCGGACCAGGCUUCAUUCCCC,UUGGGAUGAAGCCUGGUCCGG,Cleavage
194,Egr-miR165f,Eucgr.B02504.1,32060117,Eucgr.B02504,Eucgr.B02504.1.v2.0,v2.0,1.0,,1,21,1533,1553,UCGGACCAGGCUUCAUUCCCC,CUGGGAUGAAGCCUGGUCCGG,Cleavage
195,Egr-miR482b,Eucgr.H01023.1,32041112,Eucgr.H01023,Eucgr.H01023.1.v2.0,v2.0,1.0,,1,21,530,550,UCUUGCCAAUACCACCCAUGC,GGAUGGGUGGUGUUGGUAAGA,Cleavage
196,Egr-miR482b,Eucgr.H01018.1,32044232,Eucgr.H01018,Eucgr.H01018.1.v2.0,v2.0,1.0,,1,21,530,550,UCUUGCCAAUACCACCCAUGC,GGAUGGGUGGUGUUGGUAAGA,Cleavage
197,scaffold_368_47485,Eucgr.H02376.1,32042772,Eucgr.H02376,Eucgr.H02376.1.v2.0,v2.0,1.0,,1,21,809,829,UUGGAUGUCUUCAAGGAAACU,AGUUUCCUUGAAGAUGUCCAA,Cleavage
198,Chr01_1229,Eucgr.E01510.2,32031470,Eucgr.E01510,Eucgr.E01510.2.v2.0,v2.0,1.5,,1,21,1797,1817,UUGAGCCGUGCCAAUAUCGCG,AGGGAUAUUGGCGCGGCUCAA,Cleavage
199,Chr01_1229,Eucgr.E01509.1,32029065,Eucgr.E01509,Eucgr.E01509.1.v2.0,v2.0,1.5,,1,21,1675,1695,UUGAGCCGUGCCAAUAUCGCG,AGGGAUAUUGGCGCGGCUCAA,Cleavage
200,Chr01_1229,Eucgr.E01510.1,32031469,Eucgr.E01510,Eucgr.E01510.1.v2.0,v2.0,1.5,,1,21,1704,1724,UUGAGCCGUGCCAAUAUCGCG,AGGGAUAUUGGCGCGGCUCAA,Cleavage
201,Chr02_5754,Eucgr.I00181.1,32063192,Eucgr.I00181,Eucgr.I00181.1.v2.0,v2.0,1.5,,1,20,350,369,AAGCUCAGGAGGGAUAGCGC,GCUCUAUCCCUCUUGAGCUU,Cleavage
202,Chr05_23099,Eucgr.E00524.1,32028559,Eucgr.E00524,Eucgr.E00524.1.v2.0,v2.0,1.5,,1,20,538,557,UGCCAAAGGAGAAUUGCCCU,AGGGCAACUCUCCUUUGGCA,Cleavage
203,Chr05_23099,Eucgr.D00620.1,32051035,Eucgr.D00620,Eucgr.D00620.1.v2.0,v2.0,1.5,,1,20,467,486,UGCCAAAGGAGAAUUGCCCU,AGGGCAAAUCUCCUUUGGCA,Cleavage
204,Chr05_23099,Eucgr.D00620.1,32051035,Eucgr.D00620,Eucgr.D00620.1.v2.0,v2.0,1.5,,1,20,834,853,UGCCAAAGGAGAAUUGCCCU,GGGGCAAAUCUCCUUUGGCA,Cleavage
205,Chr05_23099,Eucgr.D00620.1,32051035,Eucgr.D00620,Eucgr.D00620.1.v2.0,v2.0,1.5,,1,20,773,792,UGCCAAAGGAGAAUUGCCCU,UGGGCAAAUCUCCUUUGGCA,Cleavage
206,Chr06_22113,Eucgr.A00510.1,32047608,Eucgr.A00510,Eucgr.A00510.1.v2.0,v2.0,1.5,,1,21,321,341,GCUCUCUCUUCUUCCGUCACC,UGUCACGGAAGAAGAGAGAGU,Cleavage
207,Chr06_24996,Eucgr.K02752.1,32068487,Eucgr.K02752,Eucgr.K02752.1.v2.0,v2.0,1.5,,1,20,630,649,UUCCCUCAAAGGCUUCCGGU,AUUGGAAGCCUUUGAGGGAG,Cleavage
208,Chr06_24996,Eucgr.H04688.1,32041080,Eucgr.H04688,Eucgr.H04688.1.v2.0,v2.0,1.5,,1,20,678,697,UUCCCUCAAAGGCUUCCGGU,CUUGGAAGCCUUUGAGGGAG,Cleavage
209,Chr07_30134,Eucgr.H04816.1,32045110,Eucgr.H04816,Eucgr.H04816.1.v2.0,v2.0,1.5,,1,22,154,175,GUGAAGUGUUUGGGGGAACUCC,CAAGUUCUCCCAAACACUUCAA,Cleavage
210,Chr08_30632,Eucgr.L01260.1,32057901,Eucgr.L01260,Eucgr.L01260.1.v2.0,v2.0,1.5,,1,20,337,356,UUGAGGUCGUGGGUUUGCGU,ACGCAAACCCACGCCCUCAA,Cleavage
211,Chr08_30632,Eucgr.G02857.2,32071691,Eucgr.G02857,Eucgr.G02857.2.v2.0,v2.0,1.5,,1,20,149,168,UUGAGGUCGUGGGUUUGCGU,CCGCAAACCCACGACCUCCA,Cleavage
212,Chr08_30632,Eucgr.G02857.1,32071690,Eucgr.G02857,Eucgr.G02857.1.v2.0,v2.0,1.5,,1,20,80,99,UUGAGGUCGUGGGUUUGCGU,CCGCAAACCCACGACCUCCA,Cleavage
213,Chr08_31426,Eucgr.H02376.1,32042772,Eucgr.H02376,Eucgr.H02376.1.v2.0,v2.0,1.5,,1,20,365,384,UUGGUUUUGAGCUUGACAUC,GAUGUCAAGCUCAGAACUGA,Cleavage
214,Chr08_31426,Eucgr.E01990.1,32029225,Eucgr.E01990,Eucgr.E01990.1.v2.0,v2.0,1.5,,1,20,461,480,UUGGUUUUGAGCUUGACAUC,GAUGUCAAGCUUAAGACUAA,Cleavage
215,Chr08_31426,Eucgr.E01983.1,32029353,Eucgr.E01983,Eucgr.E01983.1.v2.0,v2.0,1.5,,1,20,352,371,UUGGUUUUGAGCUUGACAUC,GAUGUCAAGCUUAAGACUAA,Cleavage
216,Chr08_31426,Eucgr.B02181.1,32060144,Eucgr.B02181,Eucgr.B02181.1.v2.0,v2.0,1.5,,1,20,558,577,UUGGUUUUGAGCUUGACAUC,GAUGUCGAGCUCAAGGCCAA,Cleavage
217,Chr08_31426,Eucgr.E01994.1,32029884,Eucgr.E01994,Eucgr.E01994.1.v2.0,v2.0,1.5,,1,20,259,278,UUGGUUUUGAGCUUGACAUC,GAUGUCAAGCUUAAGACUAA,Cleavage
218,Chr08_31426,Eucgr.L03438.1,32035833,Eucgr.L03438,Eucgr.L03438.1.v2.0,v2.0,1.5,,1,20,367,386,UUGGUUUUGAGCUUGACAUC,GAUGUAAAGCUUAAAACCAA,Cleavage
219,Chr08_34494,Eucgr.H03707.1,32043351,Eucgr.H03707,Eucgr.H03707.1.v2.0,v2.0,1.5,,1,20,207,226,AAUUGUUGUACUUGUUGGAA,UUCCAACAAGUAUGACAGUU,Cleavage
220,Chr08_34494,Eucgr.H03694.1,32041883,Eucgr.H03694,Eucgr.H03694.1.v2.0,v2.0,1.5,,1,20,976,995,AAUUGUUGUACUUGUUGGAA,UUCCAACAAGUACAAAAAUU,Cleavage
221,Chr10_40549,Eucgr.B00529.1,32060583,Eucgr.B00529,Eucgr.B00529.1.v2.0,v2.0,1.5,,1,20,919,938,UGGAGAAGCAGGGCACAUGC,UUACGUGCCCUGCUUCUCCA,Cleavage
222,Chr11_41982,Eucgr.I00181.1,32063192,Eucgr.I00181,Eucgr.I00181.1.v2.0,v2.0,1.5,,1,20,350,369,AAGCUCAGGAGGGAUAGCGC,GCUCUAUCCCUCUUGAGCUU,Cleavage
223,Egr-miR156d,Eucgr.F02583.1,32054876,Eucgr.F02583,Eucgr.F02583.1.v2.0,v2.0,1.5,,1,19,1196,1214,UGACAGAAGAGAGUGAGCA,UGCUCACUCGCUUCUGUCA,Translation
224,Egr-miR156e,Eucgr.F02583.1,32054876,Eucgr.F02583,Eucgr.F02583.1.v2.0,v2.0,1.5,,1,19,1196,1214,UGACAGAAGAGAGUGAGCA,UGCUCACUCGCUUCUGUCA,Translation
225,Egr-miR156f,Eucgr.F02583.1,32054876,Eucgr.F02583,Eucgr.F02583.1.v2.0,v2.0,1.5,,1,19,1196,1214,UGACAGAAGAGAGUGAGCA,UGCUCACUCGCUUCUGUCA,Translation
226,Egr-miR156h,Eucgr.F02583.1,32054876,Eucgr.F02583,Eucgr.F02583.1.v2.0,v2.0,1.5,,1,19,1196,1214,UGACAGAAGAGAGUGAGCA,UGCUCACUCGCUUCUGUCA,Translation
227,Egr-miR156i,Eucgr.F02583.1,32054876,Eucgr.F02583,Eucgr.F02583.1.v2.0,v2.0,1.5,,1,19,1196,1214,UGACAGAAGAGAGUGAGCA,UGCUCACUCGCUUCUGUCA,Translation
228,Egr-miR156j,Eucgr.F02583.1,32054876,Eucgr.F02583,Eucgr.F02583.1.v2.0,v2.0,1.5,,1,19,1196,1214,UGACAGAAGAGAGUGAGCA,UGCUCACUCGCUUCUGUCA,Translation
229,Egr-miR156l,Eucgr.E03260.1,32030592,Eucgr.E03260,Eucgr.E03260.1.v2.0,v2.0,1.5,,1,20,740,759,UUGACAGAAGAUAGAGAGCA,UGCUCUCUCUCUUCUGUCAA,Cleavage
230,Egr-miR156l,Eucgr.A02441.1,32046838,Eucgr.A02441,Eucgr.A02441.1.v2.0,v2.0,1.5,,1,20,982,1001,UUGACAGAAGAUAGAGAGCA,UGCUCUCUCUCUUCUGUCAA,Cleavage
231,Egr-miR156l,Eucgr.K01828.1,32068216,Eucgr.K01828,Eucgr.K01828.1.v2.0,v2.0,1.5,,1,20,1232,1251,UUGACAGAAGAUAGAGAGCA,UGCUCUCUCUCUUCUGUCAA,Cleavage
232,Egr-miR156l,Eucgr.B03500.1,32061907,Eucgr.B03500,Eucgr.B03500.1.v2.0,v2.0,1.5,,1,20,1561,1580,UUGACAGAAGAUAGAGAGCA,UGCUCUCUCUCUUCUGUCAA,Cleavage
233,Egr-miR156m,Eucgr.E03260.1,32030592,Eucgr.E03260,Eucgr.E03260.1.v2.0,v2.0,1.5,,1,20,740,759,UUGACAGAAGAUAGAGAGCA,UGCUCUCUCUCUUCUGUCAA,Cleavage
234,Egr-miR156m,Eucgr.A02441.1,32046838,Eucgr.A02441,Eucgr.A02441.1.v2.0,v2.0,1.5,,1,20,982,1001,UUGACAGAAGAUAGAGAGCA,UGCUCUCUCUCUUCUGUCAA,Cleavage
235,Egr-miR156m,Eucgr.K01828.1,32068216,Eucgr.K01828,Eucgr.K01828.1.v2.0,v2.0,1.5,,1,20,1232,1251,UUGACAGAAGAUAGAGAGCA,UGCUCUCUCUCUUCUGUCAA,Cleavage
236,Egr-miR156m,Eucgr.B03500.1,32061907,Eucgr.B03500,Eucgr.B03500.1.v2.0,v2.0,1.5,,1,20,1561,1580,UUGACAGAAGAUAGAGAGCA,UGCUCUCUCUCUUCUGUCAA,Cleavage
237,Egr-miR156n,Eucgr.E03260.1,32030592,Eucgr.E03260,Eucgr.E03260.1.v2.0,v2.0,1.5,,1,20,740,759,UUGACAGAAGAUAGAGAGCA,UGCUCUCUCUCUUCUGUCAA,Cleavage
238,Egr-miR156n,Eucgr.A02441.1,32046838,Eucgr.A02441,Eucgr.A02441.1.v2.0,v2.0,1.5,,1,20,982,1001,UUGACAGAAGAUAGAGAGCA,UGCUCUCUCUCUUCUGUCAA,Cleavage
239,Egr-miR156n,Eucgr.K01828.1,32068216,Eucgr.K01828,Eucgr.K01828.1.v2.0,v2.0,1.5,,1,20,1232,1251,UUGACAGAAGAUAGAGAGCA,UGCUCUCUCUCUUCUGUCAA,Cleavage
240,Egr-miR156n,Eucgr.B03500.1,32061907,Eucgr.B03500,Eucgr.B03500.1.v2.0,v2.0,1.5,,1,20,1561,1580,UUGACAGAAGAUAGAGAGCA,UGCUCUCUCUCUUCUGUCAA,Cleavage
241,Egr-miR156o,Eucgr.F02583.1,32054876,Eucgr.F02583,Eucgr.F02583.1.v2.0,v2.0,1.5,,1,22,1193,1214,UGACAGAAGAGAGUGAGCACAC,AGAUGCUCACUCGCUUCUGUCA,Translation
242,Egr-miR482a,Eucgr.D02231.1,32049955,Eucgr.D02231,Eucgr.D02231.1.v2.0,v2.0,1.5,,1,21,53,73,UUUCCUAUUCCUCCCAUUCCA,CAGAGUGGGAGGGAUAGGGAA,Cleavage
243,Egr-miR482b,Eucgr.H03699.1,32042434,Eucgr.H03699,Eucgr.H03699.1.v2.0,v2.0,1.5,,1,21,548,568,UCUUGCCAAUACCACCCAUGC,GGAUGGGUGGUAUUGGAAAGA,Cleavage
244,Egr-miR482b,Eucgr.H03699.2,32042435,Eucgr.H03699,Eucgr.H03699.2.v2.0,v2.0,1.5,,1,21,548,568,UCUUGCCAAUACCACCCAUGC,GGAUGGGUGGUAUUGGAAAGA,Cleavage
245,Egr-miR482b,Eucgr.E02004.1,32029490,Eucgr.E02004,Eucgr.E02004.1.v2.0,v2.0,1.5,,1,21,656,676,UCUUGCCAAUACCACCCAUGC,GAAUGGGUGGUAUUGGAAAGA,Cleavage
246,Egr-miR482b,Eucgr.H03723.1,32044712,Eucgr.H03723,Eucgr.H03723.1.v2.0,v2.0,1.5,,1,21,644,664,UCUUGCCAAUACCACCCAUGC,GGAUGGGUGGUAUUGGAAAGA,Cleavage
247,Egr-miR482b,Eucgr.C00409.1,32039313,Eucgr.C00409,Eucgr.C00409.1.v2.0,v2.0,1.5,,1,21,641,661,UCUUGCCAAUACCACCCAUGC,GAAUGGGGGGUAUUGGUAAGA,Cleavage
248,Egr-miR482b,Eucgr.H01030.1,32045535,Eucgr.H01030,Eucgr.H01030.1.v2.0,v2.0,1.5,,1,21,530,550,UCUUGCCAAUACCACCCAUGC,GGAUGGGCGGUGUUGGCAAGA,Cleavage
249,Egr-miR482b,Eucgr.L02915.1,32027741,Eucgr.L02915,Eucgr.L02915.1.v2.0,v2.0,1.5,,1,21,293,313,UCUUGCCAAUACCACCCAUGC,GAAUGGGAGGUGUUGGCAAGA,Cleavage
250,Chr01_1685,Eucgr.H02369.1,32041343,Eucgr.H02369,Eucgr.H02369.1.v2.0,v2.0,2.0,,1,20,548,567,UUGGAUGUCUUCAAGGAAAC,GUUUCCUCGAAGACGUCCAA,Cleavage
251,Chr01_1685,Eucgr.J02056.1,32034717,Eucgr.J02056,Eucgr.J02056.1.v2.0,v2.0,2.0,,1,20,1510,1529,UUGGAUGUCUUCAAGGAAAC,GGUUCCUUGAAGAUAUUCAA,Cleavage
252,Chr02_5696,Eucgr.H04688.1,32041080,Eucgr.H04688,Eucgr.H04688.1.v2.0,v2.0,2.0,,1,21,680,700,ACUCUCCCUCAAAGACUUCCA,UGGAAGCCUUUGAGGGAGAGA,Cleavage
253,Chr02_5754,Eucgr.K00738.1,32068205,Eucgr.K00738,Eucgr.K00738.1.v2.0,v2.0,2.0,,1,20,216,235,AAGCUCAGGAGGGAUAGCGC,GCGGCAUCCCUCCUGAGCUU,Cleavage
254,Chr03_12134,Eucgr.I02024.1,32063846,Eucgr.I02024,Eucgr.I02024.1.v2.0,v2.0,2.0,,1,21,701,721,GUUCAAGAAAGCUGUGGAAAA,AAUUAUACGGCUUUCUUGAAC,Cleavage
255,Chr03_12234,Eucgr.F03169.3,32055338,Eucgr.F03169,Eucgr.F03169.3.v2.0,v2.0,2.0,,1,20,979,998,CAGCCAAGGAUGACUUGCCG,UGGGAAGUCAUCCUUGGCUC,Cleavage
256,Chr03_12234,Eucgr.F03169.1,32055336,Eucgr.F03169,Eucgr.F03169.1.v2.0,v2.0,2.0,,1,20,1249,1268,CAGCCAAGGAUGACUUGCCG,UGGGAAGUCAUCCUUGGCUC,Cleavage
257,Chr03_12234,Eucgr.F03169.2,32055337,Eucgr.F03169,Eucgr.F03169.2.v2.0,v2.0,2.0,,1,20,1664,1683,CAGCCAAGGAUGACUUGCCG,UGGGAAGUCAUCCUUGGCUC,Cleavage
258,Chr03_12234,Eucgr.K01921.1,32068458,Eucgr.K01921,Eucgr.K01921.1.v2.0,v2.0,2.0,,1,20,1383,1402,CAGCCAAGGAUGACUUGCCG,AGGCAAAUCAUCCUUGGCUC,Cleavage
259,Chr03_12234,Eucgr.C00842.1,32036221,Eucgr.C00842,Eucgr.C00842.1.v2.0,v2.0,2.0,,1,20,1418,1437,CAGCCAAGGAUGACUUGCCG,GGGCAAAUCAUCCUUGGCUU,Cleavage
260,Chr03_14086,Eucgr.F03169.3,32055338,Eucgr.F03169,Eucgr.F03169.3.v2.0,v2.0,2.0,,1,20,979,998,CAGCCAAGGAUGACUUGCCG,UGGGAAGUCAUCCUUGGCUC,Cleavage
261,Chr03_14086,Eucgr.F03169.1,32055336,Eucgr.F03169,Eucgr.F03169.1.v2.0,v2.0,2.0,,1,20,1249,1268,CAGCCAAGGAUGACUUGCCG,UGGGAAGUCAUCCUUGGCUC,Cleavage
262,Chr03_14086,Eucgr.F03169.2,32055337,Eucgr.F03169,Eucgr.F03169.2.v2.0,v2.0,2.0,,1,20,1664,1683,CAGCCAAGGAUGACUUGCCG,UGGGAAGUCAUCCUUGGCUC,Cleavage
263,Chr03_14086,Eucgr.K01921.1,32068458,Eucgr.K01921,Eucgr.K01921.1.v2.0,v2.0,2.0,,1,20,1383,1402,CAGCCAAGGAUGACUUGCCG,AGGCAAAUCAUCCUUGGCUC,Cleavage
264,Chr03_14086,Eucgr.C00842.1,32036221,Eucgr.C00842,Eucgr.C00842.1.v2.0,v2.0,2.0,,1,20,1418,1437,CAGCCAAGGAUGACUUGCCG,GGGCAAAUCAUCCUUGGCUU,Cleavage
265,Chr03_9415,Eucgr.F03769.1,32055069,Eucgr.F03769,Eucgr.F03769.1.v2.0,v2.0,2.0,,1,20,376,395,UUGAGCCGCGCCAAUAUCAC,GUGAUAUUGGUUCGGCUCAA,Cleavage
266,Chr03_9415,Eucgr.L03490.1,32069861,Eucgr.L03490,Eucgr.L03490.1.v2.0,v2.0,2.0,,1,20,394,413,UUGAGCCGCGCCAAUAUCAC,GUGAUAUUGGUUCGGCUCAA,Cleavage
267,Chr03_9415,Eucgr.B00601.1,32061447,Eucgr.B00601,Eucgr.B00601.1.v2.0,v2.0,2.0,,1,20,330,349,UUGAGCCGCGCCAAUAUCAC,AUGUUAUUGGCGUGGUUCAA,Cleavage
268,Chr03_9415,Eucgr.B00599.1,32060558,Eucgr.B00599,Eucgr.B00599.1.v2.0,v2.0,2.0,,1,20,1047,1066,UUGAGCCGCGCCAAUAUCAC,AUGUUAUUGGCGUGGUUCAA,Cleavage
269,Chr05_19934,Eucgr.D01673.1,32052195,Eucgr.D01673,Eucgr.D01673.1.v2.0,v2.0,2.0,,1,20,376,395,GUGCGGUUCUCCUUUGGCAA,UUGCCCAAGGAGAACCGUGC,Cleavage
270,Chr05_19934,Eucgr.K01120.1,32069727,Eucgr.K01120,Eucgr.K01120.1.v2.0,v2.0,2.0,,1,20,577,596,GUGCGGUUCUCCUUUGGCAA,UUGUCCAAGGAGAAUCGCAC,Cleavage
271,Chr06_22113,Eucgr.E02473.1,32028436,Eucgr.E02473,Eucgr.E02473.1.v2.0,v2.0,2.0,,1,21,1543,1563,GCUCUCUCUUCUUCCGUCACC,UCUGAGGGAGGAAGGGAGAGC,Cleavage
272,Chr07_27100,Eucgr.J02821.3,32032924,Eucgr.J02821,Eucgr.J02821.3.v2.0,v2.0,2.0,,1,22,4993,5014,GUUAUUGACGUCAAGAGAUCGA,AAUAUUUCUUGACGUCAAUCAC,Cleavage
273,Chr07_27100,Eucgr.J02821.2,32032923,Eucgr.J02821,Eucgr.J02821.2.v2.0,v2.0,2.0,,1,22,4993,5014,GUUAUUGACGUCAAGAGAUCGA,AAUAUUUCUUGACGUCAAUCAC,Cleavage
274,Chr07_27100,Eucgr.J02821.1,32032922,Eucgr.J02821,Eucgr.J02821.1.v2.0,v2.0,2.0,,1,22,4993,5014,GUUAUUGACGUCAAGAGAUCGA,AAUAUUUCUUGACGUCAAUCAC,Cleavage
275,Chr07_27268,Eucgr.B03840.1,32061159,Eucgr.B03840,Eucgr.B03840.1.v2.0,v2.0,2.0,,1,21,225,245,AGAUCUGGGCCGCCGCGGCUC,GCGUCGUGGCGGCCCAGAUCG,Cleavage
276,Chr07_27268,Eucgr.H04620.2,32044440,Eucgr.H04620,Eucgr.H04620.2.v2.0,v2.0,2.0,,1,21,550,570,AGAUCUGGGCCGCCGCGGCUC,CGGCGGCGGCGGCCCAGAUCA,Cleavage
277,Chr07_27268,Eucgr.H04620.1,32044439,Eucgr.H04620,Eucgr.H04620.1.v2.0,v2.0,2.0,,1,21,550,570,AGAUCUGGGCCGCCGCGGCUC,CGGCGGCGGCGGCCCAGAUCA,Cleavage
278,Chr07_27268,Eucgr.C00285.2,32039289,Eucgr.C00285,Eucgr.C00285.2.v2.0,v2.0,2.0,,1,21,315,335,AGAUCUGGGCCGCCGCGGCUC,CUGCCGUGGCGGCCGAGAUCU,Cleavage
279,Chr07_27268,Eucgr.C00285.1,32039288,Eucgr.C00285,Eucgr.C00285.1.v2.0,v2.0,2.0,,1,21,315,335,AGAUCUGGGCCGCCGCGGCUC,CUGCCGUGGCGGCCGAGAUCU,Cleavage
280,Chr08_30829,Eucgr.C00608.3,32037002,Eucgr.C00608,Eucgr.C00608.3.v2.0,v2.0,2.0,,1,22,643,664,UCCGUCAUGAGCAUUGUAGCUA,AGUCUACAAUGCUCUUGGCGGA,Cleavage
281,Chr08_30829,Eucgr.C00608.4,32037003,Eucgr.C00608,Eucgr.C00608.4.v2.0,v2.0,2.0,,1,22,643,664,UCCGUCAUGAGCAUUGUAGCUA,AGUCUACAAUGCUCUUGGCGGA,Cleavage
282,Chr08_30829,Eucgr.C00608.1,32037000,Eucgr.C00608,Eucgr.C00608.1.v2.0,v2.0,2.0,,1,22,643,664,UCCGUCAUGAGCAUUGUAGCUA,AGUCUACAAUGCUCUUGGCGGA,Cleavage
283,Chr08_30829,Eucgr.C00608.2,32037001,Eucgr.C00608,Eucgr.C00608.2.v2.0,v2.0,2.0,,1,22,643,664,UCCGUCAUGAGCAUUGUAGCUA,AGUCUACAAUGCUCUUGGCGGA,Cleavage
284,Chr08_31426,Eucgr.C02551.1,32037682,Eucgr.C02551,Eucgr.C02551.1.v2.0,v2.0,2.0,,1,20,238,257,UUGGUUUUGAGCUUGACAUC,GAUGUCAAGCUCAAAACUGU,Cleavage
285,Chr08_31426,Eucgr.H02362.1,32042404,Eucgr.H02362,Eucgr.H02362.1.v2.0,v2.0,2.0,,1,20,238,257,UUGGUUUUGAGCUUGACAUC,GAUGUCAAGCUCAAAACGGA,Cleavage
286,Chr08_31426,Eucgr.E01998.1,32028484,Eucgr.E01998,Eucgr.E01998.1.v2.0,v2.0,2.0,,1,20,364,383,UUGGUUUUGAGCUUGACAUC,GAUGUUAAGCUUAAGACCGA,Cleavage
287,Chr08_31426,Eucgr.H02359.1,32044821,Eucgr.H02359,Eucgr.H02359.1.v2.0,v2.0,2.0,,1,20,340,359,UUGGUUUUGAGCUUGACAUC,GAUGUCAAGCUUAAAACAAA,Cleavage
288,Chr08_31426,Eucgr.B02960.1,32039329,Eucgr.B02960,Eucgr.B02960.1.v2.0,v2.0,2.0,,1,20,1894,1913,UUGGUUUUGAGCUUGACAUC,GAUGUUAAGCUCAAAAGCAA,Cleavage
289,Chr08_31426,Eucgr.C02630.1,32037705,Eucgr.C02630,Eucgr.C02630.1.v2.0,v2.0,2.0,,1,20,199,218,UUGGUUUUGAGCUUGACAUC,GAUGUGAAGCUUGAAACCAA,Cleavage
290,Chr08_31426,Eucgr.F04311.1,32056368,Eucgr.F04311,Eucgr.F04311.1.v2.0,v2.0,2.0,,1,20,364,383,UUGGUUUUGAGCUUGACAUC,GAUGUGAAGCUUGAAACCAA,Cleavage
291,Chr08_31426,Eucgr.G02696.4,32073276,Eucgr.G02696,Eucgr.G02696.4.v2.0,v2.0,2.0,,1,20,2099,2118,UUGGUUUUGAGCUUGACAUC,CAUGUCAAGCUUGAAACCGG,Cleavage
292,Chr08_31426,Eucgr.G02696.2,32073274,Eucgr.G02696,Eucgr.G02696.2.v2.0,v2.0,2.0,,1,20,2099,2118,UUGGUUUUGAGCUUGACAUC,CAUGUCAAGCUUGAAACCGG,Cleavage
293,Chr08_31426,Eucgr.G02696.3,32073275,Eucgr.G02696,Eucgr.G02696.3.v2.0,v2.0,2.0,,1,20,2099,2118,UUGGUUUUGAGCUUGACAUC,CAUGUCAAGCUUGAAACCGG,Cleavage
294,Chr08_34494,Eucgr.H03679.1,32044635,Eucgr.H03679,Eucgr.H03679.1.v2.0,v2.0,2.0,,1,20,696,715,AAUUGUUGUACUUGUUGGAA,UUCCAAAAAGUACAACAAUC,Cleavage
295,Chr08_34494,Eucgr.L02348.1,32027833,Eucgr.L02348,Eucgr.L02348.1.v2.0,v2.0,2.0,,1,20,237,256,AAUUGUUGUACUUGUUGGAA,CACCAACAAGUGCAAUAAUU,Cleavage
296,Chr08_34494,Eucgr.G03151.1,32073219,Eucgr.G03151,Eucgr.G03151.1.v2.0,v2.0,2.0,,1,20,631,650,AAUUGUUGUACUUGUUGGAA,CACCAACAAGUGCAAUAAUU,Cleavage
297,Chr08_34494,Eucgr.G01972.1,32070650,Eucgr.G01972,Eucgr.G01972.1.v2.0,v2.0,2.0,,1,20,834,853,AAUUGUUGUACUUGUUGGAA,GUCCAACGAGUACGACAAUG,Cleavage
298,Chr08_34494,Eucgr.H04640.3,32040904,Eucgr.H04640,Eucgr.H04640.3.v2.0,v2.0,2.0,,1,20,632,651,AAUUGUUGUACUUGUUGGAA,GUCCAAGAAGUACAACAAUG,Cleavage
299,Chr08_34494,Eucgr.H04640.1,32040902,Eucgr.H04640,Eucgr.H04640.1.v2.0,v2.0,2.0,,1,20,687,706,AAUUGUUGUACUUGUUGGAA,GUCCAAGAAGUACAACAAUG,Cleavage
300,Chr08_34494,Eucgr.H04640.2,32040903,Eucgr.H04640,Eucgr.H04640.2.v2.0,v2.0,2.0,,1,20,797,816,AAUUGUUGUACUUGUUGGAA,GUCCAAGAAGUACAACAAUG,Cleavage
301,Chr08_34494,Eucgr.H04640.4,32040905,Eucgr.H04640,Eucgr.H04640.4.v2.0,v2.0,2.0,,1,20,1624,1643,AAUUGUUGUACUUGUUGGAA,GUCCAAGAAGUACAACAAUG,Cleavage
302,Chr08_34494,Eucgr.G02447.1,32072511,Eucgr.G02447,Eucgr.G02447.1.v2.0,v2.0,2.0,,1,20,924,943,AAUUGUUGUACUUGUUGGAA,CUCAAAUGAGUACAACAAUU,Cleavage
303,Chr08_35572,Eucgr.F01437.1,32053220,Eucgr.F01437,Eucgr.F01437.1.v2.0,v2.0,2.0,,1,20,826,845,UUGUAUUGGAUGAUGUUGAU,AUCAACACCAUCCAGUACAA,Cleavage
304,Chr08_35572,Eucgr.F01437.2,32053221,Eucgr.F01437,Eucgr.F01437.2.v2.0,v2.0,2.0,,1,20,912,931,UUGUAUUGGAUGAUGUUGAU,AUCAACACCAUCCAGUACAA,Cleavage
305,Chr09_37979,Eucgr.I02250.1,32062894,Eucgr.I02250,Eucgr.I02250.1.v2.0,v2.0,2.0,,1,20,149,168,UACUCCAGGCUACUUUCAAU,AUUGCAAGUGGCCUGGGGUA,Cleavage
306,Chr10_40549,Eucgr.F01170.1,32052502,Eucgr.F01170,Eucgr.F01170.1.v2.0,v2.0,2.0,,1,20,711,730,UGGAGAAGCAGGGCACAUGC,GCACGUGUCCUGUUUCUCCA,Cleavage
307,Chr10_40549,Eucgr.F02958.1,32055125,Eucgr.F02958,Eucgr.F02958.1.v2.0,v2.0,2.0,,1,20,182,201,UGGAGAAGCAGGGCACAUGC,GCAAGUGCCCUGUUUCUUCA,Cleavage
308,Chr11_41982,Eucgr.K00738.1,32068205,Eucgr.K00738,Eucgr.K00738.1.v2.0,v2.0,2.0,,1,20,216,235,AAGCUCAGGAGGGAUAGCGC,GCGGCAUCCCUCCUGAGCUU,Cleavage
309,Chr11_42092,Eucgr.A01782.1,32047401,Eucgr.A01782,Eucgr.A01782.1.v2.0,v2.0,2.0,,1,20,1617,1636,UAAAGCUGCCAGCAUGAUCC,UGAUCGAGUUGGCAGCUUUA,Cleavage
310,Egr-miR156a,Eucgr.K02708.3,32067231,Eucgr.K02708,Eucgr.K02708.3.v2.0,v2.0,2.0,,1,22,1071,1092,UUGACAGAAGAGAGUGAGCACA,UGUGCUCUCUCUCUUCUGUCAU,Cleavage
311,Egr-miR156a,Eucgr.D02505.1,32050650,Eucgr.D02505,Eucgr.D02505.1.v2.0,v2.0,2.0,,1,22,771,792,UUGACAGAAGAGAGUGAGCACA,UGUGCUCUCUCUCUUCUGUCAU,Cleavage
312,Egr-miR156a,Eucgr.K02708.1,32067229,Eucgr.K02708,Eucgr.K02708.1.v2.0,v2.0,2.0,,1,22,1174,1195,UUGACAGAAGAGAGUGAGCACA,UGUGCUCUCUCUCUUCUGUCAU,Cleavage
313,Egr-miR156a,Eucgr.K02708.2,32067230,Eucgr.K02708,Eucgr.K02708.2.v2.0,v2.0,2.0,,1,22,1203,1224,UUGACAGAAGAGAGUGAGCACA,UGUGCUCUCUCUCUUCUGUCAU,Cleavage
314,Egr-miR156a,Eucgr.B03518.1,32060274,Eucgr.B03518,Eucgr.B03518.1.v2.0,v2.0,2.0,,1,22,688,709,UUGACAGAAGAGAGUGAGCACA,CGUGCUCUCUCUCUUCUGUCAU,Cleavage
315,Egr-miR156a,Eucgr.B00631.1,32060069,Eucgr.B00631,Eucgr.B00631.1.v2.0,v2.0,2.0,,1,22,1135,1156,UUGACAGAAGAGAGUGAGCACA,CGUGCUCUCUCUCUUCUGUCAU,Cleavage
316,Egr-miR156a,Eucgr.K02545.1,32068115,Eucgr.K02545,Eucgr.K02545.1.v2.0,v2.0,2.0,,1,22,1679,1700,UUGACAGAAGAGAGUGAGCACA,CGUGCUCUCUCUCUUCUGUCAU,Cleavage
317,Egr-miR156a,Eucgr.K02545.2,32068116,Eucgr.K02545,Eucgr.K02545.2.v2.0,v2.0,2.0,,1,22,1679,1700,UUGACAGAAGAGAGUGAGCACA,CGUGCUCUCUCUCUUCUGUCAU,Cleavage
318,Egr-miR156a,Eucgr.K01046.3,32066956,Eucgr.K01046,Eucgr.K01046.3.v2.0,v2.0,2.0,,1,22,709,730,UUGACAGAAGAGAGUGAGCACA,GAUGCUCUCUCUCUUCUGUCAU,Cleavage
319,Egr-miR156a,Eucgr.K01046.2,32066955,Eucgr.K01046,Eucgr.K01046.2.v2.0,v2.0,2.0,,1,22,742,763,UUGACAGAAGAGAGUGAGCACA,GAUGCUCUCUCUCUUCUGUCAU,Cleavage
320,Egr-miR156a,Eucgr.K01046.1,32066954,Eucgr.K01046,Eucgr.K01046.1.v2.0,v2.0,2.0,,1,22,883,904,UUGACAGAAGAGAGUGAGCACA,GAUGCUCUCUCUCUUCUGUCAU,Cleavage
321,Egr-miR156a,Eucgr.F03303.1,32055899,Eucgr.F03303,Eucgr.F03303.1.v2.0,v2.0,2.0,,1,22,612,633,UUGACAGAAGAGAGUGAGCACA,CAUGCUCCCUCUCUUCUGUCAC,Cleavage
322,Egr-miR156a,Eucgr.F01108.1,32057744,Eucgr.F01108,Eucgr.F01108.1.v2.0,v2.0,2.0,,1,22,596,617,UUGACAGAAGAGAGUGAGCACA,CUUGCUCUCUCUUUUCUGUUAA,Cleavage
323,Egr-miR156b,Eucgr.K02708.3,32067231,Eucgr.K02708,Eucgr.K02708.3.v2.0,v2.0,2.0,,1,22,1071,1092,UUGACAGAAGAGAGUGAGCACA,UGUGCUCUCUCUCUUCUGUCAU,Cleavage
324,Egr-miR156b,Eucgr.D02505.1,32050650,Eucgr.D02505,Eucgr.D02505.1.v2.0,v2.0,2.0,,1,22,771,792,UUGACAGAAGAGAGUGAGCACA,UGUGCUCUCUCUCUUCUGUCAU,Cleavage
325,Egr-miR156b,Eucgr.K02708.1,32067229,Eucgr.K02708,Eucgr.K02708.1.v2.0,v2.0,2.0,,1,22,1174,1195,UUGACAGAAGAGAGUGAGCACA,UGUGCUCUCUCUCUUCUGUCAU,Cleavage
326,Egr-miR156b,Eucgr.K02708.2,32067230,Eucgr.K02708,Eucgr.K02708.2.v2.0,v2.0,2.0,,1,22,1203,1224,UUGACAGAAGAGAGUGAGCACA,UGUGCUCUCUCUCUUCUGUCAU,Cleavage
327,Egr-miR156b,Eucgr.B03518.1,32060274,Eucgr.B03518,Eucgr.B03518.1.v2.0,v2.0,2.0,,1,22,688,709,UUGACAGAAGAGAGUGAGCACA,CGUGCUCUCUCUCUUCUGUCAU,Cleavage
328,Egr-miR156b,Eucgr.B00631.1,32060069,Eucgr.B00631,Eucgr.B00631.1.v2.0,v2.0,2.0,,1,22,1135,1156,UUGACAGAAGAGAGUGAGCACA,CGUGCUCUCUCUCUUCUGUCAU,Cleavage
329,Egr-miR156b,Eucgr.K02545.1,32068115,Eucgr.K02545,Eucgr.K02545.1.v2.0,v2.0,2.0,,1,22,1679,1700,UUGACAGAAGAGAGUGAGCACA,CGUGCUCUCUCUCUUCUGUCAU,Cleavage
330,Egr-miR156b,Eucgr.K02545.2,32068116,Eucgr.K02545,Eucgr.K02545.2.v2.0,v2.0,2.0,,1,22,1679,1700,UUGACAGAAGAGAGUGAGCACA,CGUGCUCUCUCUCUUCUGUCAU,Cleavage
331,Egr-miR156b,Eucgr.K01046.3,32066956,Eucgr.K01046,Eucgr.K01046.3.v2.0,v2.0,2.0,,1,22,709,730,UUGACAGAAGAGAGUGAGCACA,GAUGCUCUCUCUCUUCUGUCAU,Cleavage
332,Egr-miR156b,Eucgr.K01046.2,32066955,Eucgr.K01046,Eucgr.K01046.2.v2.0,v2.0,2.0,,1,22,742,763,UUGACAGAAGAGAGUGAGCACA,GAUGCUCUCUCUCUUCUGUCAU,Cleavage
333,Egr-miR156b,Eucgr.K01046.1,32066954,Eucgr.K01046,Eucgr.K01046.1.v2.0,v2.0,2.0,,1,22,883,904,UUGACAGAAGAGAGUGAGCACA,GAUGCUCUCUCUCUUCUGUCAU,Cleavage
334,Egr-miR156b,Eucgr.F03303.1,32055899,Eucgr.F03303,Eucgr.F03303.1.v2.0,v2.0,2.0,,1,22,612,633,UUGACAGAAGAGAGUGAGCACA,CAUGCUCCCUCUCUUCUGUCAC,Cleavage
335,Egr-miR156b,Eucgr.F01108.1,32057744,Eucgr.F01108,Eucgr.F01108.1.v2.0,v2.0,2.0,,1,22,596,617,UUGACAGAAGAGAGUGAGCACA,CUUGCUCUCUCUUUUCUGUUAA,Cleavage
336,Egr-miR156d,Eucgr.F01108.1,32057744,Eucgr.F01108,Eucgr.F01108.1.v2.0,v2.0,2.0,,1,19,598,616,UGACAGAAGAGAGUGAGCA,UGCUCUCUCUUUUCUGUUA,Cleavage
337,Egr-miR156d,Eucgr.K00131.1,32067878,Eucgr.K00131,Eucgr.K00131.1.v2.0,v2.0,2.0,,1,19,325,343,UGACAGAAGAGAGUGAGCA,UUCACACUCUCUUCUGUCA,Cleavage
338,Egr-miR156e,Eucgr.F01108.1,32057744,Eucgr.F01108,Eucgr.F01108.1.v2.0,v2.0,2.0,,1,19,598,616,UGACAGAAGAGAGUGAGCA,UGCUCUCUCUUUUCUGUUA,Cleavage
339,Egr-miR156e,Eucgr.K00131.1,32067878,Eucgr.K00131,Eucgr.K00131.1.v2.0,v2.0,2.0,,1,19,325,343,UGACAGAAGAGAGUGAGCA,UUCACACUCUCUUCUGUCA,Cleavage
340,Egr-miR156f,Eucgr.F01108.1,32057744,Eucgr.F01108,Eucgr.F01108.1.v2.0,v2.0,2.0,,1,19,598,616,UGACAGAAGAGAGUGAGCA,UGCUCUCUCUUUUCUGUUA,Cleavage
341,Egr-miR156f,Eucgr.K00131.1,32067878,Eucgr.K00131,Eucgr.K00131.1.v2.0,v2.0,2.0,,1,19,325,343,UGACAGAAGAGAGUGAGCA,UUCACACUCUCUUCUGUCA,Cleavage
342,Egr-miR156h,Eucgr.F01108.1,32057744,Eucgr.F01108,Eucgr.F01108.1.v2.0,v2.0,2.0,,1,19,598,616,UGACAGAAGAGAGUGAGCA,UGCUCUCUCUUUUCUGUUA,Cleavage
343,Egr-miR156h,Eucgr.K00131.1,32067878,Eucgr.K00131,Eucgr.K00131.1.v2.0,v2.0,2.0,,1,19,325,343,UGACAGAAGAGAGUGAGCA,UUCACACUCUCUUCUGUCA,Cleavage
344,Egr-miR156i,Eucgr.F01108.1,32057744,Eucgr.F01108,Eucgr.F01108.1.v2.0,v2.0,2.0,,1,19,598,616,UGACAGAAGAGAGUGAGCA,UGCUCUCUCUUUUCUGUUA,Cleavage
345,Egr-miR156i,Eucgr.K00131.1,32067878,Eucgr.K00131,Eucgr.K00131.1.v2.0,v2.0,2.0,,1,19,325,343,UGACAGAAGAGAGUGAGCA,UUCACACUCUCUUCUGUCA,Cleavage
346,Egr-miR156j,Eucgr.F01108.1,32057744,Eucgr.F01108,Eucgr.F01108.1.v2.0,v2.0,2.0,,1,19,598,616,UGACAGAAGAGAGUGAGCA,UGCUCUCUCUUUUCUGUUA,Cleavage
347,Egr-miR156j,Eucgr.K00131.1,32067878,Eucgr.K00131,Eucgr.K00131.1.v2.0,v2.0,2.0,,1,19,325,343,UGACAGAAGAGAGUGAGCA,UUCACACUCUCUUCUGUCA,Cleavage
348,Egr-miR156l,Eucgr.I00195.2,32065434,Eucgr.I00195,Eucgr.I00195.2.v2.0,v2.0,2.0,,1,20,1365,1384,UUGACAGAAGAUAGAGAGCA,UCCUUUCUAUUUUCUGUCAA,Cleavage
349,Egr-miR156m,Eucgr.I00195.2,32065434,Eucgr.I00195,Eucgr.I00195.2.v2.0,v2.0,2.0,,1,20,1365,1384,UUGACAGAAGAUAGAGAGCA,UCCUUUCUAUUUUCUGUCAA,Cleavage
350,Egr-miR156n,Eucgr.I00195.2,32065434,Eucgr.I00195,Eucgr.I00195.2.v2.0,v2.0,2.0,,1,20,1365,1384,UUGACAGAAGAUAGAGAGCA,UCCUUUCUAUUUUCUGUCAA,Cleavage
351,Egr-miR156o,Eucgr.F01108.1,32057744,Eucgr.F01108,Eucgr.F01108.1.v2.0,v2.0,2.0,,1,22,595,616,UGACAGAAGAGAGUGAGCACAC,UCUUGCUCUCUCUUUUCUGUUA,Cleavage
352,Egr-miR156o,Eucgr.K00131.1,32067878,Eucgr.K00131,Eucgr.K00131.1.v2.0,v2.0,2.0,,1,22,322,343,UGACAGAAGAGAGUGAGCACAC,UUUUUCACACUCUCUUCUGUCA,Cleavage
353,Egr-miR164a,Eucgr.F02958.1,32055125,Eucgr.F02958,Eucgr.F02958.1.v2.0,v2.0,2.0,,1,20,182,201,UGGAGAAGCAGGGCACGUGC,GCAAGUGCCCUGUUUCUUCA,Cleavage
354,Egr-miR164a,Eucgr.J00040.2,32033211,Eucgr.J00040,Eucgr.J00040.2.v2.0,v2.0,2.0,,1,20,374,393,UGGAGAAGCAGGGCACGUGC,UUGCCUGCCCUGCUUCUCCA,Cleavage
355,Egr-miR164a,Eucgr.J00040.1,32033210,Eucgr.J00040,Eucgr.J00040.1.v2.0,v2.0,2.0,,1,20,479,498,UGGAGAAGCAGGGCACGUGC,UUGCCUGCCCUGCUUCUCCA,Cleavage
356,Egr-miR164a,Eucgr.J00040.3,32033212,Eucgr.J00040,Eucgr.J00040.3.v2.0,v2.0,2.0,,1,20,536,555,UGGAGAAGCAGGGCACGUGC,UUGCCUGCCCUGCUUCUCCA,Cleavage
357,Egr-miR164a,Eucgr.J00040.5,32033214,Eucgr.J00040,Eucgr.J00040.5.v2.0,v2.0,2.0,,1,20,545,564,UGGAGAAGCAGGGCACGUGC,UUGCCUGCCCUGCUUCUCCA,Cleavage
358,Egr-miR164a,Eucgr.J00040.6,32033215,Eucgr.J00040,Eucgr.J00040.6.v2.0,v2.0,2.0,,1,20,536,555,UGGAGAAGCAGGGCACGUGC,UUGCCUGCCCUGCUUCUCCA,Cleavage
359,Egr-miR164a,Eucgr.J00040.4,32033213,Eucgr.J00040,Eucgr.J00040.4.v2.0,v2.0,2.0,,1,20,624,643,UGGAGAAGCAGGGCACGUGC,UUGCCUGCCCUGCUUCUCCA,Cleavage
360,Egr-miR165b,Eucgr.B02603.1,32061034,Eucgr.B02603,Eucgr.B02603.1.v2.0,v2.0,2.0,,1,22,1197,1218,UCGGACCAGGCUUCAUUCCCCU,GAAAGGAUGAAGCUUGGUCCGA,Cleavage
361,Egr-miR165e,Eucgr.B02603.1,32061034,Eucgr.B02603,Eucgr.B02603.1.v2.0,v2.0,2.0,,1,20,1199,1218,UCGGACCAGGCUUCAUUCCC,AAGGAUGAAGCUUGGUCCGA,Cleavage
362,Egr-miR165f,Eucgr.B02603.1,32061034,Eucgr.B02603,Eucgr.B02603.1.v2.0,v2.0,2.0,,1,21,1198,1218,UCGGACCAGGCUUCAUUCCCC,AAAGGAUGAAGCUUGGUCCGA,Cleavage
363,Egr-miR396a,Eucgr.F02120.1,32054137,Eucgr.F02120,Eucgr.F02120.1.v2.0,v2.0,2.0,,1,20,2639,2658,UUCCACAGCUUUCUUGAACU,AAUUUAAGGAAGCUGUGGAA,Cleavage
364,Egr-miR396c,Eucgr.F02120.1,32054137,Eucgr.F02120,Eucgr.F02120.1.v2.0,v2.0,2.0,,1,20,2639,2658,UUCCACAGCUUUCUUGAACU,AAUUUAAGGAAGCUGUGGAA,Cleavage
365,Egr-miR482a,Eucgr.J00987.1,32033015,Eucgr.J00987,Eucgr.J00987.1.v2.0,v2.0,2.0,,1,21,249,269,UUUCCUAUUCCUCCCAUUCCA,GGGAAUGGGAGGAGUAGGCAA,Cleavage
366,Egr-miR482b,Eucgr.L00696.1,32052300,Eucgr.L00696,Eucgr.L00696.1.v2.0,v2.0,2.0,,1,21,119,139,UCUUGCCAAUACCACCCAUGC,GCAUGGGUGGCAUUGGUAAGA,Translation
367,Egr-miR482b,Eucgr.C02567.1,32039179,Eucgr.C02567,Eucgr.C02567.1.v2.0,v2.0,2.0,,1,21,692,712,UCUUGCCAAUACCACCCAUGC,ACAUGGGUGGCAUUGGUAAGA,Translation
368,Egr-miR482b,Eucgr.F00908.1,32056646,Eucgr.F00908,Eucgr.F00908.1.v2.0,v2.0,2.0,,1,21,465,485,UCUUGCCAAUACCACCCAUGC,GAAUGGGUGGUGUUGGGAAGA,Cleavage
369,Egr-miR482b,Eucgr.L01860.1,32062490,Eucgr.L01860,Eucgr.L01860.1.v2.0,v2.0,2.0,,1,21,338,358,UCUUGCCAAUACCACCCAUGC,GAAUGGGUGGUGUUGGGAAGA,Cleavage
370,Egr-miR482b,Eucgr.L01111.1,32062436,Eucgr.L01111,Eucgr.L01111.1.v2.0,v2.0,2.0,,1,21,576,596,UCUUGCCAAUACCACCCAUGC,GAAUGGGUGGUGUUGGGAAGA,Cleavage
371,Egr-miR482b,Eucgr.F00923.1,32052999,Eucgr.F00923,Eucgr.F00923.1.v2.0,v2.0,2.0,,1,21,458,478,UCUUGCCAAUACCACCCAUGC,GAAUGGGUGGUGUUGGGAAGA,Cleavage
372,Egr-miR482b,Eucgr.F00937.1,32053375,Eucgr.F00937,Eucgr.F00937.1.v2.0,v2.0,2.0,,1,21,335,355,UCUUGCCAAUACCACCCAUGC,GAAUGGGUGGUGUUGGGAAGA,Cleavage
373,Egr-miR482b,Eucgr.B01071.1,32058912,Eucgr.B01071,Eucgr.B01071.1.v2.0,v2.0,2.0,,1,21,89,109,UCUUGCCAAUACCACCCAUGC,GGAUGGGUGGUGUUGGAAAGA,Cleavage
374,Egr-miR482b,Eucgr.F00954.1,32053748,Eucgr.F00954,Eucgr.F00954.1.v2.0,v2.0,2.0,,1,21,365,385,UCUUGCCAAUACCACCCAUGC,GAAUGGGUGGUGUUGGGAAGA,Cleavage
375,Egr-miR482b,Eucgr.A00735.1,32048377,Eucgr.A00735,Eucgr.A00735.1.v2.0,v2.0,2.0,,1,21,674,694,UCUUGCCAAUACCACCCAUGC,GAAUGGGUGGUGUUGGAAAGA,Cleavage
376,Egr-miR482b,Eucgr.F00914.1,32057839,Eucgr.F00914,Eucgr.F00914.1.v2.0,v2.0,2.0,,1,21,194,214,UCUUGCCAAUACCACCCAUGC,GAAUGGGUGGUGUUGGGAAGA,Cleavage
377,Egr-miR482b,Eucgr.F00542.1,32057795,Eucgr.F00542,Eucgr.F00542.1.v2.0,v2.0,2.0,,1,21,347,367,UCUUGCCAAUACCACCCAUGC,GAAUGGGUGGUGUUGGGAAGA,Cleavage
378,Egr-miR482b,Eucgr.F00556.1,32057372,Eucgr.F00556,Eucgr.F00556.1.v2.0,v2.0,2.0,,1,21,341,361,UCUUGCCAAUACCACCCAUGC,GAAUGGGUGGUGUUGGGAAGA,Cleavage
379,Egr-miR482b,Eucgr.F02533.1,32056120,Eucgr.F02533,Eucgr.F02533.1.v2.0,v2.0,2.0,,1,21,629,649,UCUUGCCAAUACCACCCAUGC,GAAUGGGUGGUAUCGGUAAGA,Cleavage
380,Egr-miR482b,Eucgr.K01937.1,32031322,Eucgr.K01937,Eucgr.K01937.1.v2.0,v2.0,2.0,,1,21,763,783,UCUUGCCAAUACCACCCAUGC,GAAUGGGUGGUAUCGGUAAGA,Cleavage
381,Egr-miR482b,Eucgr.F03887.1,32057850,Eucgr.F03887,Eucgr.F03887.1.v2.0,v2.0,2.0,,1,21,458,478,UCUUGCCAAUACCACCCAUGC,GAAUGGGUGGUAUCGGUAAGA,Cleavage
382,Egr-miR482b,Eucgr.F00904.1,32054064,Eucgr.F00904,Eucgr.F00904.1.v2.0,v2.0,2.0,,1,21,701,721,UCUUGCCAAUACCACCCAUGC,GAAUGGGUGGUGUUGGGAAGA,Cleavage
383,Egr-miR482b,Eucgr.G03265.1,32070384,Eucgr.G03265,Eucgr.G03265.1.v2.0,v2.0,2.0,,1,21,554,574,UCUUGCCAAUACCACCCAUGC,GGAUGGGUGGAAUUGGUAAGA,Translation
384,Egr-miR482b,Eucgr.F00956.1,32054363,Eucgr.F00956,Eucgr.F00956.1.v2.0,v2.0,2.0,,1,21,1377,1397,UCUUGCCAAUACCACCCAUGC,GAAUGGGUGGUGUUGGGAAGA,Cleavage
385,Egr-miR482b,Eucgr.F00956.2,32054364,Eucgr.F00956,Eucgr.F00956.2.v2.0,v2.0,2.0,,1,21,1377,1397,UCUUGCCAAUACCACCCAUGC,GAAUGGGUGGUGUUGGGAAGA,Cleavage
386,Egr-miR482b,Eucgr.F00886.1,32053649,Eucgr.F00886,Eucgr.F00886.1.v2.0,v2.0,2.0,,1,21,1595,1615,UCUUGCCAAUACCACCCAUGC,GAAUGGGUGGUGUUGGGAAGA,Cleavage
387,Egr-miRN5654,Eucgr.F02641.1,32054766,Eucgr.F02641,Eucgr.F02641.1.v2.0,v2.0,2.0,,1,20,289,308,UGGACGUUGCCUUGAGCCUU,AUGGCUCGAGGCAAUGUCCA,Cleavage
388,Egr-miRN5668,Eucgr.B01458.1,32058543,Eucgr.B01458,Eucgr.B01458.1.v2.0,v2.0,2.0,,1,20,140,159,UGGACCUGGUGCAUGCAUUC,GGAUGCAUUCACCAGGUCCA,Cleavage
389,Egr-miRN5674,Eucgr.G01551.1,32072183,Eucgr.G01551,Eucgr.G01551.1.v2.0,v2.0,2.0,,1,21,65,85,ACAAGUAAUGAUUGACGAGUC,AAUUCGUCGAUCAUUACUUGA,Cleavage
390,Egr-miRN5674,Eucgr.G01060.1,32070659,Eucgr.G01060,Eucgr.G01060.1.v2.0,v2.0,2.0,,1,21,145,165,ACAAGUAAUGAUUGACGAGUC,AAUUCGUCGAUCAUUACUUGA,Cleavage
391,scaffold_368_47485,Eucgr.H02369.1,32041343,Eucgr.H02369,Eucgr.H02369.1.v2.0,v2.0,2.0,,1,21,547,567,UUGGAUGUCUUCAAGGAAACU,AGUUUCCUCGAAGACGUCCAA,Cleavage
392,scaffold_368_47485,Eucgr.J02056.1,32034717,Eucgr.J02056,Eucgr.J02056.1.v2.0,v2.0,2.0,,1,21,1509,1529,UUGGAUGUCUUCAAGGAAACU,AGGUUCCUUGAAGAUAUUCAA,Cleavage
393,scaffold_60_44348,Eucgr.F01437.1,32053220,Eucgr.F01437,Eucgr.F01437.1.v2.0,v2.0,2.0,,1,20,826,845,UUGUAUUGGAUGAUGUUGAU,AUCAACACCAUCCAGUACAA,Cleavage
394,scaffold_60_44348,Eucgr.F01437.2,32053221,Eucgr.F01437,Eucgr.F01437.2.v2.0,v2.0,2.0,,1,20,912,931,UUGUAUUGGAUGAUGUUGAU,AUCAACACCAUCCAGUACAA,Cleavage
395,Chr01_1229,Eucgr.F03769.1,32055069,Eucgr.F03769,Eucgr.F03769.1.v2.0,v2.0,2.5,,1,21,375,395,UUGAGCCGUGCCAAUAUCGCG,GGUGAUAUUGGUUCGGCUCAA,Cleavage
396,Chr01_1229,Eucgr.L03490.1,32069861,Eucgr.L03490,Eucgr.L03490.1.v2.0,v2.0,2.5,,1,21,393,413,UUGAGCCGUGCCAAUAUCGCG,GGUGAUAUUGGUUCGGCUCAA,Cleavage
397,Chr01_1680,Eucgr.H01176.4,32045629,Eucgr.H01176,Eucgr.H01176.4.v2.0,v2.0,2.5,,1,20,849,868,UGAUUGAAGACGACCUUGGC,UGAAGGGUCGUCUUCAAUCA,Cleavage
398,Chr01_1680,Eucgr.H01176.2,32045627,Eucgr.H01176,Eucgr.H01176.2.v2.0,v2.0,2.5,,1,20,1087,1106,UGAUUGAAGACGACCUUGGC,UGAAGGGUCGUCUUCAAUCA,Cleavage
399,Chr01_1680,Eucgr.H01176.1,32045626,Eucgr.H01176,Eucgr.H01176.1.v2.0,v2.0,2.5,,1,20,1087,1106,UGAUUGAAGACGACCUUGGC,UGAAGGGUCGUCUUCAAUCA,Cleavage
400,Chr01_1680,Eucgr.H01176.5,32045630,Eucgr.H01176,Eucgr.H01176.5.v2.0,v2.0,2.5,,1,20,1058,1077,UGAUUGAAGACGACCUUGGC,UGAAGGGUCGUCUUCAAUCA,Cleavage
401,Chr01_1680,Eucgr.H01176.3,32045628,Eucgr.H01176,Eucgr.H01176.3.v2.0,v2.0,2.5,,1,20,1085,1104,UGAUUGAAGACGACCUUGGC,UGAAGGGUCGUCUUCAAUCA,Cleavage
402,Chr01_1680,Eucgr.E03165.2,32030876,Eucgr.E03165,Eucgr.E03165.2.v2.0,v2.0,2.5,,1,20,670,689,UGAUUGAAGACGACCUUGGC,ACUGGGGUUGUCUUCAAUUA,Cleavage
403,Chr01_1680,Eucgr.E03165.1,32030875,Eucgr.E03165,Eucgr.E03165.1.v2.0,v2.0,2.5,,1,20,680,699,UGAUUGAAGACGACCUUGGC,ACUGGGGUUGUCUUCAAUUA,Cleavage
404,Chr01_1680,Eucgr.E02654.3,32031018,Eucgr.E02654,Eucgr.E02654.3.v2.0,v2.0,2.5,,1,20,678,697,UGAUUGAAGACGACCUUGGC,ACUGGGGUUGUCUUCAAUUA,Cleavage
405,Chr01_1680,Eucgr.E02654.1,32031016,Eucgr.E02654,Eucgr.E02654.1.v2.0,v2.0,2.5,,1,20,739,758,UGAUUGAAGACGACCUUGGC,ACUGGGGUUGUCUUCAAUUA,Cleavage
406,Chr01_1680,Eucgr.E02654.2,32031017,Eucgr.E02654,Eucgr.E02654.2.v2.0,v2.0,2.5,,1,20,840,859,UGAUUGAAGACGACCUUGGC,ACUGGGGUUGUCUUCAAUUA,Cleavage
407,Chr01_1680,Eucgr.J02225.1,32034755,Eucgr.J02225,Eucgr.J02225.1.v2.0,v2.0,2.5,,1,20,948,967,UGAUUGAAGACGACCUUGGC,UCAAGGGUCGUCUUCGAUCG,Cleavage
408,Chr01_1680,Eucgr.A02035.2,32048673,Eucgr.A02035,Eucgr.A02035.2.v2.0,v2.0,2.5,,1,20,2371,2390,UGAUUGAAGACGACCUUGGC,ACAAGGGUUGUUUUCAAUCA,Cleavage
409,Chr01_1685,Eucgr.F03307.1,32055543,Eucgr.F03307,Eucgr.F03307.1.v2.0,v2.0,2.5,,1,20,501,520,UUGGAUGUCUUCAAGGAAAC,GUUUUCUUGAAGAUAUUUGA,Cleavage
410,Chr01_1685,Eucgr.E02219.1,32029219,Eucgr.E02219,Eucgr.E02219.1.v2.0,v2.0,2.5,,1,20,719,738,UUGGAUGUCUUCAAGGAAAC,GUUUUCUUGAAGAUGUUCGA,Cleavage
411,Chr01_1685,Eucgr.H03134.1,32041427,Eucgr.H03134,Eucgr.H03134.1.v2.0,v2.0,2.5,,1,20,714,733,UUGGAUGUCUUCAAGGAAAC,AUUUACUUGAAGACAUCCGC,Cleavage
412,Chr01_1896,Eucgr.H01176.4,32045629,Eucgr.H01176,Eucgr.H01176.4.v2.0,v2.0,2.5,,1,21,848,868,UGAUUGAAGACGACCUUGGCA,CUGAAGGGUCGUCUUCAAUCA,Cleavage
413,Chr01_1896,Eucgr.H01176.2,32045627,Eucgr.H01176,Eucgr.H01176.2.v2.0,v2.0,2.5,,1,21,1086,1106,UGAUUGAAGACGACCUUGGCA,CUGAAGGGUCGUCUUCAAUCA,Cleavage
414,Chr01_1896,Eucgr.H01176.1,32045626,Eucgr.H01176,Eucgr.H01176.1.v2.0,v2.0,2.5,,1,21,1086,1106,UGAUUGAAGACGACCUUGGCA,CUGAAGGGUCGUCUUCAAUCA,Cleavage
415,Chr01_1896,Eucgr.H01176.5,32045630,Eucgr.H01176,Eucgr.H01176.5.v2.0,v2.0,2.5,,1,21,1057,1077,UGAUUGAAGACGACCUUGGCA,CUGAAGGGUCGUCUUCAAUCA,Cleavage
416,Chr01_1896,Eucgr.H01176.3,32045628,Eucgr.H01176,Eucgr.H01176.3.v2.0,v2.0,2.5,,1,21,1084,1104,UGAUUGAAGACGACCUUGGCA,CUGAAGGGUCGUCUUCAAUCA,Cleavage
417,Chr01_1896,Eucgr.E03165.2,32030876,Eucgr.E03165,Eucgr.E03165.2.v2.0,v2.0,2.5,,1,21,669,689,UGAUUGAAGACGACCUUGGCA,UACUGGGGUUGUCUUCAAUUA,Cleavage
418,Chr01_1896,Eucgr.E03165.1,32030875,Eucgr.E03165,Eucgr.E03165.1.v2.0,v2.0,2.5,,1,21,679,699,UGAUUGAAGACGACCUUGGCA,UACUGGGGUUGUCUUCAAUUA,Cleavage
419,Chr01_1896,Eucgr.E02654.3,32031018,Eucgr.E02654,Eucgr.E02654.3.v2.0,v2.0,2.5,,1,21,677,697,UGAUUGAAGACGACCUUGGCA,UACUGGGGUUGUCUUCAAUUA,Cleavage
420,Chr01_1896,Eucgr.E02654.1,32031016,Eucgr.E02654,Eucgr.E02654.1.v2.0,v2.0,2.5,,1,21,738,758,UGAUUGAAGACGACCUUGGCA,UACUGGGGUUGUCUUCAAUUA,Cleavage
421,Chr01_1896,Eucgr.E02654.2,32031017,Eucgr.E02654,Eucgr.E02654.2.v2.0,v2.0,2.5,,1,21,839,859,UGAUUGAAGACGACCUUGGCA,UACUGGGGUUGUCUUCAAUUA,Cleavage
422,Chr01_1896,Eucgr.J02225.1,32034755,Eucgr.J02225,Eucgr.J02225.1.v2.0,v2.0,2.5,,1,21,947,967,UGAUUGAAGACGACCUUGGCA,AUCAAGGGUCGUCUUCGAUCG,Cleavage
423,Chr01_1896,Eucgr.A02035.2,32048673,Eucgr.A02035,Eucgr.A02035.2.v2.0,v2.0,2.5,,1,21,2370,2390,UGAUUGAAGACGACCUUGGCA,CACAAGGGUUGUUUUCAAUCA,Cleavage
424,Chr01_2889,Eucgr.G02369.1,32070008,Eucgr.G02369,Eucgr.G02369.1.v2.0,v2.0,2.5,,1,22,643,664,CGUGAUAUUGGUCCGGCUCAUC,GAGGUGCCGGACCAAUGUCGUG,Cleavage
425,Chr01_2891,Eucgr.G02369.1,32070008,Eucgr.G02369,Eucgr.G02369.1.v2.0,v2.0,2.5,,1,22,643,664,CGUGAUAUUGGUCCGGCUCAUC,GAGGUGCCGGACCAAUGUCGUG,Cleavage
426,Chr01_850,Eucgr.A02578.1,32046658,Eucgr.A02578,Eucgr.A02578.1.v2.0,v2.0,2.5,,1,20,4789,4808,CGACUUGAACCAUGUGGAAU,UUUUCACGUGGUUCAGGUCA,Cleavage
427,Chr02_5696,Eucgr.G02729.1,32072525,Eucgr.G02729,Eucgr.G02729.1.v2.0,v2.0,2.5,,1,21,854,873,ACUCUCCCUCAAAGACUUCCA,GCGAAGU-UUUGGGGGAGAGU,Cleavage
428,Chr02_5754,Eucgr.I00181.1,32063192,Eucgr.I00181,Eucgr.I00181.1.v2.0,v2.0,2.5,,1,20,710,729,AAGCUCAGGAGGGAUAGCGC,GCUCUAUCCCUCCUGAGUUG,Cleavage
429,Chr02_5754,Eucgr.H04081.1,32042633,Eucgr.H04081,Eucgr.H04081.1.v2.0,v2.0,2.5,,1,20,561,580,AAGCUCAGGAGGGAUAGCGC,GCGCUAUCCUAUCUGAGCUU,Translation
430,Chr02_5754,Eucgr.I00178.1,32065509,Eucgr.I00178,Eucgr.I00178.1.v2.0,v2.0,2.5,,1,20,419,438,AAGCUCAGGAGGGAUAGCGC,GCUCUAUCCCUCCUGAGUUG,Cleavage
431,Chr02_8243,Eucgr.L01638.1,32027766,Eucgr.L01638,Eucgr.L01638.1.v2.0,v2.0,2.5,,1,20,2180,2199,CUCAACCUUGGUGGGCCACU,AGUGGCUCGCCAAGUUUGAG,Cleavage
432,Chr02_8243,Eucgr.D01533.1,32049848,Eucgr.D01533,Eucgr.D01533.1.v2.0,v2.0,2.5,,1,20,399,418,CUCAACCUUGGUGGGCCACU,GGAGGUCCGCCAAGGUUGGG,Cleavage
433,Chr02_8243,Eucgr.D01249.1,32051788,Eucgr.D01249,Eucgr.D01249.1.v2.0,v2.0,2.5,,1,20,666,685,CUCAACCUUGGUGGGCCACU,GGAGGUCCGCCAAGGUUGGG,Cleavage
434,Chr03_12134,Eucgr.E01716.2,32028607,Eucgr.E01716,Eucgr.E01716.2.v2.0,v2.0,2.5,,1,21,495,515,GUUCAAGAAAGCUGUGGAAAA,GCAUCCACAGUUUUCUUGGAU,Cleavage
435,Chr03_12134,Eucgr.E01716.1,32028606,Eucgr.E01716,Eucgr.E01716.1.v2.0,v2.0,2.5,,1,21,615,635,GUUCAAGAAAGCUGUGGAAAA,GCAUCCACAGUUUUCUUGGAU,Cleavage
436,Chr03_12134,Eucgr.K00433.1,32066383,Eucgr.K00433,Eucgr.K00433.1.v2.0,v2.0,2.5,,1,21,444,464,GUUCAAGAAAGCUGUGGAAAA,AAAUCAACAGCUUUCUUGGAC,Cleavage
437,Chr03_12134,Eucgr.K02742.2,32066671,Eucgr.K02742,Eucgr.K02742.2.v2.0,v2.0,2.5,,1,21,221,240,GUUCAAGAAAGCUGUGGAAAA,CUUUCCG-AGCUUUCUUGAAC,Cleavage
438,Chr03_12134,Eucgr.K02742.1,32066670,Eucgr.K02742,Eucgr.K02742.1.v2.0,v2.0,2.5,,1,21,224,243,GUUCAAGAAAGCUGUGGAAAA,CUUUCCG-AGCUUUCUUGAAC,Cleavage
439,Chr03_12134,Eucgr.K02742.4,32066673,Eucgr.K02742,Eucgr.K02742.4.v2.0,v2.0,2.5,,1,21,277,296,GUUCAAGAAAGCUGUGGAAAA,CUUUCCG-AGCUUUCUUGAAC,Cleavage
440,Chr03_12134,Eucgr.K02742.3,32066672,Eucgr.K02742,Eucgr.K02742.3.v2.0,v2.0,2.5,,1,21,280,299,GUUCAAGAAAGCUGUGGAAAA,CUUUCCG-AGCUUUCUUGAAC,Cleavage
441,Chr03_12234,Eucgr.B03583.1,32061060,Eucgr.B03583,Eucgr.B03583.1.v2.0,v2.0,2.5,,1,20,120,139,CAGCCAAGGAUGACUUGCCG,UGGCAAGUUGUUCUUGGCUA,Cleavage
442,Chr03_12234,Eucgr.F00398.1,32053628,Eucgr.F00398,Eucgr.F00398.1.v2.0,v2.0,2.5,,1,20,403,422,CAGCCAAGGAUGACUUGCCG,CGGCAGCUCGUCCUUGGUUG,Cleavage
443,Chr03_12234,Eucgr.F00398.2,32053629,Eucgr.F00398,Eucgr.F00398.2.v2.0,v2.0,2.5,,1,20,846,865,CAGCCAAGGAUGACUUGCCG,CGGCAGCUCGUCCUUGGUUG,Cleavage
444,Chr03_12234,Eucgr.F02083.1,32053500,Eucgr.F02083,Eucgr.F02083.1.v2.0,v2.0,2.5,,1,20,4741,4760,CAGCCAAGGAUGACUUGCCG,AGGCAAGUCAUUCUUGAUUG,Cleavage
445,Chr03_12234,Eucgr.F02079.1,32052601,Eucgr.F02079,Eucgr.F02079.1.v2.0,v2.0,2.5,,1,20,4814,4833,CAGCCAAGGAUGACUUGCCG,AGGCAAGUCAUUCUUGAUUG,Cleavage
446,Chr03_12234,Eucgr.F02074.1,32054043,Eucgr.F02074,Eucgr.F02074.1.v2.0,v2.0,2.5,,1,20,4867,4886,CAGCCAAGGAUGACUUGCCG,AGGCAAGUCAUUCUUGAUUG,Cleavage
447,Chr03_12234,Eucgr.F02074.2,32054044,Eucgr.F02074,Eucgr.F02074.2.v2.0,v2.0,2.5,,1,20,4871,4890,CAGCCAAGGAUGACUUGCCG,AGGCAAGUCAUUCUUGAUUG,Cleavage
448,Chr03_12234,Eucgr.A02570.2,32047351,Eucgr.A02570,Eucgr.A02570.2.v2.0,v2.0,2.5,,1,20,1244,1263,CAGCCAAGGAUGACUUGCCG,AGGCAAAUCAUUCUUGGCUC,Cleavage
449,Chr03_12234,Eucgr.A02570.1,32047350,Eucgr.A02570,Eucgr.A02570.1.v2.0,v2.0,2.5,,1,20,1294,1313,CAGCCAAGGAUGACUUGCCG,AGGCAAAUCAUUCUUGGCUC,Cleavage
450,Chr03_12234,Eucgr.C02067.1,32038622,Eucgr.C02067,Eucgr.C02067.1.v2.0,v2.0,2.5,,1,20,1860,1879,CAGCCAAGGAUGACUUGCCG,GGGAGAGUUAUUCUUGGCUG,Cleavage
451,Chr03_12234,Eucgr.C02055.2,32039648,Eucgr.C02055,Eucgr.C02055.2.v2.0,v2.0,2.5,,1,20,603,622,CAGCCAAGGAUGACUUGCCG,GGGAGAGUUAUUCUUGGCUG,Cleavage
452,Chr03_12234,Eucgr.C02055.1,32039647,Eucgr.C02055,Eucgr.C02055.1.v2.0,v2.0,2.5,,1,20,603,622,CAGCCAAGGAUGACUUGCCG,GGGAGAGUUAUUCUUGGCUG,Cleavage
453,Chr03_14086,Eucgr.B03583.1,32061060,Eucgr.B03583,Eucgr.B03583.1.v2.0,v2.0,2.5,,1,20,120,139,CAGCCAAGGAUGACUUGCCG,UGGCAAGUUGUUCUUGGCUA,Cleavage
454,Chr03_14086,Eucgr.F00398.1,32053628,Eucgr.F00398,Eucgr.F00398.1.v2.0,v2.0,2.5,,1,20,403,422,CAGCCAAGGAUGACUUGCCG,CGGCAGCUCGUCCUUGGUUG,Cleavage
455,Chr03_14086,Eucgr.F00398.2,32053629,Eucgr.F00398,Eucgr.F00398.2.v2.0,v2.0,2.5,,1,20,846,865,CAGCCAAGGAUGACUUGCCG,CGGCAGCUCGUCCUUGGUUG,Cleavage
456,Chr03_14086,Eucgr.F02083.1,32053500,Eucgr.F02083,Eucgr.F02083.1.v2.0,v2.0,2.5,,1,20,4741,4760,CAGCCAAGGAUGACUUGCCG,AGGCAAGUCAUUCUUGAUUG,Cleavage
457,Chr03_14086,Eucgr.F02079.1,32052601,Eucgr.F02079,Eucgr.F02079.1.v2.0,v2.0,2.5,,1,20,4814,4833,CAGCCAAGGAUGACUUGCCG,AGGCAAGUCAUUCUUGAUUG,Cleavage
458,Chr03_14086,Eucgr.F02074.1,32054043,Eucgr.F02074,Eucgr.F02074.1.v2.0,v2.0,2.5,,1,20,4867,4886,CAGCCAAGGAUGACUUGCCG,AGGCAAGUCAUUCUUGAUUG,Cleavage
459,Chr03_14086,Eucgr.F02074.2,32054044,Eucgr.F02074,Eucgr.F02074.2.v2.0,v2.0,2.5,,1,20,4871,4890,CAGCCAAGGAUGACUUGCCG,AGGCAAGUCAUUCUUGAUUG,Cleavage
460,Chr03_14086,Eucgr.A02570.2,32047351,Eucgr.A02570,Eucgr.A02570.2.v2.0,v2.0,2.5,,1,20,1244,1263,CAGCCAAGGAUGACUUGCCG,AGGCAAAUCAUUCUUGGCUC,Cleavage
461,Chr03_14086,Eucgr.A02570.1,32047350,Eucgr.A02570,Eucgr.A02570.1.v2.0,v2.0,2.5,,1,20,1294,1313,CAGCCAAGGAUGACUUGCCG,AGGCAAAUCAUUCUUGGCUC,Cleavage
462,Chr03_14086,Eucgr.C02067.1,32038622,Eucgr.C02067,Eucgr.C02067.1.v2.0,v2.0,2.5,,1,20,1860,1879,CAGCCAAGGAUGACUUGCCG,GGGAGAGUUAUUCUUGGCUG,Cleavage
463,Chr03_14086,Eucgr.C02055.2,32039648,Eucgr.C02055,Eucgr.C02055.2.v2.0,v2.0,2.5,,1,20,603,622,CAGCCAAGGAUGACUUGCCG,GGGAGAGUUAUUCUUGGCUG,Cleavage
464,Chr03_14086,Eucgr.C02055.1,32039647,Eucgr.C02055,Eucgr.C02055.1.v2.0,v2.0,2.5,,1,20,603,622,CAGCCAAGGAUGACUUGCCG,GGGAGAGUUAUUCUUGGCUG,Cleavage
465,Chr03_14181,Eucgr.B03583.1,32061060,Eucgr.B03583,Eucgr.B03583.1.v2.0,v2.0,2.5,,1,20,120,139,CAGCCAAGAAUGGCUUGCCG,UGGCAAGUUGUUCUUGGCUA,Cleavage
466,Chr03_14181,Eucgr.F02083.1,32053500,Eucgr.F02083,Eucgr.F02083.1.v2.0,v2.0,2.5,,1,20,4741,4760,CAGCCAAGAAUGGCUUGCCG,AGGCAAGUCAUUCUUGAUUG,Cleavage
467,Chr03_14181,Eucgr.F02079.1,32052601,Eucgr.F02079,Eucgr.F02079.1.v2.0,v2.0,2.5,,1,20,4814,4833,CAGCCAAGAAUGGCUUGCCG,AGGCAAGUCAUUCUUGAUUG,Cleavage
468,Chr03_14181,Eucgr.F02074.1,32054043,Eucgr.F02074,Eucgr.F02074.1.v2.0,v2.0,2.5,,1,20,4867,4886,CAGCCAAGAAUGGCUUGCCG,AGGCAAGUCAUUCUUGAUUG,Cleavage
469,Chr03_14181,Eucgr.F02074.2,32054044,Eucgr.F02074,Eucgr.F02074.2.v2.0,v2.0,2.5,,1,20,4871,4890,CAGCCAAGAAUGGCUUGCCG,AGGCAAGUCAUUCUUGAUUG,Cleavage
470,Chr03_14181,Eucgr.A02570.2,32047351,Eucgr.A02570,Eucgr.A02570.2.v2.0,v2.0,2.5,,1,20,1244,1263,CAGCCAAGAAUGGCUUGCCG,AGGCAAAUCAUUCUUGGCUC,Cleavage
471,Chr03_14181,Eucgr.A02570.1,32047350,Eucgr.A02570,Eucgr.A02570.1.v2.0,v2.0,2.5,,1,20,1294,1313,CAGCCAAGAAUGGCUUGCCG,AGGCAAAUCAUUCUUGGCUC,Cleavage
472,Chr03_14181,Eucgr.C02067.1,32038622,Eucgr.C02067,Eucgr.C02067.1.v2.0,v2.0,2.5,,1,20,1860,1879,CAGCCAAGAAUGGCUUGCCG,GGGAGAGUUAUUCUUGGCUG,Cleavage
473,Chr03_14181,Eucgr.C02055.2,32039648,Eucgr.C02055,Eucgr.C02055.2.v2.0,v2.0,2.5,,1,20,603,622,CAGCCAAGAAUGGCUUGCCG,GGGAGAGUUAUUCUUGGCUG,Cleavage
474,Chr03_14181,Eucgr.C02055.1,32039647,Eucgr.C02055,Eucgr.C02055.1.v2.0,v2.0,2.5,,1,20,603,622,CAGCCAAGAAUGGCUUGCCG,GGGAGAGUUAUUCUUGGCUG,Cleavage
475,Chr03_9415,Eucgr.G01978.1,32073005,Eucgr.G01978,Eucgr.G01978.1.v2.0,v2.0,2.5,,1,20,1470,1489,UUGAGCCGCGCCAAUAUCAC,GUGCUGUUGGUGUGGCUCAA,Cleavage
476,Chr03_9415,Eucgr.C01728.1,32037242,Eucgr.C01728,Eucgr.C01728.1.v2.0,v2.0,2.5,,1,20,314,333,UUGAGCCGCGCCAAUAUCAC,GUGAUAAUGGCGCGGCUGAA,Cleavage
477,Chr03_9415,Eucgr.C01543.1,32038648,Eucgr.C01543,Eucgr.C01543.1.v2.0,v2.0,2.5,,1,20,1393,1412,UUGAGCCGCGCCAAUAUCAC,UUGGUAUUGGAGCGGCUCAG,Translation
478,Chr03_9415,Eucgr.C01822.1,32036837,Eucgr.C01822,Eucgr.C01822.1.v2.0,v2.0,2.5,,1,20,1306,1325,UUGAGCCGCGCCAAUAUCAC,UUGGUAUUGGAGCGGCUCAG,Translation
479,Chr03_9415,Eucgr.L01986.1,32052475,Eucgr.L01986,Eucgr.L01986.1.v2.0,v2.0,2.5,,1,20,1411,1430,UUGAGCCGCGCCAAUAUCAC,UUGGUAUUGGAGCGGCUCAG,Translation
480,Chr03_9415,Eucgr.B03640.1,32058656,Eucgr.B03640,Eucgr.B03640.1.v2.0,v2.0,2.5,,1,20,407,426,UUGAGCCGCGCCAAUAUCAC,UUGGCGUUGGCGCGGCUCGA,Cleavage
481,Chr03_9415,Eucgr.B03640.2,32058657,Eucgr.B03640,Eucgr.B03640.2.v2.0,v2.0,2.5,,1,20,407,426,UUGAGCCGCGCCAAUAUCAC,UUGGCGUUGGCGCGGCUCGA,Cleavage
482,Chr05_18368,Eucgr.K02341.1,32067228,Eucgr.K02341,Eucgr.K02341.1.v2.0,v2.0,2.5,,1,21,1853,1873,UCUCUCCCUCAAAGACUUCCG,AGGAAGUUUUUGAUGGAGAGG,Cleavage
483,Chr05_18368,Eucgr.K02752.1,32068487,Eucgr.K02752,Eucgr.K02752.1.v2.0,v2.0,2.5,,1,21,632,652,UCUCUCCCUCAAAGACUUCCG,UGGAAGCCUUUGAGGGAGAAA,Cleavage
484,Chr05_18368,Eucgr.C03562.1,32038494,Eucgr.C03562,Eucgr.C03562.1.v2.0,v2.0,2.5,,1,21,303,323,UCUCUCCCUCAAAGACUUCCG,AAGAAGUUCUUGAGGGAGGGA,Cleavage
485,Chr05_18368,Eucgr.G00160.1,32071075,Eucgr.G00160,Eucgr.G00160.1.v2.0,v2.0,2.5,,1,21,727,747,UCUCUCCCUCAAAGACUUCCG,UUGGGUUUUUUGAGGGAGAGA,Cleavage
486,Chr05_18368,Eucgr.E00473.1,32028915,Eucgr.E00473,Eucgr.E00473.1.v2.0,v2.0,2.5,,1,21,833,853,UCUCUCCCUCAAAGACUUCCG,CUGAAGAAUUUGGGGGAGAGA,Cleavage
487,Chr05_19932,Eucgr.E00524.1,32028559,Eucgr.E00524,Eucgr.E00524.1.v2.0,v2.0,2.5,,1,20,538,557,CGCCAAAGGAGAAUUGCCCU,AGGGCAACUCUCCUUUGGCA,Cleavage
488,Chr05_19932,Eucgr.D00620.1,32051035,Eucgr.D00620,Eucgr.D00620.1.v2.0,v2.0,2.5,,1,20,467,486,CGCCAAAGGAGAAUUGCCCU,AGGGCAAAUCUCCUUUGGCA,Cleavage
489,Chr05_19932,Eucgr.D00620.1,32051035,Eucgr.D00620,Eucgr.D00620.1.v2.0,v2.0,2.5,,1,20,834,853,CGCCAAAGGAGAAUUGCCCU,GGGGCAAAUCUCCUUUGGCA,Cleavage
490,Chr05_19932,Eucgr.D00620.1,32051035,Eucgr.D00620,Eucgr.D00620.1.v2.0,v2.0,2.5,,1,20,773,792,CGCCAAAGGAGAAUUGCCCU,UGGGCAAAUCUCCUUUGGCA,Cleavage
491,Chr05_19934,Eucgr.L03008.1,32073667,Eucgr.L03008,Eucgr.L03008.1.v2.0,v2.0,2.5,,1,20,1228,1247,GUGCGGUUCUCCUUUGGCAA,AUGCCAAAGGAGGAUCUCAC,Cleavage
492,Chr05_19934,Eucgr.H04148.1,32041707,Eucgr.H04148,Eucgr.H04148.1.v2.0,v2.0,2.5,,1,20,1081,1100,GUGCGGUUCUCCUUUGGCAA,CUGCCAAAGGAGAAUGGUAC,Cleavage
493,Chr05_19934,Eucgr.E04225.1,32031822,Eucgr.E04225,Eucgr.E04225.1.v2.0,v2.0,2.5,,1,20,671,690,GUGCGGUUCUCCUUUGGCAA,CUGCCAAAGGAGGAUCGCCC,Cleavage
494,Chr05_19934,Eucgr.J02380.1,32033053,Eucgr.J02380,Eucgr.J02380.1.v2.0,v2.0,2.5,,1,20,332,351,GUGCGGUUCUCCUUUGGCAA,AUGCCACGGGGGAGCCGCAC,Cleavage
495,Chr05_20206,Eucgr.E00524.1,32028559,Eucgr.E00524,Eucgr.E00524.1.v2.0,v2.0,2.5,,1,20,538,557,CGCCAAAGGAGAAUUGCCCU,AGGGCAACUCUCCUUUGGCA,Cleavage
496,Chr05_20206,Eucgr.D00620.1,32051035,Eucgr.D00620,Eucgr.D00620.1.v2.0,v2.0,2.5,,1,20,467,486,CGCCAAAGGAGAAUUGCCCU,AGGGCAAAUCUCCUUUGGCA,Cleavage
497,Chr05_20206,Eucgr.D00620.1,32051035,Eucgr.D00620,Eucgr.D00620.1.v2.0,v2.0,2.5,,1,20,834,853,CGCCAAAGGAGAAUUGCCCU,GGGGCAAAUCUCCUUUGGCA,Cleavage
498,Chr05_20206,Eucgr.D00620.1,32051035,Eucgr.D00620,Eucgr.D00620.1.v2.0,v2.0,2.5,,1,20,773,792,CGCCAAAGGAGAAUUGCCCU,UGGGCAAAUCUCCUUUGGCA,Cleavage
499,Chr05_20208,Eucgr.E00524.1,32028559,Eucgr.E00524,Eucgr.E00524.1.v2.0,v2.0,2.5,,1,20,538,557,CGCCAAAGGAGAAUUGCCCU,AGGGCAACUCUCCUUUGGCA,Cleavage
500,Chr05_20208,Eucgr.D00620.1,32051035,Eucgr.D00620,Eucgr.D00620.1.v2.0,v2.0,2.5,,1,20,467,486,CGCCAAAGGAGAAUUGCCCU,AGGGCAAAUCUCCUUUGGCA,Cleavage
501,Chr05_20208,Eucgr.D00620.1,32051035,Eucgr.D00620,Eucgr.D00620.1.v2.0,v2.0,2.5,,1,20,834,853,CGCCAAAGGAGAAUUGCCCU,GGGGCAAAUCUCCUUUGGCA,Cleavage
502,Chr05_20208,Eucgr.D00620.1,32051035,Eucgr.D00620,Eucgr.D00620.1.v2.0,v2.0,2.5,,1,20,773,792,CGCCAAAGGAGAAUUGCCCU,UGGGCAAAUCUCCUUUGGCA,Cleavage
503,Chr05_20214,Eucgr.E00524.1,32028559,Eucgr.E00524,Eucgr.E00524.1.v2.0,v2.0,2.5,,1,20,538,557,CGCCAAAGGAGAAUUGCCCU,AGGGCAACUCUCCUUUGGCA,Cleavage
504,Chr05_20214,Eucgr.D00620.1,32051035,Eucgr.D00620,Eucgr.D00620.1.v2.0,v2.0,2.5,,1,20,467,486,CGCCAAAGGAGAAUUGCCCU,AGGGCAAAUCUCCUUUGGCA,Cleavage
505,Chr05_20214,Eucgr.D00620.1,32051035,Eucgr.D00620,Eucgr.D00620.1.v2.0,v2.0,2.5,,1,20,834,853,CGCCAAAGGAGAAUUGCCCU,GGGGCAAAUCUCCUUUGGCA,Cleavage
506,Chr05_20214,Eucgr.D00620.1,32051035,Eucgr.D00620,Eucgr.D00620.1.v2.0,v2.0,2.5,,1,20,773,792,CGCCAAAGGAGAAUUGCCCU,UGGGCAAAUCUCCUUUGGCA,Cleavage
507,Chr05_23089,Eucgr.E00524.1,32028559,Eucgr.E00524,Eucgr.E00524.1.v2.0,v2.0,2.5,,1,20,538,557,CGCCAAAGGAGAAUUGCCCU,AGGGCAACUCUCCUUUGGCA,Cleavage
508,Chr05_23089,Eucgr.D00620.1,32051035,Eucgr.D00620,Eucgr.D00620.1.v2.0,v2.0,2.5,,1,20,467,486,CGCCAAAGGAGAAUUGCCCU,AGGGCAAAUCUCCUUUGGCA,Cleavage
509,Chr05_23089,Eucgr.D00620.1,32051035,Eucgr.D00620,Eucgr.D00620.1.v2.0,v2.0,2.5,,1,20,834,853,CGCCAAAGGAGAAUUGCCCU,GGGGCAAAUCUCCUUUGGCA,Cleavage
510,Chr05_23089,Eucgr.D00620.1,32051035,Eucgr.D00620,Eucgr.D00620.1.v2.0,v2.0,2.5,,1,20,773,792,CGCCAAAGGAGAAUUGCCCU,UGGGCAAAUCUCCUUUGGCA,Cleavage
511,Chr05_23094,Eucgr.G03015.1,32070748,Eucgr.G03015,Eucgr.G03015.1.v2.0,v2.0,2.5,,1,20,885,904,CGCCAAGGGAGAAUUGCCCU,GAGGCAAUUGUCCCUUGGCG,Translation
512,Chr05_23094,Eucgr.K03194.1,32069781,Eucgr.K03194,Eucgr.K03194.1.v2.0,v2.0,2.5,,1,20,486,505,CGCCAAGGGAGAAUUGCCCU,CGGGCCAUUCUUCCUUGGCC,Cleavage
513,Chr05_23094,Eucgr.K03192.1,32068242,Eucgr.K03192,Eucgr.K03192.1.v2.0,v2.0,2.5,,1,20,570,589,CGCCAAGGGAGAAUUGCCCU,CGGGCCAUUCUUCCUUGGCC,Cleavage
514,Chr05_23096,Eucgr.G03015.1,32070748,Eucgr.G03015,Eucgr.G03015.1.v2.0,v2.0,2.5,,1,20,885,904,CGCCAAGGGAGAAUUGCCCU,GAGGCAAUUGUCCCUUGGCG,Translation
515,Chr05_23096,Eucgr.K03194.1,32069781,Eucgr.K03194,Eucgr.K03194.1.v2.0,v2.0,2.5,,1,20,486,505,CGCCAAGGGAGAAUUGCCCU,CGGGCCAUUCUUCCUUGGCC,Cleavage
516,Chr05_23096,Eucgr.K03192.1,32068242,Eucgr.K03192,Eucgr.K03192.1.v2.0,v2.0,2.5,,1,20,570,589,CGCCAAGGGAGAAUUGCCCU,CGGGCCAUUCUUCCUUGGCC,Cleavage
517,Chr05_23098,Eucgr.G03015.1,32070748,Eucgr.G03015,Eucgr.G03015.1.v2.0,v2.0,2.5,,1,20,885,904,CGCCAAGGGAGAAUUGCCCU,GAGGCAAUUGUCCCUUGGCG,Translation
518,Chr05_23098,Eucgr.K03194.1,32069781,Eucgr.K03194,Eucgr.K03194.1.v2.0,v2.0,2.5,,1,20,486,505,CGCCAAGGGAGAAUUGCCCU,CGGGCCAUUCUUCCUUGGCC,Cleavage
519,Chr05_23098,Eucgr.K03192.1,32068242,Eucgr.K03192,Eucgr.K03192.1.v2.0,v2.0,2.5,,1,20,570,589,CGCCAAGGGAGAAUUGCCCU,CGGGCCAUUCUUCCUUGGCC,Cleavage
520,Chr05_23099,Eucgr.I02520.2,32064436,Eucgr.I02520,Eucgr.I02520.2.v2.0,v2.0,2.5,,1,20,59,78,UGCCAAAGGAGAAUUGCCCU,UGUGUAAUUUUCUUUUGGCA,Cleavage
521,Chr05_23099,Eucgr.I02520.1,32064435,Eucgr.I02520,Eucgr.I02520.1.v2.0,v2.0,2.5,,1,20,59,78,UGCCAAAGGAGAAUUGCCCU,UGUGUAAUUUUCUUUUGGCA,Cleavage
522,Chr05_23099,Eucgr.I02520.3,32064437,Eucgr.I02520,Eucgr.I02520.3.v2.0,v2.0,2.5,,1,20,59,78,UGCCAAAGGAGAAUUGCCCU,UGUGUAAUUUUCUUUUGGCA,Cleavage
523,Chr06_22113,Eucgr.K01820.1,32066987,Eucgr.K01820,Eucgr.K01820.1.v2.0,v2.0,2.5,,1,21,1449,1469,GCUCUCUCUUCUUCCGUCACC,GGUGAUGGAGGGAGAGGGGGC,Cleavage
524,Chr06_22113,Eucgr.I01926.2,32063960,Eucgr.I01926,Eucgr.I01926.2.v2.0,v2.0,2.5,,1,21,1091,1111,GCUCUCUCUUCUUCCGUCACC,GGUGCCGGAAGAGGAGAGAGA,Cleavage
525,Chr06_22113,Eucgr.I01926.1,32063959,Eucgr.I01926,Eucgr.I01926.1.v2.0,v2.0,2.5,,1,21,850,870,GCUCUCUCUUCUUCCGUCACC,GGUGCCGGAAGAGGAGAGAGA,Cleavage
526,Chr06_22113,Eucgr.E03314.1,32030370,Eucgr.E03314,Eucgr.E03314.1.v2.0,v2.0,2.5,,1,21,969,989,GCUCUCUCUUCUUCCGUCACC,AGUUGUGGAAGAAGAGAGAGU,Cleavage
527,Chr06_22113,Eucgr.K01818.1,32066107,Eucgr.K01818,Eucgr.K01818.1.v2.0,v2.0,2.5,,1,21,1395,1415,GCUCUCUCUUCUUCCGUCACC,GAUGAUGGAGGGAGAGGGGGC,Cleavage
528,Chr06_22113,Eucgr.E02928.1,32030360,Eucgr.E02928,Eucgr.E02928.1.v2.0,v2.0,2.5,,1,21,304,324,GCUCUCUCUUCUUCCGUCACC,GAUGACGGAAGAAGAGGAGGC,Cleavage
529,Chr06_22113,Eucgr.K01212.1,32066439,Eucgr.K01212,Eucgr.K01212.1.v2.0,v2.0,2.5,,1,21,1340,1360,GCUCUCUCUUCUUCCGUCACC,GAUGAAGGAAAAAGAGAGAGC,Translation
530,Chr06_22113,Eucgr.E02760.1,32030642,Eucgr.E02760,Eucgr.E02760.1.v2.0,v2.0,2.5,,1,21,85,105,GCUCUCUCUUCUUCCGUCACC,CCUCACGGGAGAAGAGAGAGA,Cleavage
531,Chr06_22113,Eucgr.A00530.1,32048208,Eucgr.A00530,Eucgr.A00530.1.v2.0,v2.0,2.5,,1,21,1277,1297,GCUCUCUCUUCUUCCGUCACC,AUUGACCGAAGAACAGAGAGC,Cleavage
532,Chr06_22113,Eucgr.A00530.2,32048209,Eucgr.A00530,Eucgr.A00530.2.v2.0,v2.0,2.5,,1,21,1274,1294,GCUCUCUCUUCUUCCGUCACC,AUUGACCGAAGAACAGAGAGC,Cleavage
533,Chr06_22113,Eucgr.E03040.1,32031458,Eucgr.E03040,Eucgr.E03040.1.v2.0,v2.0,2.5,,1,21,250,270,GCUCUCUCUUCUUCCGUCACC,UCUGGCCGGAGAGGAGAGAGC,Cleavage
534,Chr06_24996,Eucgr.C02463.1,32040253,Eucgr.C02463,Eucgr.C02463.1.v2.0,v2.0,2.5,,1,20,1562,1581,UUCCCUCAAAGGCUUCCGGU,AGCGCAAGCUUUUGAGGGAA,Cleavage
535,Chr06_24996,Eucgr.C02304.1,32036045,Eucgr.C02304,Eucgr.C02304.1.v2.0,v2.0,2.5,,1,20,1518,1537,UUCCCUCAAAGGCUUCCGGU,AGCGCAAGCUUUUGAGGGAA,Cleavage
536,Chr07_27100,Eucgr.C01781.1,32039948,Eucgr.C01781,Eucgr.C01781.1.v2.0,v2.0,2.5,,1,22,95,116,GUUAUUGACGUCAAGAGAUCGA,GUCAUCUUUUGAUGUCAGUGAU,Cleavage
537,Chr07_27100,Eucgr.B00245.1,32058419,Eucgr.B00245,Eucgr.B00245.1.v2.0,v2.0,2.5,,1,22,481,502,GUUAUUGACGUCAAGAGAUCGA,UGACUUUCUUGAUGUCAAUGAC,Cleavage
538,Chr07_27100,Eucgr.B00245.2,32058420,Eucgr.B00245,Eucgr.B00245.2.v2.0,v2.0,2.5,,1,22,481,502,GUUAUUGACGUCAAGAGAUCGA,UGACUUUCUUGAUGUCAAUGAC,Cleavage
539,Chr07_27100,Eucgr.K02930.1,32066642,Eucgr.K02930,Eucgr.K02930.1.v2.0,v2.0,2.5,,1,22,2810,2831,GUUAUUGACGUCAAGAGAUCGA,GCUAUCUCUUGAUGCCAAUAAU,Cleavage
540,Chr07_27100,Eucgr.G01750.1,32070714,Eucgr.G01750,Eucgr.G01750.1.v2.0,v2.0,2.5,,1,22,372,393,GUUAUUGACGUCAAGAGAUCGA,UUUAGCUCUUGGUGUUAAUAAC,Cleavage
541,Chr07_27100,Eucgr.G01750.2,32070715,Eucgr.G01750,Eucgr.G01750.2.v2.0,v2.0,2.5,,1,22,372,393,GUUAUUGACGUCAAGAGAUCGA,UUUAGCUCUUGGUGUUAAUAAC,Cleavage
542,Chr07_27100,Eucgr.C04198.1,32036364,Eucgr.C04198,Eucgr.C04198.1.v2.0,v2.0,2.5,,1,22,860,881,GUUAUUGACGUCAAGAGAUCGA,UGUAUCUCUGGAUGUCAAUAAU,Cleavage
543,Chr07_27100,Eucgr.G02361.4,32070910,Eucgr.G02361,Eucgr.G02361.4.v2.0,v2.0,2.5,,1,22,2822,2843,GUUAUUGACGUCAAGAGAUCGA,GUCAUCUCUUGAUGACAGUAAC,Cleavage
544,Chr07_27100,Eucgr.G02361.3,32070909,Eucgr.G02361,Eucgr.G02361.3.v2.0,v2.0,2.5,,1,22,2822,2843,GUUAUUGACGUCAAGAGAUCGA,GUCAUCUCUUGAUGACAGUAAC,Cleavage
545,Chr07_27100,Eucgr.G02361.2,32070908,Eucgr.G02361,Eucgr.G02361.2.v2.0,v2.0,2.5,,1,22,2822,2843,GUUAUUGACGUCAAGAGAUCGA,GUCAUCUCUUGAUGACAGUAAC,Cleavage
546,Chr07_27100,Eucgr.G02361.1,32070907,Eucgr.G02361,Eucgr.G02361.1.v2.0,v2.0,2.5,,1,22,2822,2843,GUUAUUGACGUCAAGAGAUCGA,GUCAUCUCUUGAUGACAGUAAC,Cleavage
547,Chr07_27268,Eucgr.H03360.2,32044463,Eucgr.H03360,Eucgr.H03360.2.v2.0,v2.0,2.5,,1,21,1346,1366,AGAUCUGGGCCGCCGCGGCUC,UCGCCCCGGCGGUCCAGAUCC,Cleavage
548,Chr07_27268,Eucgr.H03360.1,32044462,Eucgr.H03360,Eucgr.H03360.1.v2.0,v2.0,2.5,,1,21,1286,1306,AGAUCUGGGCCGCCGCGGCUC,UCGCCCCGGCGGUCCAGAUCC,Cleavage
549,Chr07_27909,Eucgr.H02630.1,32045738,Eucgr.H02630,Eucgr.H02630.1.v2.0,v2.0,2.5,,1,22,605,626,UCCCUUUGGAUGUCGUCGUGCG,CGAGCGAUGAUAUCCAGGGGGA,Cleavage
550,Chr07_27909,Eucgr.F03560.1,32053089,Eucgr.F03560,Eucgr.F03560.1.v2.0,v2.0,2.5,,1,22,372,393,UCCCUUUGGAUGUCGUCGUGCG,UGUACGAGUACAUCCAGAGGGA,Cleavage
551,Chr07_27909,Eucgr.C01267.1,32038615,Eucgr.C01267,Eucgr.C01267.1.v2.0,v2.0,2.5,,1,22,837,858,UCCCUUUGGAUGUCGUCGUGCG,CUGAUGACUACAUUCGAAGGGA,Cleavage
552,Chr07_28550,Eucgr.E03741.1,32030916,Eucgr.E03741,Eucgr.E03741.1.v2.0,v2.0,2.5,,1,20,472,491,UGUGUUUUCAGGUCACCCCU,UGGGGGGAUCUGAAAACAUG,Cleavage
553,Chr07_30125,Eucgr.F02927.1,32057005,Eucgr.F02927,Eucgr.F02927.1.v2.0,v2.0,2.5,,1,22,1034,1055,AUUCUCCUGAACACUUCAAUGG,CGAUUGAGCUGUUCGGGAGGAU,Cleavage
554,Chr07_30125,Eucgr.A00552.1,32048131,Eucgr.A00552,Eucgr.A00552.1.v2.0,v2.0,2.5,,1,22,1728,1749,AUUCUCCUGAACACUUCAAUGG,ACCUUGAACUGUUGAGGAGAAU,Cleavage
555,Chr07_30134,Eucgr.H03408.1,32042826,Eucgr.H03408,Eucgr.H03408.1.v2.0,v2.0,2.5,,1,22,732,753,GUGAAGUGUUUGGGGGAACUCC,CGAGUUCCUCCAAACUCUUCAU,Cleavage
556,Chr07_30134,Eucgr.K03578.1,32066781,Eucgr.K03578,Eucgr.K03578.1.v2.0,v2.0,2.5,,1,22,1149,1170,GUGAAGUGUUUGGGGGAACUCC,AAAGUGCCUCUAAAUACUUCAC,Cleavage
557,Chr07_30134,Eucgr.B03889.1,32060849,Eucgr.B03889,Eucgr.B03889.1.v2.0,v2.0,2.5,,1,22,899,920,GUGAAGUGUUUGGGGGAACUCC,GCCAUUCCUCCAAGUACUUCAC,Cleavage
558,Chr07_30134,Eucgr.B03888.1,32060121,Eucgr.B03888,Eucgr.B03888.1.v2.0,v2.0,2.5,,1,22,1172,1193,GUGAAGUGUUUGGGGGAACUCC,GCCUUUCUUCCAAGCACUUCAC,Cleavage
559,Chr07_30134,Eucgr.E01332.1,32028621,Eucgr.E01332,Eucgr.E01332.1.v2.0,v2.0,2.5,,1,22,1094,1115,GUGAAGUGUUUGGGGGAACUCC,GCCAUUCCUCCAAGUACUUCAC,Cleavage
560,Chr08_30381,Eucgr.H00247.1,32045287,Eucgr.H00247,Eucgr.H00247.1.v2.0,v2.0,2.5,,1,20,49,68,UUAGAUGACCAUCAACGGAC,CUUUGUUGAUGGCCAUCUAA,Cleavage
561,Chr08_31426,Eucgr.E02004.1,32029490,Eucgr.E02004,Eucgr.E02004.1.v2.0,v2.0,2.5,,1,20,352,371,UUGGUUUUGAGCUUGACAUC,GAUGUCAAGCUUAAGACUAU,Cleavage
562,Chr08_31426,Eucgr.L00700.1,32052302,Eucgr.L00700,Eucgr.L00700.1.v2.0,v2.0,2.5,,1,20,37,56,UUGGUUUUGAGCUUGACAUC,GAUGUCAAACUCAAAACCGG,Cleavage
563,Chr08_31426,Eucgr.C02567.1,32039179,Eucgr.C02567,Eucgr.C02567.1.v2.0,v2.0,2.5,,1,20,388,407,UUGGUUUUGAGCUUGACAUC,GAUGUCAAACUCAAAACUAG,Cleavage
564,Chr08_31426,Eucgr.F03913.1,32057615,Eucgr.F03913,Eucgr.F03913.1.v2.0,v2.0,2.5,,1,20,382,401,UUGGUUUUGAGCUUGACAUC,GAUGUUAAGCUCAGAACUGG,Cleavage
565,Chr08_31426,Eucgr.B00007.1,32038952,Eucgr.B00007,Eucgr.B00007.1.v2.0,v2.0,2.5,,1,20,1747,1766,UUGGUUUUGAGCUUGACAUC,GAUGUUAAGCUUGAAACUGA,Cleavage
566,Chr08_31426,Eucgr.C02570.1,32037427,Eucgr.C02570,Eucgr.C02570.1.v2.0,v2.0,2.5,,1,20,238,257,UUGGUUUUGAGCUUGACAUC,GAUGUCAAACUCAAAACCGG,Cleavage
567,Chr08_31426,Eucgr.L01982.1,32065673,Eucgr.L01982,Eucgr.L01982.1.v2.0,v2.0,2.5,,1,20,568,587,UUGGUUUUGAGCUUGACAUC,GAUGUUAAACUCAAAACCGA,Cleavage
568,Chr08_31426,Eucgr.C02701.1,32038708,Eucgr.C02701,Eucgr.C02701.1.v2.0,v2.0,2.5,,1,20,310,329,UUGGUUUUGAGCUUGACAUC,GAUGUUAAGCUCGAAAGCAA,Cleavage
569,Chr08_31426,Eucgr.H00875.1,32041077,Eucgr.H00875,Eucgr.H00875.1.v2.0,v2.0,2.5,,1,20,956,975,UUGGUUUUGAGCUUGACAUC,GACGUGAAGCUCAAGACCAA,Cleavage
570,Chr08_31426,Eucgr.H00677.1,32043857,Eucgr.H00677,Eucgr.H00677.1.v2.0,v2.0,2.5,,1,20,186,205,UUGGUUUUGAGCUUGACAUC,AAAGUCAAGCUCAAGACCAU,Cleavage
571,Chr08_31426,Eucgr.F04172.1,32057303,Eucgr.F04172,Eucgr.F04172.1.v2.0,v2.0,2.5,,1,20,115,134,UUGGUUUUGAGCUUGACAUC,AAUGACAAGCUUAAGGCCAA,Cleavage
572,Chr08_31426,Eucgr.E01880.1,32031364,Eucgr.E01880,Eucgr.E01880.1.v2.0,v2.0,2.5,,1,20,506,525,UUGGUUUUGAGCUUGACAUC,CAUGACAAGCUCAGAGCCGA,Cleavage
573,Chr08_34494,Eucgr.H03761.1,32045417,Eucgr.H03761,Eucgr.H03761.1.v2.0,v2.0,2.5,,1,20,1137,1156,AAUUGUUGUACUUGUUGGAA,UUCCAACAAGUACAACAACA,Cleavage
574,Chr08_34494,Eucgr.I02287.1,32064997,Eucgr.I02287,Eucgr.I02287.1.v2.0,v2.0,2.5,,1,20,358,377,AAUUGUUGUACUUGUUGGAA,GCGCAACAAGUGCAACAAUU,Cleavage
575,Chr08_34494,Eucgr.B00403.1,32058812,Eucgr.B00403,Eucgr.B00403.1.v2.0,v2.0,2.5,,1,20,1063,1082,AAUUGUUGUACUUGUUGGAA,GUCCAACAGGUAGAGCAAUU,Cleavage
576,Chr08_34494,Eucgr.E04239.1,32031314,Eucgr.E04239,Eucgr.E04239.1.v2.0,v2.0,2.5,,1,20,1678,1697,AAUUGUUGUACUUGUUGGAA,GUCCGGUAAGUACGACAGUU,Cleavage
577,Chr08_34494,Eucgr.I02286.1,32062924,Eucgr.I02286,Eucgr.I02286.1.v2.0,v2.0,2.5,,1,20,286,305,AAUUGUUGUACUUGUUGGAA,AUACAACAAGUGCAGCAGUU,Cleavage
578,Chr08_34494,Eucgr.H01273.1,32044311,Eucgr.H01273,Eucgr.H01273.1.v2.0,v2.0,2.5,,1,20,222,241,AAUUGUUGUACUUGUUGGAA,GUGCAUCAAGUGCAACAAUU,Cleavage
579,Chr08_34702,Eucgr.H03411.1,32045436,Eucgr.H03411,Eucgr.H03411.1.v2.0,v2.0,2.5,,1,20,444,463,CAUAGGUUCACUUUUAUCCA,UUGAUGAAAGUGAACCUAUU,Cleavage
580,Chr08_34702,Eucgr.B03469.1,32060260,Eucgr.B03469,Eucgr.B03469.1.v2.0,v2.0,2.5,,1,20,2832,2851,CAUAGGUUCACUUUUAUCCA,CUUAUAAAAGUGAAUCUAUG,Cleavage
581,Chr08_35572,Eucgr.C02886.1,32038309,Eucgr.C02886,Eucgr.C02886.1.v2.0,v2.0,2.5,,1,20,3723,3742,UUGUAUUGGAUGAUGUUGAU,AUCAACAUCAUCUACUGCAA,Cleavage
582,Chr08_35572,Eucgr.F01432.1,32055917,Eucgr.F01432,Eucgr.F01432.1.v2.0,v2.0,2.5,,1,20,741,760,UUGUAUUGGAUGAUGUUGAU,AUCAACACCAUCCGGUACAA,Cleavage
583,Chr08_35572,Eucgr.A02648.1,32046878,Eucgr.A02648,Eucgr.A02648.1.v2.0,v2.0,2.5,,1,20,589,608,UUGUAUUGGAUGAUGUUGAU,AUCAACGUCAUGCAGUACAA,Cleavage
584,Chr08_35572,Eucgr.B02209.1,32059144,Eucgr.B02209,Eucgr.B02209.1.v2.0,v2.0,2.5,,1,20,4220,4239,UUGUAUUGGAUGAUGUUGAU,GUCAGCAUUGUCCAGUAUAA,Cleavage
585,Chr08_35612,Eucgr.K02431.1,32069367,Eucgr.K02431,Eucgr.K02431.1.v2.0,v2.0,2.5,,1,20,4385,4404,UUGUAUUGGAUGAUGUGGAU,GUCCACAUCGUUCAGUACAC,Cleavage
586,Chr08_35612,Eucgr.C02326.1,32036978,Eucgr.C02326,Eucgr.C02326.1.v2.0,v2.0,2.5,,1,20,1727,1746,UUGUAUUGGAUGAUGUGGAU,UUCCACAGCAUUCAAUGCAA,Cleavage
587,Chr09_36714,Eucgr.D02440.2,32050598,Eucgr.D02440,Eucgr.D02440.2.v2.0,v2.0,2.5,,1,20,1127,1146,UUGUCGCAAGGAAAGAUGGC,GUCUUCUUUCUUUGUGACAA,Cleavage
588,Chr09_36714,Eucgr.D02626.3,32052212,Eucgr.D02626,Eucgr.D02626.3.v2.0,v2.0,2.5,,1,20,555,574,UUGUCGCAAGGAAAGAUGGC,AAUAUUUUUCCUUGCGAUAA,Cleavage
589,Chr09_36714,Eucgr.D02626.2,32052211,Eucgr.D02626,Eucgr.D02626.2.v2.0,v2.0,2.5,,1,20,618,637,UUGUCGCAAGGAAAGAUGGC,AAUAUUUUUCCUUGCGAUAA,Cleavage
590,Chr09_36714,Eucgr.D02626.1,32052210,Eucgr.D02626,Eucgr.D02626.1.v2.0,v2.0,2.5,,1,20,618,637,UUGUCGCAAGGAAAGAUGGC,AAUAUUUUUCCUUGCGAUAA,Cleavage
591,Chr09_36714,Eucgr.C00281.1,32037475,Eucgr.C00281,Eucgr.C00281.1.v2.0,v2.0,2.5,,1,20,799,818,UUGUCGCAAGGAAAGAUGGC,UUCAUCCUUCUUUGCGGCAA,Cleavage
592,Chr09_36714,Eucgr.F00608.1,32054521,Eucgr.F00608,Eucgr.F00608.1.v2.0,v2.0,2.5,,1,20,139,158,UUGUCGCAAGGAAAGAUGGC,UCCAACUUUUUUUGUGACAA,Cleavage
593,Chr09_36714,Eucgr.F04034.2,32053906,Eucgr.F04034,Eucgr.F04034.2.v2.0,v2.0,2.5,,1,20,1489,1508,UUGUCGCAAGGAAAGAUGGC,UUCAUCCUUCUUUGCGGCAA,Cleavage
594,Chr09_36714,Eucgr.F04034.1,32053905,Eucgr.F04034,Eucgr.F04034.1.v2.0,v2.0,2.5,,1,20,1489,1508,UUGUCGCAAGGAAAGAUGGC,UUCAUCCUUCUUUGCGGCAA,Cleavage
595,Chr09_36718,Eucgr.F04341.2,32057721,Eucgr.F04341,Eucgr.F04341.2.v2.0,v2.0,2.5,,1,20,1170,1189,UCGCAAGGAGAGACGGCACU,AGGGUCGUCUCUUCUUGUGA,Cleavage
596,Chr09_36718,Eucgr.F04341.1,32057720,Eucgr.F04341,Eucgr.F04341.1.v2.0,v2.0,2.5,,1,20,1248,1267,UCGCAAGGAGAGACGGCACU,AGGGUCGUCUCUUCUUGUGA,Cleavage
597,Chr09_36718,Eucgr.J00484.1,32033306,Eucgr.J00484,Eucgr.J00484.1.v2.0,v2.0,2.5,,1,20,1006,1025,UCGCAAGGAGAGACGGCACU,UGUGCCUUUUCUCUUUGUGA,Cleavage
598,Chr10_40549,Eucgr.K01669.3,32067738,Eucgr.K01669,Eucgr.K01669.3.v2.0,v2.0,2.5,,1,20,383,402,UGGAGAAGCAGGGCACAUGC,CGGUGUGCCUUGCUUCUUCA,Cleavage
599,Chr10_40549,Eucgr.K01669.2,32067737,Eucgr.K01669,Eucgr.K01669.2.v2.0,v2.0,2.5,,1,20,383,402,UGGAGAAGCAGGGCACAUGC,CGGUGUGCCUUGCUUCUUCA,Cleavage
600,Chr10_40549,Eucgr.K01669.1,32067736,Eucgr.K01669,Eucgr.K01669.1.v2.0,v2.0,2.5,,1,20,383,402,UGGAGAAGCAGGGCACAUGC,CGGUGUGCCUUGCUUCUUCA,Cleavage
601,Chr10_40549,Eucgr.B02388.1,32058456,Eucgr.B02388,Eucgr.B02388.1.v2.0,v2.0,2.5,,1,20,1020,1038,UGGAGAAGCAGGGCACAUGC,GCAU-UGCCCUGCUUUUCCA,Cleavage
602,Chr10_40549,Eucgr.C00432.1,32039441,Eucgr.C00432,Eucgr.C00432.1.v2.0,v2.0,2.5,,1,20,235,254,UGGAGAAGCAGGGCACAUGC,UCUUGUGCUCUGUUUCUUCA,Cleavage
603,Chr10_40549,Eucgr.D01196.1,32050360,Eucgr.D01196,Eucgr.D01196.1.v2.0,v2.0,2.5,,1,20,214,233,UGGAGAAGCAGGGCACAUGC,CCAUGUACCCUGAUUCUCCA,Cleavage
604,Chr10_41135,Eucgr.B00651.1,32061589,Eucgr.B00651,Eucgr.B00651.1.v2.0,v2.0,2.5,,1,21,868,888,GGCUGCCGACUCAUUCAUUUG,CAAAUGGAUGAGCUGGCAGCC,Cleavage
605,Chr10_41135,Eucgr.L03586.1,32062378,Eucgr.L03586,Eucgr.L03586.1.v2.0,v2.0,2.5,,1,21,343,363,GGCUGCCGACUCAUUCAUUUG,CUGAUGAAUGUGUCGGCAGUC,Translation
606,Chr10_41135,Eucgr.K02803.1,32066169,Eucgr.K02803,Eucgr.K02803.1.v2.0,v2.0,2.5,,1,21,2078,2098,GGCUGCCGACUCAUUCAUUUG,UUGAUGAAAGAGUCGGUAGCC,Cleavage
607,Chr10_41201,Eucgr.C03347.1,32036235,Eucgr.C03347,Eucgr.C03347.1.v2.0,v2.0,2.5,,1,20,352,371,AUCAUGCUAUCCCUUUGGAU,AACAAAGGGGAUAGCAUGAU,Cleavage
608,Chr10_41201,Eucgr.C03521.1,32038361,Eucgr.C03521,Eucgr.C03521.1.v2.0,v2.0,2.5,,1,20,406,425,AUCAUGCUAUCCCUUUGGAU,AACAAAGGGGAUAGCAUGAU,Cleavage
609,Chr10_41201,Eucgr.C03337.1,32037588,Eucgr.C03337,Eucgr.C03337.1.v2.0,v2.0,2.5,,1,20,406,425,AUCAUGCUAUCCCUUUGGAU,AACAAAGGGGAUAGCAUGAU,Cleavage
610,Chr10_41201,Eucgr.C03507.1,32038921,Eucgr.C03507,Eucgr.C03507.1.v2.0,v2.0,2.5,,1,20,406,425,AUCAUGCUAUCCCUUUGGAU,AACAAAGGGGAUAGCAUGAU,Cleavage
611,Chr10_41201,Eucgr.C03535.1,32039485,Eucgr.C03535,Eucgr.C03535.1.v2.0,v2.0,2.5,,1,20,443,462,AUCAUGCUAUCCCUUUGGAU,AACAAAGGGGAUAGCAUGAU,Cleavage
612,Chr10_41201,Eucgr.C03354.1,32039621,Eucgr.C03354,Eucgr.C03354.1.v2.0,v2.0,2.5,,1,20,439,458,AUCAUGCUAUCCCUUUGGAU,AACAAAGGGGAUAGCAUGAU,Cleavage
613,Chr10_41201,Eucgr.C03537.1,32037418,Eucgr.C03537,Eucgr.C03537.1.v2.0,v2.0,2.5,,1,20,456,475,AUCAUGCUAUCCCUUUGGAU,AACAAAGGGGAUAGCAUGAU,Cleavage
614,Chr10_41201,Eucgr.C03488.1,32036376,Eucgr.C03488,Eucgr.C03488.1.v2.0,v2.0,2.5,,1,20,465,484,AUCAUGCUAUCCCUUUGGAU,AACAAAGGGGAUAGCAUGAU,Cleavage
615,Chr11_41982,Eucgr.I00181.1,32063192,Eucgr.I00181,Eucgr.I00181.1.v2.0,v2.0,2.5,,1,20,710,729,AAGCUCAGGAGGGAUAGCGC,GCUCUAUCCCUCCUGAGUUG,Cleavage
616,Chr11_41982,Eucgr.H04081.1,32042633,Eucgr.H04081,Eucgr.H04081.1.v2.0,v2.0,2.5,,1,20,561,580,AAGCUCAGGAGGGAUAGCGC,GCGCUAUCCUAUCUGAGCUU,Translation
617,Chr11_41982,Eucgr.I00178.1,32065509,Eucgr.I00178,Eucgr.I00178.1.v2.0,v2.0,2.5,,1,20,419,438,AAGCUCAGGAGGGAUAGCGC,GCUCUAUCCCUCCUGAGUUG,Cleavage
618,Chr11_44314,Eucgr.C03702.3,32038420,Eucgr.C03702,Eucgr.C03702.3.v2.0,v2.0,2.5,,1,21,1753,1773,CCUUCGGCGCGGCAGAUCUGG,UCAGAUCUGUCGUGUCGAAGA,Cleavage
619,Chr11_44314,Eucgr.C03702.2,32038419,Eucgr.C03702,Eucgr.C03702.2.v2.0,v2.0,2.5,,1,21,1753,1773,CCUUCGGCGCGGCAGAUCUGG,UCAGAUCUGUCGUGUCGAAGA,Cleavage
620,Chr11_44314,Eucgr.C03702.1,32038418,Eucgr.C03702,Eucgr.C03702.1.v2.0,v2.0,2.5,,1,21,1753,1773,CCUUCGGCGCGGCAGAUCUGG,UCAGAUCUGUCGUGUCGAAGA,Cleavage
621,Egr-miR156a,Eucgr.F03545.1,32054134,Eucgr.F03545,Eucgr.F03545.1.v2.0,v2.0,2.5,,1,22,3117,3138,UUGACAGAAGAGAGUGAGCACA,GGUGCUAACUCUUUUUUGUUAA,Cleavage
622,Egr-miR156a,Eucgr.F02583.1,32054876,Eucgr.F02583,Eucgr.F02583.1.v2.0,v2.0,2.5,,1,22,1194,1215,UUGACAGAAGAGAGUGAGCACA,GAUGCUCACUCGCUUCUGUCAC,Translation
623,Egr-miR156a,Eucgr.E01777.1,32028066,Eucgr.E01777,Eucgr.E01777.1.v2.0,v2.0,2.5,,1,22,597,618,UUGACAGAAGAGAGUGAGCACA,CUCUCUCUCUCUCUUCUGUCGA,Cleavage
624,Egr-miR156a,Eucgr.D01633.1,32029167,Eucgr.D01633,Eucgr.D01633.1.v2.0,v2.0,2.5,,1,22,479,500,UUGACAGAAGAGAGUGAGCACA,CGAGCACGCUCUUUUCUGUCGA,Cleavage
625,Egr-miR156a,Eucgr.D01636.1,32031213,Eucgr.D01636,Eucgr.D01636.1.v2.0,v2.0,2.5,,1,22,578,599,UUGACAGAAGAGAGUGAGCACA,CGAGCACGCUCUUUUCUGUCGA,Cleavage
626,Egr-miR156b,Eucgr.F03545.1,32054134,Eucgr.F03545,Eucgr.F03545.1.v2.0,v2.0,2.5,,1,22,3117,3138,UUGACAGAAGAGAGUGAGCACA,GGUGCUAACUCUUUUUUGUUAA,Cleavage
627,Egr-miR156b,Eucgr.F02583.1,32054876,Eucgr.F02583,Eucgr.F02583.1.v2.0,v2.0,2.5,,1,22,1194,1215,UUGACAGAAGAGAGUGAGCACA,GAUGCUCACUCGCUUCUGUCAC,Translation
628,Egr-miR156b,Eucgr.E01777.1,32028066,Eucgr.E01777,Eucgr.E01777.1.v2.0,v2.0,2.5,,1,22,597,618,UUGACAGAAGAGAGUGAGCACA,CUCUCUCUCUCUCUUCUGUCGA,Cleavage
629,Egr-miR156b,Eucgr.D01633.1,32029167,Eucgr.D01633,Eucgr.D01633.1.v2.0,v2.0,2.5,,1,22,479,500,UUGACAGAAGAGAGUGAGCACA,CGAGCACGCUCUUUUCUGUCGA,Cleavage
630,Egr-miR156b,Eucgr.D01636.1,32031213,Eucgr.D01636,Eucgr.D01636.1.v2.0,v2.0,2.5,,1,22,578,599,UUGACAGAAGAGAGUGAGCACA,CGAGCACGCUCUUUUCUGUCGA,Cleavage
631,Egr-miR156d,Eucgr.G03188.1,32073317,Eucgr.G03188,Eucgr.G03188.1.v2.0,v2.0,2.5,,1,19,1617,1635,UGACAGAAGAGAGUGAGCA,UGCUCGCUCUUUUCUGGCA,Cleavage
632,Egr-miR156d,Eucgr.C00100.1,32037808,Eucgr.C00100,Eucgr.C00100.1.v2.0,v2.0,2.5,,1,19,1700,1718,UGACAGAAGAGAGUGAGCA,UGAUCGCUCUUUUCUGUCG,Cleavage
633,Egr-miR156d,Eucgr.C00100.2,32037809,Eucgr.C00100,Eucgr.C00100.2.v2.0,v2.0,2.5,,1,19,1685,1703,UGACAGAAGAGAGUGAGCA,UGAUCGCUCUUUUCUGUCG,Cleavage
634,Egr-miR156d,Eucgr.F03545.1,32054134,Eucgr.F03545,Eucgr.F03545.1.v2.0,v2.0,2.5,,1,19,3119,3137,UGACAGAAGAGAGUGAGCA,UGCUAACUCUUUUUUGUUA,Cleavage
635,Egr-miR156e,Eucgr.G03188.1,32073317,Eucgr.G03188,Eucgr.G03188.1.v2.0,v2.0,2.5,,1,19,1617,1635,UGACAGAAGAGAGUGAGCA,UGCUCGCUCUUUUCUGGCA,Cleavage
636,Egr-miR156e,Eucgr.C00100.1,32037808,Eucgr.C00100,Eucgr.C00100.1.v2.0,v2.0,2.5,,1,19,1700,1718,UGACAGAAGAGAGUGAGCA,UGAUCGCUCUUUUCUGUCG,Cleavage
637,Egr-miR156e,Eucgr.C00100.2,32037809,Eucgr.C00100,Eucgr.C00100.2.v2.0,v2.0,2.5,,1,19,1685,1703,UGACAGAAGAGAGUGAGCA,UGAUCGCUCUUUUCUGUCG,Cleavage
638,Egr-miR156e,Eucgr.F03545.1,32054134,Eucgr.F03545,Eucgr.F03545.1.v2.0,v2.0,2.5,,1,19,3119,3137,UGACAGAAGAGAGUGAGCA,UGCUAACUCUUUUUUGUUA,Cleavage
639,Egr-miR156f,Eucgr.G03188.1,32073317,Eucgr.G03188,Eucgr.G03188.1.v2.0,v2.0,2.5,,1,19,1617,1635,UGACAGAAGAGAGUGAGCA,UGCUCGCUCUUUUCUGGCA,Cleavage
640,Egr-miR156f,Eucgr.C00100.1,32037808,Eucgr.C00100,Eucgr.C00100.1.v2.0,v2.0,2.5,,1,19,1700,1718,UGACAGAAGAGAGUGAGCA,UGAUCGCUCUUUUCUGUCG,Cleavage
641,Egr-miR156f,Eucgr.C00100.2,32037809,Eucgr.C00100,Eucgr.C00100.2.v2.0,v2.0,2.5,,1,19,1685,1703,UGACAGAAGAGAGUGAGCA,UGAUCGCUCUUUUCUGUCG,Cleavage
642,Egr-miR156f,Eucgr.F03545.1,32054134,Eucgr.F03545,Eucgr.F03545.1.v2.0,v2.0,2.5,,1,19,3119,3137,UGACAGAAGAGAGUGAGCA,UGCUAACUCUUUUUUGUUA,Cleavage
643,Egr-miR156h,Eucgr.G03188.1,32073317,Eucgr.G03188,Eucgr.G03188.1.v2.0,v2.0,2.5,,1,19,1617,1635,UGACAGAAGAGAGUGAGCA,UGCUCGCUCUUUUCUGGCA,Cleavage
644,Egr-miR156h,Eucgr.C00100.1,32037808,Eucgr.C00100,Eucgr.C00100.1.v2.0,v2.0,2.5,,1,19,1700,1718,UGACAGAAGAGAGUGAGCA,UGAUCGCUCUUUUCUGUCG,Cleavage
645,Egr-miR156h,Eucgr.C00100.2,32037809,Eucgr.C00100,Eucgr.C00100.2.v2.0,v2.0,2.5,,1,19,1685,1703,UGACAGAAGAGAGUGAGCA,UGAUCGCUCUUUUCUGUCG,Cleavage
646,Egr-miR156h,Eucgr.F03545.1,32054134,Eucgr.F03545,Eucgr.F03545.1.v2.0,v2.0,2.5,,1,19,3119,3137,UGACAGAAGAGAGUGAGCA,UGCUAACUCUUUUUUGUUA,Cleavage
647,Egr-miR156i,Eucgr.G03188.1,32073317,Eucgr.G03188,Eucgr.G03188.1.v2.0,v2.0,2.5,,1,19,1617,1635,UGACAGAAGAGAGUGAGCA,UGCUCGCUCUUUUCUGGCA,Cleavage
648,Egr-miR156i,Eucgr.C00100.1,32037808,Eucgr.C00100,Eucgr.C00100.1.v2.0,v2.0,2.5,,1,19,1700,1718,UGACAGAAGAGAGUGAGCA,UGAUCGCUCUUUUCUGUCG,Cleavage
649,Egr-miR156i,Eucgr.C00100.2,32037809,Eucgr.C00100,Eucgr.C00100.2.v2.0,v2.0,2.5,,1,19,1685,1703,UGACAGAAGAGAGUGAGCA,UGAUCGCUCUUUUCUGUCG,Cleavage
650,Egr-miR156i,Eucgr.F03545.1,32054134,Eucgr.F03545,Eucgr.F03545.1.v2.0,v2.0,2.5,,1,19,3119,3137,UGACAGAAGAGAGUGAGCA,UGCUAACUCUUUUUUGUUA,Cleavage
651,Egr-miR156j,Eucgr.G03188.1,32073317,Eucgr.G03188,Eucgr.G03188.1.v2.0,v2.0,2.5,,1,19,1617,1635,UGACAGAAGAGAGUGAGCA,UGCUCGCUCUUUUCUGGCA,Cleavage
652,Egr-miR156j,Eucgr.C00100.1,32037808,Eucgr.C00100,Eucgr.C00100.1.v2.0,v2.0,2.5,,1,19,1700,1718,UGACAGAAGAGAGUGAGCA,UGAUCGCUCUUUUCUGUCG,Cleavage
653,Egr-miR156j,Eucgr.C00100.2,32037809,Eucgr.C00100,Eucgr.C00100.2.v2.0,v2.0,2.5,,1,19,1685,1703,UGACAGAAGAGAGUGAGCA,UGAUCGCUCUUUUCUGUCG,Cleavage
654,Egr-miR156j,Eucgr.F03545.1,32054134,Eucgr.F03545,Eucgr.F03545.1.v2.0,v2.0,2.5,,1,19,3119,3137,UGACAGAAGAGAGUGAGCA,UGCUAACUCUUUUUUGUUA,Cleavage
655,Egr-miR156k,Eucgr.B03578.1,32059405,Eucgr.B03578,Eucgr.B03578.1.v2.0,v2.0,2.5,,1,21,282,302,UGCUCACUUCUCUUCUGUCAG,CUGGCCGAGGAGAGGUGAGCA,Cleavage
656,Egr-miR156k,Eucgr.K00600.2,32067097,Eucgr.K00600,Eucgr.K00600.2.v2.0,v2.0,2.5,,1,21,254,274,UGCUCACUUCUCUUCUGUCAG,GUGACGGGAGAGAAGGGAGCA,Cleavage
657,Egr-miR156k,Eucgr.K00600.1,32067096,Eucgr.K00600,Eucgr.K00600.1.v2.0,v2.0,2.5,,1,21,254,274,UGCUCACUUCUCUUCUGUCAG,GUGACGGGAGAGAAGGGAGCA,Cleavage
658,Egr-miR156k,Eucgr.K00600.3,32067098,Eucgr.K00600,Eucgr.K00600.3.v2.0,v2.0,2.5,,1,21,254,274,UGCUCACUUCUCUUCUGUCAG,GUGACGGGAGAGAAGGGAGCA,Cleavage
659,Egr-miR156l,Eucgr.B03518.1,32060274,Eucgr.B03518,Eucgr.B03518.1.v2.0,v2.0,2.5,,1,20,690,709,UUGACAGAAGAUAGAGAGCA,UGCUCUCUCUCUUCUGUCAU,Cleavage
660,Egr-miR156l,Eucgr.K01046.3,32066956,Eucgr.K01046,Eucgr.K01046.3.v2.0,v2.0,2.5,,1,20,711,730,UUGACAGAAGAUAGAGAGCA,UGCUCUCUCUCUUCUGUCAU,Cleavage
661,Egr-miR156l,Eucgr.K01046.2,32066955,Eucgr.K01046,Eucgr.K01046.2.v2.0,v2.0,2.5,,1,20,744,763,UUGACAGAAGAUAGAGAGCA,UGCUCUCUCUCUUCUGUCAU,Cleavage
662,Egr-miR156l,Eucgr.K01046.1,32066954,Eucgr.K01046,Eucgr.K01046.1.v2.0,v2.0,2.5,,1,20,885,904,UUGACAGAAGAUAGAGAGCA,UGCUCUCUCUCUUCUGUCAU,Cleavage
663,Egr-miR156l,Eucgr.K02708.3,32067231,Eucgr.K02708,Eucgr.K02708.3.v2.0,v2.0,2.5,,1,20,1073,1092,UUGACAGAAGAUAGAGAGCA,UGCUCUCUCUCUUCUGUCAU,Cleavage
664,Egr-miR156l,Eucgr.D02505.1,32050650,Eucgr.D02505,Eucgr.D02505.1.v2.0,v2.0,2.5,,1,20,773,792,UUGACAGAAGAUAGAGAGCA,UGCUCUCUCUCUUCUGUCAU,Cleavage
665,Egr-miR156l,Eucgr.K02708.1,32067229,Eucgr.K02708,Eucgr.K02708.1.v2.0,v2.0,2.5,,1,20,1176,1195,UUGACAGAAGAUAGAGAGCA,UGCUCUCUCUCUUCUGUCAU,Cleavage
666,Egr-miR156l,Eucgr.K02708.2,32067230,Eucgr.K02708,Eucgr.K02708.2.v2.0,v2.0,2.5,,1,20,1205,1224,UUGACAGAAGAUAGAGAGCA,UGCUCUCUCUCUUCUGUCAU,Cleavage
667,Egr-miR156l,Eucgr.B00631.1,32060069,Eucgr.B00631,Eucgr.B00631.1.v2.0,v2.0,2.5,,1,20,1137,1156,UUGACAGAAGAUAGAGAGCA,UGCUCUCUCUCUUCUGUCAU,Cleavage
668,Egr-miR156l,Eucgr.K02545.1,32068115,Eucgr.K02545,Eucgr.K02545.1.v2.0,v2.0,2.5,,1,20,1681,1700,UUGACAGAAGAUAGAGAGCA,UGCUCUCUCUCUUCUGUCAU,Cleavage
669,Egr-miR156l,Eucgr.K02545.2,32068116,Eucgr.K02545,Eucgr.K02545.2.v2.0,v2.0,2.5,,1,20,1681,1700,UUGACAGAAGAUAGAGAGCA,UGCUCUCUCUCUUCUGUCAU,Cleavage
670,Egr-miR156l,Eucgr.F01108.1,32057744,Eucgr.F01108,Eucgr.F01108.1.v2.0,v2.0,2.5,,1,20,598,617,UUGACAGAAGAUAGAGAGCA,UGCUCUCUCUUUUCUGUUAA,Cleavage
671,Egr-miR156l,Eucgr.G02780.1,32073304,Eucgr.G02780,Eucgr.G02780.1.v2.0,v2.0,2.5,,1,20,531,550,UUGACAGAAGAUAGAGAGCA,CGCUCUUUAUCUUCUGCUAA,Cleavage
672,Egr-miR156m,Eucgr.B03518.1,32060274,Eucgr.B03518,Eucgr.B03518.1.v2.0,v2.0,2.5,,1,20,690,709,UUGACAGAAGAUAGAGAGCA,UGCUCUCUCUCUUCUGUCAU,Cleavage
673,Egr-miR156m,Eucgr.K01046.3,32066956,Eucgr.K01046,Eucgr.K01046.3.v2.0,v2.0,2.5,,1,20,711,730,UUGACAGAAGAUAGAGAGCA,UGCUCUCUCUCUUCUGUCAU,Cleavage
674,Egr-miR156m,Eucgr.K01046.2,32066955,Eucgr.K01046,Eucgr.K01046.2.v2.0,v2.0,2.5,,1,20,744,763,UUGACAGAAGAUAGAGAGCA,UGCUCUCUCUCUUCUGUCAU,Cleavage
675,Egr-miR156m,Eucgr.K01046.1,32066954,Eucgr.K01046,Eucgr.K01046.1.v2.0,v2.0,2.5,,1,20,885,904,UUGACAGAAGAUAGAGAGCA,UGCUCUCUCUCUUCUGUCAU,Cleavage
676,Egr-miR156m,Eucgr.K02708.3,32067231,Eucgr.K02708,Eucgr.K02708.3.v2.0,v2.0,2.5,,1,20,1073,1092,UUGACAGAAGAUAGAGAGCA,UGCUCUCUCUCUUCUGUCAU,Cleavage
677,Egr-miR156m,Eucgr.D02505.1,32050650,Eucgr.D02505,Eucgr.D02505.1.v2.0,v2.0,2.5,,1,20,773,792,UUGACAGAAGAUAGAGAGCA,UGCUCUCUCUCUUCUGUCAU,Cleavage
678,Egr-miR156m,Eucgr.K02708.1,32067229,Eucgr.K02708,Eucgr.K02708.1.v2.0,v2.0,2.5,,1,20,1176,1195,UUGACAGAAGAUAGAGAGCA,UGCUCUCUCUCUUCUGUCAU,Cleavage
679,Egr-miR156m,Eucgr.K02708.2,32067230,Eucgr.K02708,Eucgr.K02708.2.v2.0,v2.0,2.5,,1,20,1205,1224,UUGACAGAAGAUAGAGAGCA,UGCUCUCUCUCUUCUGUCAU,Cleavage
680,Egr-miR156m,Eucgr.B00631.1,32060069,Eucgr.B00631,Eucgr.B00631.1.v2.0,v2.0,2.5,,1,20,1137,1156,UUGACAGAAGAUAGAGAGCA,UGCUCUCUCUCUUCUGUCAU,Cleavage
681,Egr-miR156m,Eucgr.K02545.1,32068115,Eucgr.K02545,Eucgr.K02545.1.v2.0,v2.0,2.5,,1,20,1681,1700,UUGACAGAAGAUAGAGAGCA,UGCUCUCUCUCUUCUGUCAU,Cleavage
682,Egr-miR156m,Eucgr.K02545.2,32068116,Eucgr.K02545,Eucgr.K02545.2.v2.0,v2.0,2.5,,1,20,1681,1700,UUGACAGAAGAUAGAGAGCA,UGCUCUCUCUCUUCUGUCAU,Cleavage
683,Egr-miR156m,Eucgr.F01108.1,32057744,Eucgr.F01108,Eucgr.F01108.1.v2.0,v2.0,2.5,,1,20,598,617,UUGACAGAAGAUAGAGAGCA,UGCUCUCUCUUUUCUGUUAA,Cleavage
684,Egr-miR156m,Eucgr.G02780.1,32073304,Eucgr.G02780,Eucgr.G02780.1.v2.0,v2.0,2.5,,1,20,531,550,UUGACAGAAGAUAGAGAGCA,CGCUCUUUAUCUUCUGCUAA,Cleavage
685,Egr-miR156n,Eucgr.B03518.1,32060274,Eucgr.B03518,Eucgr.B03518.1.v2.0,v2.0,2.5,,1,20,690,709,UUGACAGAAGAUAGAGAGCA,UGCUCUCUCUCUUCUGUCAU,Cleavage
686,Egr-miR156n,Eucgr.K01046.3,32066956,Eucgr.K01046,Eucgr.K01046.3.v2.0,v2.0,2.5,,1,20,711,730,UUGACAGAAGAUAGAGAGCA,UGCUCUCUCUCUUCUGUCAU,Cleavage
687,Egr-miR156n,Eucgr.K01046.2,32066955,Eucgr.K01046,Eucgr.K01046.2.v2.0,v2.0,2.5,,1,20,744,763,UUGACAGAAGAUAGAGAGCA,UGCUCUCUCUCUUCUGUCAU,Cleavage
688,Egr-miR156n,Eucgr.K01046.1,32066954,Eucgr.K01046,Eucgr.K01046.1.v2.0,v2.0,2.5,,1,20,885,904,UUGACAGAAGAUAGAGAGCA,UGCUCUCUCUCUUCUGUCAU,Cleavage
689,Egr-miR156n,Eucgr.K02708.3,32067231,Eucgr.K02708,Eucgr.K02708.3.v2.0,v2.0,2.5,,1,20,1073,1092,UUGACAGAAGAUAGAGAGCA,UGCUCUCUCUCUUCUGUCAU,Cleavage
690,Egr-miR156n,Eucgr.D02505.1,32050650,Eucgr.D02505,Eucgr.D02505.1.v2.0,v2.0,2.5,,1,20,773,792,UUGACAGAAGAUAGAGAGCA,UGCUCUCUCUCUUCUGUCAU,Cleavage
691,Egr-miR156n,Eucgr.K02708.1,32067229,Eucgr.K02708,Eucgr.K02708.1.v2.0,v2.0,2.5,,1,20,1176,1195,UUGACAGAAGAUAGAGAGCA,UGCUCUCUCUCUUCUGUCAU,Cleavage
692,Egr-miR156n,Eucgr.K02708.2,32067230,Eucgr.K02708,Eucgr.K02708.2.v2.0,v2.0,2.5,,1,20,1205,1224,UUGACAGAAGAUAGAGAGCA,UGCUCUCUCUCUUCUGUCAU,Cleavage
693,Egr-miR156n,Eucgr.B00631.1,32060069,Eucgr.B00631,Eucgr.B00631.1.v2.0,v2.0,2.5,,1,20,1137,1156,UUGACAGAAGAUAGAGAGCA,UGCUCUCUCUCUUCUGUCAU,Cleavage
694,Egr-miR156n,Eucgr.K02545.1,32068115,Eucgr.K02545,Eucgr.K02545.1.v2.0,v2.0,2.5,,1,20,1681,1700,UUGACAGAAGAUAGAGAGCA,UGCUCUCUCUCUUCUGUCAU,Cleavage
695,Egr-miR156n,Eucgr.K02545.2,32068116,Eucgr.K02545,Eucgr.K02545.2.v2.0,v2.0,2.5,,1,20,1681,1700,UUGACAGAAGAUAGAGAGCA,UGCUCUCUCUCUUCUGUCAU,Cleavage
696,Egr-miR156n,Eucgr.F01108.1,32057744,Eucgr.F01108,Eucgr.F01108.1.v2.0,v2.0,2.5,,1,20,598,617,UUGACAGAAGAUAGAGAGCA,UGCUCUCUCUUUUCUGUUAA,Cleavage
697,Egr-miR156n,Eucgr.G02780.1,32073304,Eucgr.G02780,Eucgr.G02780.1.v2.0,v2.0,2.5,,1,20,531,550,UUGACAGAAGAUAGAGAGCA,CGCUCUUUAUCUUCUGCUAA,Cleavage
698,Egr-miR156o,Eucgr.F03545.1,32054134,Eucgr.F03545,Eucgr.F03545.1.v2.0,v2.0,2.5,,1,22,3116,3137,UGACAGAAGAGAGUGAGCACAC,UGGUGCUAACUCUUUUUUGUUA,Cleavage
699,Egr-miR156o,Eucgr.G03188.1,32073317,Eucgr.G03188,Eucgr.G03188.1.v2.0,v2.0,2.5,,1,22,1614,1635,UGACAGAAGAGAGUGAGCACAC,GGAUGCUCGCUCUUUUCUGGCA,Cleavage
700,Egr-miR156o,Eucgr.C00100.1,32037808,Eucgr.C00100,Eucgr.C00100.1.v2.0,v2.0,2.5,,1,22,1697,1718,UGACAGAAGAGAGUGAGCACAC,CGUUGAUCGCUCUUUUCUGUCG,Cleavage
701,Egr-miR156o,Eucgr.C00100.2,32037809,Eucgr.C00100,Eucgr.C00100.2.v2.0,v2.0,2.5,,1,22,1682,1703,UGACAGAAGAGAGUGAGCACAC,CGUUGAUCGCUCUUUUCUGUCG,Cleavage
702,Egr-miR164a,Eucgr.F00427.2,32053773,Eucgr.F00427,Eucgr.F00427.2.v2.0,v2.0,2.5,,1,20,1811,1830,UGGAGAAGCAGGGCACGUGC,ACUCGUGCUCUGCUUCUCCU,Cleavage
703,Egr-miR164a,Eucgr.F00427.1,32053772,Eucgr.F00427,Eucgr.F00427.1.v2.0,v2.0,2.5,,1,20,1953,1972,UGGAGAAGCAGGGCACGUGC,ACUCGUGCUCUGCUUCUCCU,Cleavage
704,Egr-miR165b,Eucgr.L03240.1,32065783,Eucgr.L03240,Eucgr.L03240.1.v2.0,v2.0,2.5,,1,22,173,194,UCGGACCAGGCUUCAUUCCCCU,UCAGGAUUGAGGCCUGGUUCGG,Cleavage
705,Egr-miR165e,Eucgr.L03240.1,32065783,Eucgr.L03240,Eucgr.L03240.1.v2.0,v2.0,2.5,,1,20,175,194,UCGGACCAGGCUUCAUUCCC,AGGAUUGAGGCCUGGUUCGG,Cleavage
706,Egr-miR165f,Eucgr.L03240.1,32065783,Eucgr.L03240,Eucgr.L03240.1.v2.0,v2.0,2.5,,1,21,174,194,UCGGACCAGGCUUCAUUCCCC,CAGGAUUGAGGCCUGGUUCGG,Cleavage
707,Egr-miR167a,Eucgr.H00555.1,32043911,Eucgr.H00555,Eucgr.H00555.1.v2.0,v2.0,2.5,,1,23,2040,2062,UGAAGCUGCCAGCAUGAUCUGAG,GAUAGAUGAUGCUGGCAGUUUCC,Cleavage
708,Egr-miR167a,Eucgr.A01782.1,32047401,Eucgr.A01782,Eucgr.A01782.1.v2.0,v2.0,2.5,,1,23,1614,1636,UGAAGCUGCCAGCAUGAUCUGAG,CUAUGAUCGAGUUGGCAGCUUUA,Cleavage
709,Egr-miR167a,Eucgr.F03026.1,32056340,Eucgr.F03026,Eucgr.F03026.1.v2.0,v2.0,2.5,,1,23,44,66,UGAAGCUGCCAGCAUGAUCUGAG,ACCCGACCAUGCUGGGAGCUUCA,Cleavage
710,Egr-miR167b,Eucgr.A01782.1,32047401,Eucgr.A01782,Eucgr.A01782.1.v2.0,v2.0,2.5,,1,22,1615,1636,UGAAGCUGCCAGCGUGAUCUCA,UAUGAUCGAGUUGGCAGCUUUA,Cleavage
711,Egr-miR167c,Eucgr.H00555.1,32043911,Eucgr.H00555,Eucgr.H00555.1.v2.0,v2.0,2.5,,1,20,2043,2062,UGAAGCUGCCAGCAUGAUCU,AGAUGAUGCUGGCAGUUUCC,Cleavage
712,Egr-miR167c,Eucgr.F03026.1,32056340,Eucgr.F03026,Eucgr.F03026.1.v2.0,v2.0,2.5,,1,20,47,66,UGAAGCUGCCAGCAUGAUCU,CGACCAUGCUGGGAGCUUCA,Cleavage
713,Egr-miR167c,Eucgr.A01782.1,32047401,Eucgr.A01782,Eucgr.A01782.1.v2.0,v2.0,2.5,,1,20,1617,1636,UGAAGCUGCCAGCAUGAUCU,UGAUCGAGUUGGCAGCUUUA,Cleavage
714,Egr-miR396a,Eucgr.B01131.1,32060900,Eucgr.B01131,Eucgr.B01131.1.v2.0,v2.0,2.5,,1,20,869,888,UUCCACAGCUUUCUUGAACU,AAUUUAAGAAAGCUGUGGAU,Cleavage
715,Egr-miR396a,Eucgr.B01484.1,32061054,Eucgr.B01484,Eucgr.B01484.1.v2.0,v2.0,2.5,,1,20,733,752,UUCCACAGCUUUCUUGAACU,ACUUCAAGAAGGCUGUGGAC,Cleavage
716,Egr-miR396a,Eucgr.G00948.1,32072044,Eucgr.G00948,Eucgr.G00948.1.v2.0,v2.0,2.5,,1,20,263,282,UUCCACAGCUUUCUUGAACU,UCCUCAAGAAAGUUGUGGAA,Cleavage
717,Egr-miR396a,Eucgr.K01496.1,32066285,Eucgr.K01496,Eucgr.K01496.1.v2.0,v2.0,2.5,,1,20,818,837,UUCCACAGCUUUCUUGAACU,GGUUUGGGGAAGCUGUGGGA,Cleavage
718,Egr-miR396a,Eucgr.A02958.1,32048203,Eucgr.A02958,Eucgr.A02958.1.v2.0,v2.0,2.5,,1,20,818,837,UUCCACAGCUUUCUUGAACU,AGGUGAAGAGAGCUGUGGAA,Cleavage
719,Egr-miR396a,Eucgr.F01852.1,32052547,Eucgr.F01852,Eucgr.F01852.1.v2.0,v2.0,2.5,,1,20,429,448,UUCCACAGCUUUCUUGAACU,GGAUCAAGGAAGCUGUGGGG,Cleavage
720,Egr-miR396c,Eucgr.B01131.1,32060900,Eucgr.B01131,Eucgr.B01131.1.v2.0,v2.0,2.5,,1,20,869,888,UUCCACAGCUUUCUUGAACU,AAUUUAAGAAAGCUGUGGAU,Cleavage
721,Egr-miR396c,Eucgr.B01484.1,32061054,Eucgr.B01484,Eucgr.B01484.1.v2.0,v2.0,2.5,,1,20,733,752,UUCCACAGCUUUCUUGAACU,ACUUCAAGAAGGCUGUGGAC,Cleavage
722,Egr-miR396c,Eucgr.G00948.1,32072044,Eucgr.G00948,Eucgr.G00948.1.v2.0,v2.0,2.5,,1,20,263,282,UUCCACAGCUUUCUUGAACU,UCCUCAAGAAAGUUGUGGAA,Cleavage
723,Egr-miR396c,Eucgr.K01496.1,32066285,Eucgr.K01496,Eucgr.K01496.1.v2.0,v2.0,2.5,,1,20,818,837,UUCCACAGCUUUCUUGAACU,GGUUUGGGGAAGCUGUGGGA,Cleavage
724,Egr-miR396c,Eucgr.A02958.1,32048203,Eucgr.A02958,Eucgr.A02958.1.v2.0,v2.0,2.5,,1,20,818,837,UUCCACAGCUUUCUUGAACU,AGGUGAAGAGAGCUGUGGAA,Cleavage
725,Egr-miR396c,Eucgr.F01852.1,32052547,Eucgr.F01852,Eucgr.F01852.1.v2.0,v2.0,2.5,,1,20,429,448,UUCCACAGCUUUCUUGAACU,GGAUCAAGGAAGCUGUGGGG,Cleavage
726,Egr-miR482a,Eucgr.E02243.1,32029943,Eucgr.E02243,Eucgr.E02243.1.v2.0,v2.0,2.5,,1,21,642,662,UUUCCUAUUCCUCCCAUUCCA,GGGAAAGGGAGGCAUAGGAAA,Cleavage
727,Egr-miR482a,Eucgr.E02164.1,32031775,Eucgr.E02164,Eucgr.E02164.1.v2.0,v2.0,2.5,,1,21,600,620,UUUCCUAUUCCUCCCAUUCCA,GGGAAAGGGAGGCAUAGGAAA,Cleavage
728,Egr-miR482a,Eucgr.E02926.1,32028914,Eucgr.E02926,Eucgr.E02926.1.v2.0,v2.0,2.5,,1,21,848,868,UUUCCUAUUCCUCCCAUUCCA,GGGAAAGGGAGGCAUAGGAAA,Cleavage
729,Egr-miR482a,Eucgr.H02164.1,32043515,Eucgr.H02164,Eucgr.H02164.1.v2.0,v2.0,2.5,,1,21,645,665,UUUCCUAUUCCUCCCAUUCCA,GGGAAAGGGAGGCAUAGGAAA,Cleavage
730,Egr-miR482a,Eucgr.C03195.7,32036651,Eucgr.C03195,Eucgr.C03195.7.v2.0,v2.0,2.5,,1,21,2515,2535,UUUCCUAUUCCUCCCAUUCCA,UCGAAUGGGGGUAAUAGGAGA,Translation
731,Egr-miR482a,Eucgr.C03195.8,32036652,Eucgr.C03195,Eucgr.C03195.8.v2.0,v2.0,2.5,,1,21,2545,2565,UUUCCUAUUCCUCCCAUUCCA,UCGAAUGGGGGUAAUAGGAGA,Translation
732,Egr-miR482a,Eucgr.C03195.2,32036646,Eucgr.C03195,Eucgr.C03195.2.v2.0,v2.0,2.5,,1,21,2618,2638,UUUCCUAUUCCUCCCAUUCCA,UCGAAUGGGGGUAAUAGGAGA,Translation
733,Egr-miR482a,Eucgr.C03195.4,32036648,Eucgr.C03195,Eucgr.C03195.4.v2.0,v2.0,2.5,,1,21,2587,2607,UUUCCUAUUCCUCCCAUUCCA,UCGAAUGGGGGUAAUAGGAGA,Translation
734,Egr-miR482a,Eucgr.C03195.5,32036649,Eucgr.C03195,Eucgr.C03195.5.v2.0,v2.0,2.5,,1,21,2611,2631,UUUCCUAUUCCUCCCAUUCCA,UCGAAUGGGGGUAAUAGGAGA,Translation
735,Egr-miR482a,Eucgr.C03195.1,32036645,Eucgr.C03195,Eucgr.C03195.1.v2.0,v2.0,2.5,,1,21,2618,2638,UUUCCUAUUCCUCCCAUUCCA,UCGAAUGGGGGUAAUAGGAGA,Translation
736,Egr-miR482a,Eucgr.C03195.6,32036650,Eucgr.C03195,Eucgr.C03195.6.v2.0,v2.0,2.5,,1,21,2653,2673,UUUCCUAUUCCUCCCAUUCCA,UCGAAUGGGGGUAAUAGGAGA,Translation
737,Egr-miR482a,Eucgr.C03469.1,32039944,Eucgr.C03469,Eucgr.C03469.1.v2.0,v2.0,2.5,,1,21,75,95,UUUCCUAUUCCUCCCAUUCCA,CGGAUUUGGAGGAAUAGGGAA,Cleavage
738,Egr-miR482b,Eucgr.A01549.1,32047758,Eucgr.A01549,Eucgr.A01549.1.v2.0,v2.0,2.5,,1,21,65,85,UCUUGCCAAUACCACCCAUGC,GGAUGGGUGGUGUUGGUAAAA,Cleavage
739,Egr-miR482b,Eucgr.H03785.2,32043730,Eucgr.H03785,Eucgr.H03785.2.v2.0,v2.0,2.5,,1,21,836,856,UCUUGCCAAUACCACCCAUGC,GGAUGGGUGGUAUUGGAAAGU,Cleavage
740,Egr-miR482b,Eucgr.H03785.1,32043729,Eucgr.H03785,Eucgr.H03785.1.v2.0,v2.0,2.5,,1,21,836,856,UCUUGCCAAUACCACCCAUGC,GGAUGGGUGGUAUUGGAAAGU,Cleavage
741,Egr-miR482b,Eucgr.E00715.1,32031803,Eucgr.E00715,Eucgr.E00715.1.v2.0,v2.0,2.5,,1,21,554,574,UCUUGCCAAUACCACCCAUGC,GAAUGGGUGGUGUGGGUAAGA,Cleavage
742,Egr-miR482b,Eucgr.F00551.1,32057649,Eucgr.F00551,Eucgr.F00551.1.v2.0,v2.0,2.5,,1,21,598,618,UCUUGCCAAUACCACCCAUGC,GAAUGGGUGGUGUUGGUAAAA,Cleavage
743,Egr-miR482b,Eucgr.I02496.1,32062943,Eucgr.I02496,Eucgr.I02496.1.v2.0,v2.0,2.5,,1,21,536,556,UCUUGCCAAUACCACCCAUGC,GGAUGGGUGGUGUUGGUAAAA,Cleavage
744,Egr-miR482b,Eucgr.F02986.1,32057715,Eucgr.F02986,Eucgr.F02986.1.v2.0,v2.0,2.5,,1,21,3419,3439,UCUUGCCAAUACCACCCAUGC,AUAUGUGUGGUAUUGGUAAGU,Cleavage
745,Egr-miR482b,Eucgr.G03275.1,32072474,Eucgr.G03275,Eucgr.G03275.1.v2.0,v2.0,2.5,,1,21,611,631,UCUUGCCAAUACCACCCAUGC,CUCUGGCUGGUAUUGGCAGGA,Cleavage
746,Egr-miR482b,Eucgr.E03804.1,32029968,Eucgr.E03804,Eucgr.E03804.1.v2.0,v2.0,2.5,,1,21,593,613,UCUUGCCAAUACCACCCAUGC,GAAUGGGAGGUAUGGGCAAGA,Cleavage
747,Egr-miR482b,Eucgr.C01830.1,32036840,Eucgr.C01830,Eucgr.C01830.1.v2.0,v2.0,2.5,,1,21,752,772,UCUUGCCAAUACCACCCAUGC,GAAUGGGAGGCAUUGGCAAGA,Translation
748,Egr-miR482b,Eucgr.A02363.1,32047090,Eucgr.A02363,Eucgr.A02363.1.v2.0,v2.0,2.5,,1,21,560,580,UCUUGCCAAUACCACCCAUGC,GAAUGGGAGGUAUUGGAAAGA,Cleavage
749,Egr-miR535a,Eucgr.B01596.1,32058963,Eucgr.B01596,Eucgr.B01596.1.v2.0,v2.0,2.5,,1,20,1080,1099,UGACAACGAGAGAGAGCACG,CGUUCUUUCUCUCGUUGUCU,Cleavage
750,Egr-miR535a,Eucgr.F00717.1,32056668,Eucgr.F00717,Eucgr.F00717.1.v2.0,v2.0,2.5,,1,20,1289,1308,UGACAACGAGAGAGAGCACG,AGUUCUCUUUCUUGUUGUUA,Cleavage
751,Egr-miR535b,Eucgr.B01596.1,32058963,Eucgr.B01596,Eucgr.B01596.1.v2.0,v2.0,2.5,,1,20,1080,1099,UGACAACGAGAGAGAGCACG,CGUUCUUUCUCUCGUUGUCU,Cleavage
752,Egr-miR535b,Eucgr.F00717.1,32056668,Eucgr.F00717,Eucgr.F00717.1.v2.0,v2.0,2.5,,1,20,1289,1308,UGACAACGAGAGAGAGCACG,AGUUCUCUUUCUUGUUGUUA,Cleavage
753,Egr-miRN5651,Eucgr.B01315.1,32060016,Eucgr.B01315,Eucgr.B01315.1.v2.0,v2.0,2.5,,1,22,760,781,CAUGUGCUCUGGCUCUCCAGCU,AGAUGGAUUGCCAGAGUACAUG,Cleavage
754,Egr-miRN5651,Eucgr.B01314.1,32061271,Eucgr.B01314,Eucgr.B01314.1.v2.0,v2.0,2.5,,1,22,864,885,CAUGUGCUCUGGCUCUCCAGCU,AGAUGGAUUGCCAGAGUACAUG,Cleavage
755,Egr-miRN5651,Eucgr.L01631.1,32062540,Eucgr.L01631,Eucgr.L01631.1.v2.0,v2.0,2.5,,1,22,1035,1056,CAUGUGCUCUGGCUCUCCAGCU,AGAUGGAUUGCCAGAGUACAUG,Cleavage
756,Egr-miRN5654,Eucgr.F02649.1,32056563,Eucgr.F02649,Eucgr.F02649.1.v2.0,v2.0,2.5,,1,20,93,112,UGGACGUUGCCUUGAGCCUU,GGGGCUCAAGCCAGCGUCCA,Translation
757,Egr-miRN5654,Eucgr.B01463.1,32060188,Eucgr.B01463,Eucgr.B01463.1.v2.0,v2.0,2.5,,1,20,929,948,UGGACGUUGCCUUGAGCCUU,AAGCCUUAAGGCAACGUUCG,Cleavage
758,Egr-miRN5654,Eucgr.B01463.2,32060189,Eucgr.B01463,Eucgr.B01463.2.v2.0,v2.0,2.5,,1,20,578,597,UGGACGUUGCCUUGAGCCUU,AAGCCUUAAGGCAACGUUCG,Cleavage
759,Egr-miRN5654,Eucgr.B01463.5,32060192,Eucgr.B01463,Eucgr.B01463.5.v2.0,v2.0,2.5,,1,20,397,416,UGGACGUUGCCUUGAGCCUU,AAGCCUUAAGGCAACGUUCG,Cleavage
760,Egr-miRN5654,Eucgr.B01463.3,32060190,Eucgr.B01463,Eucgr.B01463.3.v2.0,v2.0,2.5,,1,20,578,597,UGGACGUUGCCUUGAGCCUU,AAGCCUUAAGGCAACGUUCG,Cleavage
761,Egr-miRN5674,Eucgr.G01074.1,32072275,Eucgr.G01074,Eucgr.G01074.1.v2.0,v2.0,2.5,,1,21,152,172,ACAAGUAAUGAUUGACGAGUC,AGCUUGUCGGUCAUUACUUGA,Cleavage
762,Egr-miRN5674,Eucgr.G01758.1,32073477,Eucgr.G01758,Eucgr.G01758.1.v2.0,v2.0,2.5,,1,21,146,166,ACAAGUAAUGAUUGACGAGUC,AGUUCGUGAAUCAUUACUUGA,Cleavage
763,Egr-miRN5674,Eucgr.H03479.1,32041329,Eucgr.H03479,Eucgr.H03479.1.v2.0,v2.0,2.5,,1,21,1852,1872,ACAAGUAAUGAUUGACGAGUC,UUCUUGUCGAUCAUAACUUGU,Cleavage
764,scaffold_1630_46529,Eucgr.F04341.2,32057721,Eucgr.F04341,Eucgr.F04341.2.v2.0,v2.0,2.5,,1,20,1170,1189,UCGCAAGGAGAGACGGCACU,AGGGUCGUCUCUUCUUGUGA,Cleavage
765,scaffold_1630_46529,Eucgr.F04341.1,32057720,Eucgr.F04341,Eucgr.F04341.1.v2.0,v2.0,2.5,,1,20,1248,1267,UCGCAAGGAGAGACGGCACU,AGGGUCGUCUCUUCUUGUGA,Cleavage
766,scaffold_1630_46529,Eucgr.J00484.1,32033306,Eucgr.J00484,Eucgr.J00484.1.v2.0,v2.0,2.5,,1,20,1006,1025,UCGCAAGGAGAGACGGCACU,UGUGCCUUUUCUCUUUGUGA,Cleavage
767,scaffold_233_45604,Eucgr.H04669.1,32044831,Eucgr.H04669,Eucgr.H04669.1.v2.0,v2.0,2.5,,1,20,536,555,GGCGCCCGCCGAGUCGGCCC,CGGCCGCCUCGGCGGGCGAC,Cleavage
768,scaffold_368_45308,Eucgr.H01176.4,32045629,Eucgr.H01176,Eucgr.H01176.4.v2.0,v2.0,2.5,,1,20,849,868,UGAUUGAAGACGACCUUGGC,UGAAGGGUCGUCUUCAAUCA,Cleavage
769,scaffold_368_45308,Eucgr.H01176.1,32045626,Eucgr.H01176,Eucgr.H01176.1.v2.0,v2.0,2.5,,1,20,1087,1106,UGAUUGAAGACGACCUUGGC,UGAAGGGUCGUCUUCAAUCA,Cleavage
770,scaffold_368_45308,Eucgr.H01176.2,32045627,Eucgr.H01176,Eucgr.H01176.2.v2.0,v2.0,2.5,,1,20,1087,1106,UGAUUGAAGACGACCUUGGC,UGAAGGGUCGUCUUCAAUCA,Cleavage
771,scaffold_368_45308,Eucgr.H01176.5,32045630,Eucgr.H01176,Eucgr.H01176.5.v2.0,v2.0,2.5,,1,20,1058,1077,UGAUUGAAGACGACCUUGGC,UGAAGGGUCGUCUUCAAUCA,Cleavage
772,scaffold_368_45308,Eucgr.H01176.3,32045628,Eucgr.H01176,Eucgr.H01176.3.v2.0,v2.0,2.5,,1,20,1085,1104,UGAUUGAAGACGACCUUGGC,UGAAGGGUCGUCUUCAAUCA,Cleavage
773,scaffold_368_45308,Eucgr.E03165.2,32030876,Eucgr.E03165,Eucgr.E03165.2.v2.0,v2.0,2.5,,1,20,670,689,UGAUUGAAGACGACCUUGGC,ACUGGGGUUGUCUUCAAUUA,Cleavage
774,scaffold_368_45308,Eucgr.E03165.1,32030875,Eucgr.E03165,Eucgr.E03165.1.v2.0,v2.0,2.5,,1,20,680,699,UGAUUGAAGACGACCUUGGC,ACUGGGGUUGUCUUCAAUUA,Cleavage
775,scaffold_368_45308,Eucgr.E02654.3,32031018,Eucgr.E02654,Eucgr.E02654.3.v2.0,v2.0,2.5,,1,20,678,697,UGAUUGAAGACGACCUUGGC,ACUGGGGUUGUCUUCAAUUA,Cleavage
776,scaffold_368_45308,Eucgr.E02654.1,32031016,Eucgr.E02654,Eucgr.E02654.1.v2.0,v2.0,2.5,,1,20,739,758,UGAUUGAAGACGACCUUGGC,ACUGGGGUUGUCUUCAAUUA,Cleavage
777,scaffold_368_45308,Eucgr.E02654.2,32031017,Eucgr.E02654,Eucgr.E02654.2.v2.0,v2.0,2.5,,1,20,840,859,UGAUUGAAGACGACCUUGGC,ACUGGGGUUGUCUUCAAUUA,Cleavage
778,scaffold_368_45308,Eucgr.J02225.1,32034755,Eucgr.J02225,Eucgr.J02225.1.v2.0,v2.0,2.5,,1,20,948,967,UGAUUGAAGACGACCUUGGC,UCAAGGGUCGUCUUCGAUCG,Cleavage
779,scaffold_368_45308,Eucgr.A02035.2,32048673,Eucgr.A02035,Eucgr.A02035.2.v2.0,v2.0,2.5,,1,20,2371,2390,UGAUUGAAGACGACCUUGGC,ACAAGGGUUGUUUUCAAUCA,Cleavage
780,scaffold_368_47485,Eucgr.F03307.1,32055543,Eucgr.F03307,Eucgr.F03307.1.v2.0,v2.0,2.5,,1,21,500,520,UUGGAUGUCUUCAAGGAAACU,UGUUUUCUUGAAGAUAUUUGA,Cleavage
781,scaffold_368_47485,Eucgr.E02219.1,32029219,Eucgr.E02219,Eucgr.E02219.1.v2.0,v2.0,2.5,,1,21,718,738,UUGGAUGUCUUCAAGGAAACU,UGUUUUCUUGAAGAUGUUCGA,Cleavage
782,scaffold_368_47485,Eucgr.H03134.1,32041427,Eucgr.H03134,Eucgr.H03134.1.v2.0,v2.0,2.5,,1,21,713,733,UUGGAUGUCUUCAAGGAAACU,UAUUUACUUGAAGACAUCCGC,Cleavage
783,scaffold_46_44237,Eucgr.E00524.1,32028559,Eucgr.E00524,Eucgr.E00524.1.v2.0,v2.0,2.5,,1,20,538,557,CGCCAAAGGAGAAUUGCCCU,AGGGCAACUCUCCUUUGGCA,Cleavage
784,scaffold_46_44237,Eucgr.D00620.1,32051035,Eucgr.D00620,Eucgr.D00620.1.v2.0,v2.0,2.5,,1,20,467,486,CGCCAAAGGAGAAUUGCCCU,AGGGCAAAUCUCCUUUGGCA,Cleavage
785,scaffold_46_44237,Eucgr.D00620.1,32051035,Eucgr.D00620,Eucgr.D00620.1.v2.0,v2.0,2.5,,1,20,834,853,CGCCAAAGGAGAAUUGCCCU,GGGGCAAAUCUCCUUUGGCA,Cleavage
786,scaffold_46_44237,Eucgr.D00620.1,32051035,Eucgr.D00620,Eucgr.D00620.1.v2.0,v2.0,2.5,,1,20,773,792,CGCCAAAGGAGAAUUGCCCU,UGGGCAAAUCUCCUUUGGCA,Cleavage
787,scaffold_46_44239,Eucgr.E00524.1,32028559,Eucgr.E00524,Eucgr.E00524.1.v2.0,v2.0,2.5,,1,20,538,557,CGCCAAAGGAGAAUUGCCCU,AGGGCAACUCUCCUUUGGCA,Cleavage
788,scaffold_46_44239,Eucgr.D00620.1,32051035,Eucgr.D00620,Eucgr.D00620.1.v2.0,v2.0,2.5,,1,20,467,486,CGCCAAAGGAGAAUUGCCCU,AGGGCAAAUCUCCUUUGGCA,Cleavage
789,scaffold_46_44239,Eucgr.D00620.1,32051035,Eucgr.D00620,Eucgr.D00620.1.v2.0,v2.0,2.5,,1,20,834,853,CGCCAAAGGAGAAUUGCCCU,GGGGCAAAUCUCCUUUGGCA,Cleavage
790,scaffold_46_44239,Eucgr.D00620.1,32051035,Eucgr.D00620,Eucgr.D00620.1.v2.0,v2.0,2.5,,1,20,773,792,CGCCAAAGGAGAAUUGCCCU,UGGGCAAAUCUCCUUUGGCA,Cleavage
791,scaffold_46_44242,Eucgr.G03015.1,32070748,Eucgr.G03015,Eucgr.G03015.1.v2.0,v2.0,2.5,,1,20,885,904,CGCCAAGGGAGAAUUGCCCU,GAGGCAAUUGUCCCUUGGCG,Translation
792,scaffold_46_44242,Eucgr.K03194.1,32069781,Eucgr.K03194,Eucgr.K03194.1.v2.0,v2.0,2.5,,1,20,486,505,CGCCAAGGGAGAAUUGCCCU,CGGGCCAUUCUUCCUUGGCC,Cleavage
793,scaffold_46_44242,Eucgr.K03192.1,32068242,Eucgr.K03192,Eucgr.K03192.1.v2.0,v2.0,2.5,,1,20,570,589,CGCCAAGGGAGAAUUGCCCU,CGGGCCAUUCUUCCUUGGCC,Cleavage
794,scaffold_60_44348,Eucgr.C02886.1,32038309,Eucgr.C02886,Eucgr.C02886.1.v2.0,v2.0,2.5,,1,20,3723,3742,UUGUAUUGGAUGAUGUUGAU,AUCAACAUCAUCUACUGCAA,Cleavage
795,scaffold_60_44348,Eucgr.F01432.1,32055917,Eucgr.F01432,Eucgr.F01432.1.v2.0,v2.0,2.5,,1,20,741,760,UUGUAUUGGAUGAUGUUGAU,AUCAACACCAUCCGGUACAA,Cleavage
796,scaffold_60_44348,Eucgr.A02648.1,32046878,Eucgr.A02648,Eucgr.A02648.1.v2.0,v2.0,2.5,,1,20,589,608,UUGUAUUGGAUGAUGUUGAU,AUCAACGUCAUGCAGUACAA,Cleavage
797,scaffold_60_44348,Eucgr.B02209.1,32059144,Eucgr.B02209,Eucgr.B02209.1.v2.0,v2.0,2.5,,1,20,4220,4239,UUGUAUUGGAUGAUGUUGAU,GUCAGCAUUGUCCAGUAUAA,Cleavage
798,Chr01_1229,Eucgr.D01801.1,32049711,Eucgr.D01801,Eucgr.D01801.1.v2.0,v2.0,3.0,,1,21,754,774,UUGAGCCGUGCCAAUAUCGCG,CACGAGAUUGGCACGGCUGAG,Cleavage
799,Chr01_1229,Eucgr.B00601.1,32061447,Eucgr.B00601,Eucgr.B00601.1.v2.0,v2.0,3.0,,1,21,329,349,UUGAGCCGUGCCAAUAUCGCG,GAUGUUAUUGGCGUGGUUCAA,Cleavage
800,Chr01_1229,Eucgr.B00599.1,32060558,Eucgr.B00599,Eucgr.B00599.1.v2.0,v2.0,3.0,,1,21,1046,1066,UUGAGCCGUGCCAAUAUCGCG,GAUGUUAUUGGCGUGGUUCAA,Cleavage
801,Chr01_1680,Eucgr.L03036.1,32069815,Eucgr.L03036,Eucgr.L03036.1.v2.0,v2.0,3.0,,1,20,685,704,UGAUUGAAGACGACCUUGGC,GCCAAGGUCGUCUACAAUGA,Cleavage
802,Chr01_1680,Eucgr.E01979.1,32030419,Eucgr.E01979,Eucgr.E01979.1.v2.0,v2.0,3.0,,1,20,82,101,UGAUUGAAGACGACCUUGGC,GCCAAGGUUGUCUUUAGGCA,Cleavage
803,Chr01_1680,Eucgr.H02369.1,32041343,Eucgr.H02369,Eucgr.H02369.1.v2.0,v2.0,3.0,,1,20,502,521,UGAUUGAAGACGACCUUGGC,GCUAAGGUUAUCUUCAAUCG,Translation
804,Chr01_1680,Eucgr.D02412.1,32050934,Eucgr.D02412,Eucgr.D02412.1.v2.0,v2.0,3.0,,1,20,545,564,UGAUUGAAGACGACCUUGGC,GCCAAGGUCGUCUACAAUAA,Cleavage
805,Chr01_1680,Eucgr.A00474.2,32054742,Eucgr.A00474,Eucgr.A00474.2.v2.0,v2.0,3.0,,1,20,365,384,UGAUUGAAGACGACCUUGGC,GGCAAGGUCGUCAUCAAUUA,Cleavage
806,Chr01_1680,Eucgr.A00474.1,32054741,Eucgr.A00474,Eucgr.A00474.1.v2.0,v2.0,3.0,,1,20,365,384,UGAUUGAAGACGACCUUGGC,GGCAAGGUCGUCAUCAAUUA,Cleavage
807,Chr01_1680,Eucgr.G01964.1,32073370,Eucgr.G01964,Eucgr.G01964.1.v2.0,v2.0,3.0,,1,20,670,689,UGAUUGAAGACGACCUUGGC,GCCAGGAUCGUUUUUGAUCA,Cleavage
808,Chr01_1680,Eucgr.J02295.1,32035031,Eucgr.J02295,Eucgr.J02295.1.v2.0,v2.0,3.0,,1,20,1065,1084,UGAUUGAAGACGACCUUGGC,UUCAAGGUCGUUUUCGAUUU,Cleavage
809,Chr01_1680,Eucgr.H02237.1,32041282,Eucgr.H02237,Eucgr.H02237.1.v2.0,v2.0,3.0,,1,20,522,541,UGAUUGAAGACGACCUUGGC,UUCAAGGUUGUUUUCAUUCA,Cleavage
810,Chr01_1680,Eucgr.H01292.1,32041754,Eucgr.H01292,Eucgr.H01292.1.v2.0,v2.0,3.0,,1,20,448,467,UGAUUGAAGACGACCUUGGC,UUCAAGGUUGUUUUCAUUCA,Cleavage
811,Chr01_1680,Eucgr.L00158.1,32052274,Eucgr.L00158,Eucgr.L00158.1.v2.0,v2.0,3.0,,1,20,1747,1766,UGAUUGAAGACGACCUUGGC,UUCAAGGUCGCCUUCGAUUA,Translation
812,Chr01_1680,Eucgr.F00845.1,32057312,Eucgr.F00845,Eucgr.F00845.1.v2.0,v2.0,3.0,,1,20,2211,2230,UGAUUGAAGACGACCUUGGC,GCCAACAUUGUCUUCAAUCG,Cleavage
813,Chr01_1680,Eucgr.F00845.2,32057313,Eucgr.F00845,Eucgr.F00845.2.v2.0,v2.0,3.0,,1,20,2215,2234,UGAUUGAAGACGACCUUGGC,GCCAACAUUGUCUUCAAUCG,Cleavage
814,Chr01_1680,Eucgr.I02070.1,32064964,Eucgr.I02070,Eucgr.I02070.1.v2.0,v2.0,3.0,,1,20,1557,1576,UGAUUGAAGACGACCUUGGC,UCCAAGAUCGUUUUCGAUCU,Cleavage
815,Chr01_1680,Eucgr.B01217.1,32061554,Eucgr.B01217,Eucgr.B01217.1.v2.0,v2.0,3.0,,1,20,545,564,UGAUUGAAGACGACCUUGGC,UCCAAGAUCUUCUUCAAUUA,Translation
816,Chr01_1680,Eucgr.G03354.1,32071764,Eucgr.G03354,Eucgr.G03354.1.v2.0,v2.0,3.0,,1,20,1937,1956,UGAUUGAAGACGACCUUGGC,AUUGAGAUCGUCUUUAAUCA,Cleavage
817,Chr01_1685,Eucgr.E03204.1,32028373,Eucgr.E03204,Eucgr.E03204.1.v2.0,v2.0,3.0,,1,20,1349,1368,UUGGAUGUCUUCAAGGAAAC,GUUUUCUUGAAGAUAUUCGC,Cleavage
818,Chr01_1685,Eucgr.C02758.2,32036148,Eucgr.C02758,Eucgr.C02758.2.v2.0,v2.0,3.0,,1,20,440,459,UUGGAUGUCUUCAAGGAAAC,CCUUUCUUGAAGAUAUCCAU,Cleavage
819,Chr01_1685,Eucgr.C02758.1,32036147,Eucgr.C02758,Eucgr.C02758.1.v2.0,v2.0,3.0,,1,20,440,459,UUGGAUGUCUUCAAGGAAAC,CCUUUCUUGAAGAUAUCCAU,Cleavage
820,Chr01_1685,Eucgr.J02025.1,32034994,Eucgr.J02025,Eucgr.J02025.1.v2.0,v2.0,3.0,,1,20,497,516,UUGGAUGUCUUCAAGGAAAC,AUUUCUUUGAAGACCUCUGA,Cleavage
821,Chr01_1685,Eucgr.J00730.1,32033648,Eucgr.J00730,Eucgr.J00730.1.v2.0,v2.0,3.0,,1,20,545,564,UUGGAUGUCUUCAAGGAAAC,AUUUCUUUGAAGACCUCUGA,Cleavage
822,Chr01_1685,Eucgr.J02764.1,32033553,Eucgr.J02764,Eucgr.J02764.1.v2.0,v2.0,3.0,,1,20,662,681,UUGGAUGUCUUCAAGGAAAC,AUUUCUUUGAAGACCUCUGA,Cleavage
823,Chr01_1685,Eucgr.G01379.1,32070000,Eucgr.G01379,Eucgr.G01379.1.v2.0,v2.0,3.0,,1,20,749,768,UUGGAUGUCUUCAAGGAAAC,AUUUCUUUGAAGACCUCUGA,Cleavage
824,Chr01_1685,Eucgr.L01342.1,32073657,Eucgr.L01342,Eucgr.L01342.1.v2.0,v2.0,3.0,,1,20,773,792,UUGGAUGUCUUCAAGGAAAC,AUUUCUUUGAAGACCUCUGA,Cleavage
825,Chr01_1685,Eucgr.L02344.1,32049461,Eucgr.L02344,Eucgr.L02344.1.v2.0,v2.0,3.0,,1,20,947,966,UUGGAUGUCUUCAAGGAAAC,UUUUCCUUGGAGACGCUCAA,Cleavage
826,Chr01_1685,Eucgr.D01053.1,32051071,Eucgr.D01053,Eucgr.D01053.1.v2.0,v2.0,3.0,,1,20,980,999,UUGGAUGUCUUCAAGGAAAC,UUUUCCUUGGAGACGCUCAA,Cleavage
827,Chr01_1685,Eucgr.C02167.1,32036798,Eucgr.C02167,Eucgr.C02167.1.v2.0,v2.0,3.0,,1,20,1793,1812,UUGGAUGUCUUCAAGGAAAC,AUUUCCUUGAGAGCAUUCAA,Cleavage
828,Chr01_1685,Eucgr.D00427.1,32051029,Eucgr.D00427,Eucgr.D00427.1.v2.0,v2.0,3.0,,1,20,1284,1303,UUGGAUGUCUUCAAGGAAAC,UUUUCCUUGGGGACAAUCAA,Cleavage
829,Chr01_1685,Eucgr.C01004.2,32038764,Eucgr.C01004,Eucgr.C01004.2.v2.0,v2.0,3.0,,1,20,2242,2261,UUGGAUGUCUUCAAGGAAAC,AUUUCUUUGGAGAUACCCAA,Cleavage
830,Chr01_1685,Eucgr.C01004.1,32038763,Eucgr.C01004,Eucgr.C01004.1.v2.0,v2.0,3.0,,1,20,2248,2267,UUGGAUGUCUUCAAGGAAAC,AUUUCUUUGGAGAUACCCAA,Cleavage
831,Chr01_1685,Eucgr.B03011.1,32061048,Eucgr.B03011,Eucgr.B03011.1.v2.0,v2.0,3.0,,1,20,195,214,UUGGAUGUCUUCAAGGAAAC,AUUUCAUUGGAGACAUUCAU,Cleavage
832,Chr01_1685,Eucgr.G01611.1,32072854,Eucgr.G01611,Eucgr.G01611.1.v2.0,v2.0,3.0,,1,20,176,195,UUGGAUGUCUUCAAGGAAAC,CCUACUUUGAAGGCAUCCAA,Cleavage
833,Chr01_1685,Eucgr.B01645.1,32060371,Eucgr.B01645,Eucgr.B01645.1.v2.0,v2.0,3.0,,1,20,735,754,UUGGAUGUCUUCAAGGAAAC,AUUUACUUGAAGACAUCUGC,Cleavage
834,Chr01_1685,Eucgr.H00605.1,32044367,Eucgr.H00605,Eucgr.H00605.1.v2.0,v2.0,3.0,,1,20,1739,1758,UUGGAUGUCUUCAAGGAAAC,AUUUUCCUGAAGAUAUUCAG,Cleavage
835,Chr01_1685,Eucgr.B01252.1,32061954,Eucgr.B01252,Eucgr.B01252.1.v2.0,v2.0,3.0,,1,20,2783,2802,UUGGAUGUCUUCAAGGAAAC,AUUUCCAUGGAGGCAUUCAG,Cleavage
836,Chr01_1685,Eucgr.H01928.1,32045284,Eucgr.H01928,Eucgr.H01928.1.v2.0,v2.0,3.0,,1,20,2409,2428,UUGGAUGUCUUCAAGGAAAC,UUUUACUUGAAGGCAGCCAA,Cleavage
837,Chr01_1685,Eucgr.B02569.1,32058671,Eucgr.B02569,Eucgr.B02569.1.v2.0,v2.0,3.0,,1,20,608,627,UUGGAUGUCUUCAAGGAAAC,CUGUACUUGAAGACAUCUGA,Cleavage
838,Chr01_1896,Eucgr.H02369.1,32041343,Eucgr.H02369,Eucgr.H02369.1.v2.0,v2.0,3.0,,1,21,501,521,UGAUUGAAGACGACCUUGGCA,UGCUAAGGUUAUCUUCAAUCG,Translation
839,Chr01_1896,Eucgr.G01964.1,32073370,Eucgr.G01964,Eucgr.G01964.1.v2.0,v2.0,3.0,,1,21,669,689,UGAUUGAAGACGACCUUGGCA,UGCCAGGAUCGUUUUUGAUCA,Cleavage
840,Chr01_1896,Eucgr.L03036.1,32069815,Eucgr.L03036,Eucgr.L03036.1.v2.0,v2.0,3.0,,1,21,684,704,UGAUUGAAGACGACCUUGGCA,AGCCAAGGUCGUCUACAAUGA,Cleavage
841,Chr01_1896,Eucgr.E01979.1,32030419,Eucgr.E01979,Eucgr.E01979.1.v2.0,v2.0,3.0,,1,21,81,101,UGAUUGAAGACGACCUUGGCA,GGCCAAGGUUGUCUUUAGGCA,Cleavage
842,Chr01_1896,Eucgr.D02412.1,32050934,Eucgr.D02412,Eucgr.D02412.1.v2.0,v2.0,3.0,,1,21,544,564,UGAUUGAAGACGACCUUGGCA,AGCCAAGGUCGUCUACAAUAA,Cleavage
843,Chr01_1896,Eucgr.A00474.2,32054742,Eucgr.A00474,Eucgr.A00474.2.v2.0,v2.0,3.0,,1,21,364,384,UGAUUGAAGACGACCUUGGCA,CGGCAAGGUCGUCAUCAAUUA,Cleavage
844,Chr01_1896,Eucgr.A00474.1,32054741,Eucgr.A00474,Eucgr.A00474.1.v2.0,v2.0,3.0,,1,21,364,384,UGAUUGAAGACGACCUUGGCA,CGGCAAGGUCGUCAUCAAUUA,Cleavage
845,Chr01_1896,Eucgr.J02295.1,32035031,Eucgr.J02295,Eucgr.J02295.1.v2.0,v2.0,3.0,,1,21,1064,1084,UGAUUGAAGACGACCUUGGCA,GUUCAAGGUCGUUUUCGAUUU,Cleavage
846,Chr01_1896,Eucgr.H02237.1,32041282,Eucgr.H02237,Eucgr.H02237.1.v2.0,v2.0,3.0,,1,21,521,541,UGAUUGAAGACGACCUUGGCA,AUUCAAGGUUGUUUUCAUUCA,Cleavage
847,Chr01_1896,Eucgr.H01292.1,32041754,Eucgr.H01292,Eucgr.H01292.1.v2.0,v2.0,3.0,,1,21,447,467,UGAUUGAAGACGACCUUGGCA,AUUCAAGGUUGUUUUCAUUCA,Cleavage
848,Chr01_1896,Eucgr.L00158.1,32052274,Eucgr.L00158,Eucgr.L00158.1.v2.0,v2.0,3.0,,1,21,1746,1766,UGAUUGAAGACGACCUUGGCA,AUUCAAGGUCGCCUUCGAUUA,Translation
849,Chr01_1896,Eucgr.F00845.1,32057312,Eucgr.F00845,Eucgr.F00845.1.v2.0,v2.0,3.0,,1,21,2210,2230,UGAUUGAAGACGACCUUGGCA,GGCCAACAUUGUCUUCAAUCG,Cleavage
850,Chr01_1896,Eucgr.F00845.2,32057313,Eucgr.F00845,Eucgr.F00845.2.v2.0,v2.0,3.0,,1,21,2214,2234,UGAUUGAAGACGACCUUGGCA,GGCCAACAUUGUCUUCAAUCG,Cleavage
851,Chr01_1896,Eucgr.I02070.1,32064964,Eucgr.I02070,Eucgr.I02070.1.v2.0,v2.0,3.0,,1,21,1556,1576,UGAUUGAAGACGACCUUGGCA,GUCCAAGAUCGUUUUCGAUCU,Cleavage
852,Chr01_1896,Eucgr.B01217.1,32061554,Eucgr.B01217,Eucgr.B01217.1.v2.0,v2.0,3.0,,1,21,544,564,UGAUUGAAGACGACCUUGGCA,CUCCAAGAUCUUCUUCAAUUA,Translation
853,Chr01_1896,Eucgr.G03354.1,32071764,Eucgr.G03354,Eucgr.G03354.1.v2.0,v2.0,3.0,,1,21,1936,1956,UGAUUGAAGACGACCUUGGCA,CAUUGAGAUCGUCUUUAAUCA,Cleavage
854,Chr01_2889,Eucgr.F01129.1,32054180,Eucgr.F01129,Eucgr.F01129.1.v2.0,v2.0,3.0,,1,22,1122,1143,CGUGAUAUUGGUCCGGCUCAUC,GAGGAGAUGGAGCAAUAUCACG,Translation
855,Chr01_2889,Eucgr.K00083.1,32068534,Eucgr.K00083,Eucgr.K00083.1.v2.0,v2.0,3.0,,1,22,1551,1572,CGUGAUAUUGGUCCGGCUCAUC,CUGCAGGCGGGCCAAUAUUACG,Cleavage
856,Chr01_2889,Eucgr.K01032.1,32066255,Eucgr.K01032,Eucgr.K01032.1.v2.0,v2.0,3.0,,1,22,1974,1995,CGUGAUAUUGGUCCGGCUCAUC,AAAGAGCAGGACCAAUCUCAUG,Cleavage
857,Chr01_2891,Eucgr.F01129.1,32054180,Eucgr.F01129,Eucgr.F01129.1.v2.0,v2.0,3.0,,1,22,1122,1143,CGUGAUAUUGGUCCGGCUCAUC,GAGGAGAUGGAGCAAUAUCACG,Translation
858,Chr01_2891,Eucgr.K00083.1,32068534,Eucgr.K00083,Eucgr.K00083.1.v2.0,v2.0,3.0,,1,22,1551,1572,CGUGAUAUUGGUCCGGCUCAUC,CUGCAGGCGGGCCAAUAUUACG,Cleavage
859,Chr01_2891,Eucgr.K01032.1,32066255,Eucgr.K01032,Eucgr.K01032.1.v2.0,v2.0,3.0,,1,22,1974,1995,CGUGAUAUUGGUCCGGCUCAUC,AAAGAGCAGGACCAAUCUCAUG,Cleavage
860,Chr01_850,Eucgr.D00428.1,32050453,Eucgr.D00428,Eucgr.D00428.1.v2.0,v2.0,3.0,,1,20,1221,1240,CGACUUGAACCAUGUGGAAU,UUUUCACAUGGUUCAAAUCA,Cleavage
861,Chr02_5696,Eucgr.K02341.1,32067228,Eucgr.K02341,Eucgr.K02341.1.v2.0,v2.0,3.0,,1,21,1853,1873,ACUCUCCCUCAAAGACUUCCA,AGGAAGUUUUUGAUGGAGAGG,Cleavage
862,Chr02_5696,Eucgr.A00932.1,32048524,Eucgr.A00932,Eucgr.A00932.1.v2.0,v2.0,3.0,,1,21,1348,1368,ACUCUCCCUCAAAGACUUCCA,AGGAAGGCUUUGAUGGAGGGU,Cleavage
863,Chr02_5696,Eucgr.A00929.1,32048624,Eucgr.A00929,Eucgr.A00929.1.v2.0,v2.0,3.0,,1,21,1369,1389,ACUCUCCCUCAAAGACUUCCA,AGGAAGGCUUUGAUGGAGGGU,Cleavage
864,Chr02_5696,Eucgr.E04234.1,32029544,Eucgr.E04234,Eucgr.E04234.1.v2.0,v2.0,3.0,,1,21,7,27,ACUCUCCCUCAAAGACUUCCA,GAGAUGGCUUUGAGGGGGGGU,Cleavage
865,Chr02_5754,Eucgr.H04081.1,32042633,Eucgr.H04081,Eucgr.H04081.1.v2.0,v2.0,3.0,,1,20,809,828,AAGCUCAGGAGGGAUAGCGC,UGUCUAUCCCUCCUGAGCUA,Cleavage
866,Chr02_5754,Eucgr.I00178.1,32065509,Eucgr.I00178,Eucgr.I00178.1.v2.0,v2.0,3.0,,1,20,563,582,AAGCUCAGGAGGGAUAGCGC,GCUCUAUCCCUCUUGAACUU,Cleavage
867,Chr02_5754,Eucgr.F01130.2,32052943,Eucgr.F01130,Eucgr.F01130.2.v2.0,v2.0,3.0,,1,20,134,153,AAGCUCAGGAGGGAUAGCGC,GCGCUACCUCUCCUGGGCUC,Cleavage
868,Chr02_5754,Eucgr.F01130.1,32052942,Eucgr.F01130,Eucgr.F01130.1.v2.0,v2.0,3.0,,1,20,134,153,AAGCUCAGGAGGGAUAGCGC,GCGCUACCUCUCCUGGGCUC,Cleavage
869,Chr02_5754,Eucgr.I02373.1,32064696,Eucgr.I02373,Eucgr.I02373.1.v2.0,v2.0,3.0,,1,20,503,522,AAGCUCAGGAGGGAUAGCGC,GCGGUAUCCCUUCUGAGAUU,Cleavage
870,Chr02_5754,Eucgr.G00775.1,32073170,Eucgr.G00775,Eucgr.G00775.1.v2.0,v2.0,3.0,,1,20,693,712,AAGCUCAGGAGGGAUAGCGC,GAGCUGUCCAUCCUGAGCUU,Translation
871,Chr02_5754,Eucgr.I00188.1,32064708,Eucgr.I00188,Eucgr.I00188.1.v2.0,v2.0,3.0,,1,20,548,567,AAGCUCAGGAGGGAUAGCGC,GCUCUAUCCCUCUUGAACUU,Cleavage
872,Chr02_5754,Eucgr.K00636.1,32065851,Eucgr.K00636,Eucgr.K00636.1.v2.0,v2.0,3.0,,1,20,1535,1554,AAGCUCAGGAGGGAUAGCGC,AUGUUAUUCCUCCUCAGCUU,Cleavage
873,Chr02_5754,Eucgr.F04101.1,32057489,Eucgr.F04101,Eucgr.F04101.1.v2.0,v2.0,3.0,,1,20,910,929,AAGCUCAGGAGGGAUAGCGC,CCGUUGUCUCUCCUGAACUU,Cleavage
874,Chr02_5754,Eucgr.G00881.1,32071296,Eucgr.G00881,Eucgr.G00881.1.v2.0,v2.0,3.0,,1,20,360,379,AAGCUCAGGAGGGAUAGCGC,UUGCUCUUCCUUUUGAGCUU,Cleavage
875,Chr02_5754,Eucgr.C01163.1,32037839,Eucgr.C01163,Eucgr.C01163.1.v2.0,v2.0,3.0,,1,20,314,333,AAGCUCAGGAGGGAUAGCGC,UCGCCAUCUCUUCUGGGUUU,Cleavage
876,Chr02_5754,Eucgr.G00620.1,32072574,Eucgr.G00620,Eucgr.G00620.1.v2.0,v2.0,3.0,,1,20,75,94,AAGCUCAGGAGGGAUAGCGC,UCUCUAUCUCUUCUGGGUUU,Cleavage
877,Chr02_5754,Eucgr.H03154.2,32045752,Eucgr.H03154,Eucgr.H03154.2.v2.0,v2.0,3.0,,1,20,1700,1718,AAGCUCAGGAGGGAUAGCGC,UCGCUG-CCCUCUUGAGCUU,Cleavage
878,Chr02_5754,Eucgr.H03154.1,32045751,Eucgr.H03154,Eucgr.H03154.1.v2.0,v2.0,3.0,,1,20,1734,1752,AAGCUCAGGAGGGAUAGCGC,UCGCUG-CCCUCUUGAGCUU,Cleavage
879,Chr02_8243,Eucgr.A01103.1,32047270,Eucgr.A01103,Eucgr.A01103.1.v2.0,v2.0,3.0,,1,20,1458,1477,CUCAACCUUGGUGGGCCACU,CGUGGUCUACCAGGGUUCAG,Cleavage
880,Chr02_8243,Eucgr.G01934.1,32072440,Eucgr.G01934,Eucgr.G01934.1.v2.0,v2.0,3.0,,1,20,780,799,CUCAACCUUGGUGGGCCACU,UGUGGCAUAUCAAGGUUGAU,Cleavage
881,Chr03_12134,Eucgr.E02950.1,32063316,Eucgr.E02950,Eucgr.E02950.1.v2.0,v2.0,3.0,,1,21,714,734,GUUCAAGAAAGCUGUGGAAAA,UUUUCAACAGCUUUUAUGAAC,Cleavage
882,Chr03_12134,Eucgr.I01117.1,32063020,Eucgr.I01117,Eucgr.I01117.1.v2.0,v2.0,3.0,,1,21,656,676,GUUCAAGAAAGCUGUGGAAAA,UUUUCAACAGCUUUUAUGAAC,Cleavage
883,Chr03_12134,Eucgr.H04799.2,32040799,Eucgr.H04799,Eucgr.H04799.2.v2.0,v2.0,3.0,,1,21,961,981,GUUCAAGAAAGCUGUGGAAAA,CCUUCCACAGCUUUCAUGCAC,Cleavage
884,Chr03_12134,Eucgr.K00398.1,32068552,Eucgr.K00398,Eucgr.K00398.1.v2.0,v2.0,3.0,,1,21,880,900,GUUCAAGAAAGCUGUGGAAAA,UAUUACACAGCUUUUUUGAUC,Cleavage
885,Chr03_12134,Eucgr.A02352.1,32049241,Eucgr.A02352,Eucgr.A02352.1.v2.0,v2.0,3.0,,1,21,1107,1127,GUUCAAGAAAGCUGUGGAAAA,GAGUCCAGAGCUUUCUUGAGU,Cleavage
886,Chr03_12134,Eucgr.A02354.2,32045932,Eucgr.A02354,Eucgr.A02354.2.v2.0,v2.0,3.0,,1,21,2404,2424,GUUCAAGAAAGCUGUGGAAAA,GGGUCCAGAGCUUUCUUGAGU,Cleavage
887,Chr03_12134,Eucgr.A02354.3,32045933,Eucgr.A02354,Eucgr.A02354.3.v2.0,v2.0,3.0,,1,21,2515,2535,GUUCAAGAAAGCUGUGGAAAA,GGGUCCAGAGCUUUCUUGAGU,Cleavage
888,Chr03_12134,Eucgr.A02354.4,32045934,Eucgr.A02354,Eucgr.A02354.4.v2.0,v2.0,3.0,,1,21,2587,2607,GUUCAAGAAAGCUGUGGAAAA,GGGUCCAGAGCUUUCUUGAGU,Cleavage
889,Chr03_12134,Eucgr.A02354.1,32045931,Eucgr.A02354,Eucgr.A02354.1.v2.0,v2.0,3.0,,1,21,2621,2641,GUUCAAGAAAGCUGUGGAAAA,GGGUCCAGAGCUUUCUUGAGU,Cleavage
890,Chr03_12134,Eucgr.E00847.1,32030996,Eucgr.E00847,Eucgr.E00847.1.v2.0,v2.0,3.0,,1,21,1628,1648,GUUCAAGAAAGCUGUGGAAAA,AGUUUGAUAGCUUUUUUGAAU,Cleavage
891,Chr03_12134,Eucgr.D00014.1,32052001,Eucgr.D00014,Eucgr.D00014.1.v2.0,v2.0,3.0,,1,21,2576,2596,GUUCAAGAAAGCUGUGGAAAA,UAUCCAACAGCUUUCUUGGGC,Cleavage
892,Chr03_12234,Eucgr.H04969.1,32041901,Eucgr.H04969,Eucgr.H04969.1.v2.0,v2.0,3.0,,1,20,651,670,CAGCCAAGGAUGACUUGCCG,CGACAAGUCUUUCUUGGCUG,Translation
893,Chr03_12234,Eucgr.C00752.1,32035939,Eucgr.C00752,Eucgr.C00752.1.v2.0,v2.0,3.0,,1,20,1050,1069,CAGCCAAGGAUGACUUGCCG,UGGUCAGUUGUCCUUGGUUG,Cleavage
894,Chr03_12234,Eucgr.F04004.1,32055414,Eucgr.F04004,Eucgr.F04004.1.v2.0,v2.0,3.0,,1,20,1185,1204,CAGCCAAGGAUGACUUGCCG,UGGUAAACCAUCCUUGGCUG,Cleavage
895,Chr03_12234,Eucgr.H00644.2,32041670,Eucgr.H00644,Eucgr.H00644.2.v2.0,v2.0,3.0,,1,20,2030,2049,CAGCCAAGGAUGACUUGCCG,AAGCAAUUCAUUUUUGGCUG,Cleavage
896,Chr03_12234,Eucgr.H00644.1,32041669,Eucgr.H00644,Eucgr.H00644.1.v2.0,v2.0,3.0,,1,20,2030,2049,CAGCCAAGGAUGACUUGCCG,AAGCAAUUCAUUUUUGGCUG,Cleavage
897,Chr03_12234,Eucgr.C02072.1,32037525,Eucgr.C02072,Eucgr.C02072.1.v2.0,v2.0,3.0,,1,20,924,943,CAGCCAAGGAUGACUUGCCG,GGGAGAGUUAUUCUUGGUUG,Cleavage
898,Chr03_12234,Eucgr.J02435.2,32033344,Eucgr.J02435,Eucgr.J02435.2.v2.0,v2.0,3.0,,1,20,18,37,CAGCCAAGGAUGACUUGCCG,GGGUCUGUUAUCCUUGGCUG,Cleavage
899,Chr03_14086,Eucgr.H04969.1,32041901,Eucgr.H04969,Eucgr.H04969.1.v2.0,v2.0,3.0,,1,20,651,670,CAGCCAAGGAUGACUUGCCG,CGACAAGUCUUUCUUGGCUG,Translation
900,Chr03_14086,Eucgr.C00752.1,32035939,Eucgr.C00752,Eucgr.C00752.1.v2.0,v2.0,3.0,,1,20,1050,1069,CAGCCAAGGAUGACUUGCCG,UGGUCAGUUGUCCUUGGUUG,Cleavage
901,Chr03_14086,Eucgr.F04004.1,32055414,Eucgr.F04004,Eucgr.F04004.1.v2.0,v2.0,3.0,,1,20,1185,1204,CAGCCAAGGAUGACUUGCCG,UGGUAAACCAUCCUUGGCUG,Cleavage
902,Chr03_14086,Eucgr.H00644.2,32041670,Eucgr.H00644,Eucgr.H00644.2.v2.0,v2.0,3.0,,1,20,2030,2049,CAGCCAAGGAUGACUUGCCG,AAGCAAUUCAUUUUUGGCUG,Cleavage
903,Chr03_14086,Eucgr.H00644.1,32041669,Eucgr.H00644,Eucgr.H00644.1.v2.0,v2.0,3.0,,1,20,2030,2049,CAGCCAAGGAUGACUUGCCG,AAGCAAUUCAUUUUUGGCUG,Cleavage
904,Chr03_14086,Eucgr.C02072.1,32037525,Eucgr.C02072,Eucgr.C02072.1.v2.0,v2.0,3.0,,1,20,924,943,CAGCCAAGGAUGACUUGCCG,GGGAGAGUUAUUCUUGGUUG,Cleavage
905,Chr03_14086,Eucgr.J02435.2,32033344,Eucgr.J02435,Eucgr.J02435.2.v2.0,v2.0,3.0,,1,20,18,37,CAGCCAAGGAUGACUUGCCG,GGGUCUGUUAUCCUUGGCUG,Cleavage
906,Chr03_14181,Eucgr.H04969.1,32041901,Eucgr.H04969,Eucgr.H04969.1.v2.0,v2.0,3.0,,1,20,651,670,CAGCCAAGAAUGGCUUGCCG,CGACAAGUCUUUCUUGGCUG,Translation
907,Chr03_14181,Eucgr.K02358.2,32065981,Eucgr.K02358,Eucgr.K02358.2.v2.0,v2.0,3.0,,1,20,1701,1720,CAGCCAAGAAUGGCUUGCCG,UGGUCAGCCAAUCUUGGCUG,Translation
908,Chr03_14181,Eucgr.K02358.3,32065982,Eucgr.K02358,Eucgr.K02358.3.v2.0,v2.0,3.0,,1,20,1726,1745,CAGCCAAGAAUGGCUUGCCG,UGGUCAGCCAAUCUUGGCUG,Translation
909,Chr03_14181,Eucgr.K02358.1,32065980,Eucgr.K02358,Eucgr.K02358.1.v2.0,v2.0,3.0,,1,20,1815,1834,CAGCCAAGAAUGGCUUGCCG,UGGUCAGCCAAUCUUGGCUG,Translation
910,Chr03_14181,Eucgr.F04004.1,32055414,Eucgr.F04004,Eucgr.F04004.1.v2.0,v2.0,3.0,,1,20,1185,1204,CAGCCAAGAAUGGCUUGCCG,UGGUAAACCAUCCUUGGCUG,Cleavage
911,Chr03_14181,Eucgr.K02358.4,32065983,Eucgr.K02358,Eucgr.K02358.4.v2.0,v2.0,3.0,,1,20,3228,3247,CAGCCAAGAAUGGCUUGCCG,UGGUCAGCCAAUCUUGGCUG,Translation
912,Chr03_14181,Eucgr.H00644.2,32041670,Eucgr.H00644,Eucgr.H00644.2.v2.0,v2.0,3.0,,1,20,2030,2049,CAGCCAAGAAUGGCUUGCCG,AAGCAAUUCAUUUUUGGCUG,Cleavage
913,Chr03_14181,Eucgr.H00644.1,32041669,Eucgr.H00644,Eucgr.H00644.1.v2.0,v2.0,3.0,,1,20,2030,2049,CAGCCAAGAAUGGCUUGCCG,AAGCAAUUCAUUUUUGGCUG,Cleavage
914,Chr03_14181,Eucgr.C02072.1,32037525,Eucgr.C02072,Eucgr.C02072.1.v2.0,v2.0,3.0,,1,20,924,943,CAGCCAAGAAUGGCUUGCCG,GGGAGAGUUAUUCUUGGUUG,Cleavage
915,Chr03_9415,Eucgr.K02499.1,32065951,Eucgr.K02499,Eucgr.K02499.1.v2.0,v2.0,3.0,,1,20,70,89,UUGAGCCGCGCCAAUAUCAC,GUGGCGUUGGCGUGGCUUAA,Cleavage
916,Chr03_9415,Eucgr.K02499.2,32065952,Eucgr.K02499,Eucgr.K02499.2.v2.0,v2.0,3.0,,1,20,70,89,UUGAGCCGCGCCAAUAUCAC,GUGGCGUUGGCGUGGCUUAA,Cleavage
917,Chr03_9415,Eucgr.K02499.3,32065953,Eucgr.K02499,Eucgr.K02499.3.v2.0,v2.0,3.0,,1,20,70,89,UUGAGCCGCGCCAAUAUCAC,GUGGCGUUGGCGUGGCUUAA,Cleavage
918,Chr03_9415,Eucgr.K02499.4,32065954,Eucgr.K02499,Eucgr.K02499.4.v2.0,v2.0,3.0,,1,20,70,89,UUGAGCCGCGCCAAUAUCAC,GUGGCGUUGGCGUGGCUUAA,Cleavage
919,Chr03_9415,Eucgr.C01547.1,32039116,Eucgr.C01547,Eucgr.C01547.1.v2.0,v2.0,3.0,,1,20,697,716,UUGAGCCGCGCCAAUAUCAC,UUGGUAUUGGAGCGGCUUAG,Translation
920,Chr03_9415,Eucgr.K02931.1,32067784,Eucgr.K02931,Eucgr.K02931.1.v2.0,v2.0,3.0,,1,20,1407,1426,UUGAGCCGCGCCAAUAUCAC,UUGAUAUUGGUGGGGCUUGA,Cleavage
921,Chr03_9415,Eucgr.C01554.1,32039701,Eucgr.C01554,Eucgr.C01554.1.v2.0,v2.0,3.0,,1,20,868,887,UUGAGCCGCGCCAAUAUCAC,UUAGUAUUGGGGCGGCUCAA,Translation
922,Chr03_9415,Eucgr.C01826.1,32036306,Eucgr.C01826,Eucgr.C01826.1.v2.0,v2.0,3.0,,1,20,1528,1547,UUGAGCCGCGCCAAUAUCAC,UUAGUAUUGGGGCGGCUCAA,Translation
923,Chr03_9415,Eucgr.C01828.1,32039844,Eucgr.C01828,Eucgr.C01828.1.v2.0,v2.0,3.0,,1,20,1540,1559,UUGAGCCGCGCCAAUAUCAC,UUAGUAUUGGGGCGGCUCAA,Translation
924,Chr03_9415,Eucgr.C01820.1,32038862,Eucgr.C01820,Eucgr.C01820.1.v2.0,v2.0,3.0,,1,20,1528,1547,UUGAGCCGCGCCAAUAUCAC,UUAGUAUUGGGGCGGCUCAA,Translation
925,Chr05_17624,Eucgr.H03480.2,32043575,Eucgr.H03480,Eucgr.H03480.2.v2.0,v2.0,3.0,,1,21,2388,2408,UGCCUGGCUCCCUGUAUGCCA,GAGCCUAUCGGGAGCCAGGCA,Cleavage
926,Chr05_17624,Eucgr.H03480.1,32043574,Eucgr.H03480,Eucgr.H03480.1.v2.0,v2.0,3.0,,1,21,2490,2510,UGCCUGGCUCCCUGUAUGCCA,GAGCCUAUCGGGAGCCAGGCA,Cleavage
927,Chr05_18368,Eucgr.G02159.1,32071284,Eucgr.G02159,Eucgr.G02159.1.v2.0,v2.0,3.0,,1,21,2640,2660,UCUCUCCCUCAAAGACUUCCG,UGGAGGACUUUGAGGAAGAGA,Cleavage
928,Chr05_18368,Eucgr.D02544.2,32051622,Eucgr.D02544,Eucgr.D02544.2.v2.0,v2.0,3.0,,1,21,1451,1471,UCUCUCCCUCAAAGACUUCCG,UUGGAGUUUUUCAGGGAGAGG,Translation
929,Chr05_18368,Eucgr.D02544.1,32051621,Eucgr.D02544,Eucgr.D02544.1.v2.0,v2.0,3.0,,1,21,1457,1477,UCUCUCCCUCAAAGACUUCCG,UUGGAGUUUUUCAGGGAGAGG,Translation
930,Chr05_18368,Eucgr.H00812.1,32042135,Eucgr.H00812,Eucgr.H00812.1.v2.0,v2.0,3.0,,1,21,1231,1251,UCUCUCCCUCAAAGACUUCCG,UUGAGGUUGUUGAGGGAGGGA,Cleavage
931,Chr05_18368,Eucgr.K02468.1,32067976,Eucgr.K02468,Eucgr.K02468.1.v2.0,v2.0,3.0,,1,21,111,131,UCUCUCCCUCAAAGACUUCCG,CAGACGUUUUAGAGGGAGAGA,Translation
932,Chr05_18368,Eucgr.D02537.1,32050337,Eucgr.D02537,Eucgr.D02537.1.v2.0,v2.0,3.0,,1,21,707,727,UCUCUCCCUCAAAGACUUCCG,AUGAAGAUUUUGACGGAGAGA,Cleavage
933,Chr05_18368,Eucgr.D02537.2,32050338,Eucgr.D02537,Eucgr.D02537.2.v2.0,v2.0,3.0,,1,21,880,900,UCUCUCCCUCAAAGACUUCCG,AUGAAGAUUUUGACGGAGAGA,Cleavage
934,Chr05_19036,Eucgr.J02404.1,32033874,Eucgr.J02404,Eucgr.J02404.1.v2.0,v2.0,3.0,,1,22,43,64,AAUCGAAGUAGGUUGUGGGUGC,GUACCCACUGACUACUUCGAUU,Cleavage
935,Chr05_19036,Eucgr.J03194.1,32034248,Eucgr.J03194,Eucgr.J03194.1.v2.0,v2.0,3.0,,1,22,295,316,AAUCGAAGUAGGUUGUGGGUGC,AAAUCUGUGACCUACUUUGAUU,Cleavage
936,Chr05_19036,Eucgr.A02953.1,32048333,Eucgr.A02953,Eucgr.A02953.1.v2.0,v2.0,3.0,,1,22,52,73,AAUCGAAGUAGGUUGUGGGUGC,UCCUCCGCAACCCGCUUCGAUU,Translation
937,Chr05_19932,Eucgr.D01668.1,32051921,Eucgr.D01668,Eucgr.D01668.1.v2.0,v2.0,3.0,,1,20,1349,1368,CGCCAAAGGAGAAUUGCCCU,UUGGCACUUCUUUUUUGGCG,Cleavage
938,Chr05_19932,Eucgr.J01177.4,32032490,Eucgr.J01177,Eucgr.J01177.4.v2.0,v2.0,3.0,,1,20,1332,1351,CGCCAAAGGAGAAUUGCCCU,GAGGCACUUUUCCUUUGGUG,Cleavage
939,Chr05_19932,Eucgr.J01177.1,32032487,Eucgr.J01177,Eucgr.J01177.1.v2.0,v2.0,3.0,,1,20,1518,1537,CGCCAAAGGAGAAUUGCCCU,GAGGCACUUUUCCUUUGGUG,Cleavage
940,Chr05_19932,Eucgr.J01177.2,32032488,Eucgr.J01177,Eucgr.J01177.2.v2.0,v2.0,3.0,,1,20,1706,1725,CGCCAAAGGAGAAUUGCCCU,CAGGCACUUUUCCUUUGGUG,Cleavage
941,Chr05_19932,Eucgr.J01177.3,32032489,Eucgr.J01177,Eucgr.J01177.3.v2.0,v2.0,3.0,,1,20,1866,1885,CGCCAAAGGAGAAUUGCCCU,CAGGCACUUUUCCUUUGGUG,Cleavage
942,Chr05_19932,Eucgr.J00854.1,32035745,Eucgr.J00854,Eucgr.J00854.1.v2.0,v2.0,3.0,,1,20,139,158,CGCCAAAGGAGAAUUGCCCU,CGGCCGAUUCUCCUUUCGCG,Cleavage
943,Chr05_19932,Eucgr.J00854.6,32035750,Eucgr.J00854,Eucgr.J00854.6.v2.0,v2.0,3.0,,1,20,139,158,CGCCAAAGGAGAAUUGCCCU,CGGCCGAUUCUCCUUUCGCG,Cleavage
944,Chr05_19932,Eucgr.J00854.2,32035746,Eucgr.J00854,Eucgr.J00854.2.v2.0,v2.0,3.0,,1,20,139,158,CGCCAAAGGAGAAUUGCCCU,CGGCCGAUUCUCCUUUCGCG,Cleavage
945,Chr05_19932,Eucgr.J00854.3,32035747,Eucgr.J00854,Eucgr.J00854.3.v2.0,v2.0,3.0,,1,20,139,158,CGCCAAAGGAGAAUUGCCCU,CGGCCGAUUCUCCUUUCGCG,Cleavage
946,Chr05_19932,Eucgr.J00854.5,32035749,Eucgr.J00854,Eucgr.J00854.5.v2.0,v2.0,3.0,,1,20,139,158,CGCCAAAGGAGAAUUGCCCU,CGGCCGAUUCUCCUUUCGCG,Cleavage
947,Chr05_19932,Eucgr.J00854.4,32035748,Eucgr.J00854,Eucgr.J00854.4.v2.0,v2.0,3.0,,1,20,139,158,CGCCAAAGGAGAAUUGCCCU,CGGCCGAUUCUCCUUUCGCG,Cleavage
948,Chr05_19932,Eucgr.B01002.3,32060538,Eucgr.B01002,Eucgr.B01002.3.v2.0,v2.0,3.0,,1,20,1649,1668,CGCCAAAGGAGAAUUGCCCU,UGGCAAAUUUUCUUUUGGCG,Cleavage
949,Chr05_19932,Eucgr.B01002.2,32060537,Eucgr.B01002,Eucgr.B01002.2.v2.0,v2.0,3.0,,1,20,1649,1668,CGCCAAAGGAGAAUUGCCCU,UGGCAAAUUUUCUUUUGGCG,Cleavage
950,Chr05_19932,Eucgr.B01002.1,32060536,Eucgr.B01002,Eucgr.B01002.1.v2.0,v2.0,3.0,,1,20,1682,1701,CGCCAAAGGAGAAUUGCCCU,UGGCAAAUUUUCUUUUGGCG,Cleavage
951,Chr05_19934,Eucgr.I01424.1,32065494,Eucgr.I01424,Eucgr.I01424.1.v2.0,v2.0,3.0,,1,20,842,861,GUGCGGUUCUCCUUUGGCAA,UUGCCAAAGUAGAGCCGCAA,Translation
952,Chr05_19934,Eucgr.B01080.1,32059847,Eucgr.B01080,Eucgr.B01080.1.v2.0,v2.0,3.0,,1,20,167,186,GUGCGGUUCUCCUUUGGCAA,GGGCUGAAGGAGGACUGCAC,Cleavage
953,Chr05_19934,Eucgr.E02482.5,32028417,Eucgr.E02482,Eucgr.E02482.5.v2.0,v2.0,3.0,,1,20,2215,2234,GUGCGGUUCUCCUUUGGCAA,GUGCCAAAGGAGAGCCUCAG,Cleavage
954,Chr05_19934,Eucgr.E02482.3,32028415,Eucgr.E02482,Eucgr.E02482.3.v2.0,v2.0,3.0,,1,20,2265,2284,GUGCGGUUCUCCUUUGGCAA,GUGCCAAAGGAGAGCCUCAG,Cleavage
955,Chr05_19934,Eucgr.E02482.6,32028418,Eucgr.E02482,Eucgr.E02482.6.v2.0,v2.0,3.0,,1,20,2265,2284,GUGCGGUUCUCCUUUGGCAA,GUGCCAAAGGAGAGCCUCAG,Cleavage
956,Chr05_19934,Eucgr.E02482.1,32028413,Eucgr.E02482,Eucgr.E02482.1.v2.0,v2.0,3.0,,1,20,2265,2284,GUGCGGUUCUCCUUUGGCAA,GUGCCAAAGGAGAGCCUCAG,Cleavage
957,Chr05_19934,Eucgr.E02482.4,32028416,Eucgr.E02482,Eucgr.E02482.4.v2.0,v2.0,3.0,,1,20,2413,2432,GUGCGGUUCUCCUUUGGCAA,GUGCCAAAGGAGAGCCUCAG,Cleavage
958,Chr05_19934,Eucgr.E02482.2,32028414,Eucgr.E02482,Eucgr.E02482.2.v2.0,v2.0,3.0,,1,20,2463,2482,GUGCGGUUCUCCUUUGGCAA,GUGCCAAAGGAGAGCCUCAG,Cleavage
959,Chr05_19934,Eucgr.H04146.1,32041321,Eucgr.H04146,Eucgr.H04146.1.v2.0,v2.0,3.0,,1,20,1043,1062,GUGCGGUUCUCCUUUGGCAA,CUGCCAAGGGAGAAUGGUAC,Cleavage
960,Chr05_19934,Eucgr.K03420.1,32069277,Eucgr.K03420,Eucgr.K03420.1.v2.0,v2.0,3.0,,1,20,1983,2002,GUGCGGUUCUCCUUUGGCAA,AUGUCGAAGGAGAAGCGCAU,Cleavage
961,Chr05_20206,Eucgr.D01668.1,32051921,Eucgr.D01668,Eucgr.D01668.1.v2.0,v2.0,3.0,,1,20,1349,1368,CGCCAAAGGAGAAUUGCCCU,UUGGCACUUCUUUUUUGGCG,Cleavage
962,Chr05_20206,Eucgr.J01177.4,32032490,Eucgr.J01177,Eucgr.J01177.4.v2.0,v2.0,3.0,,1,20,1332,1351,CGCCAAAGGAGAAUUGCCCU,GAGGCACUUUUCCUUUGGUG,Cleavage
963,Chr05_20206,Eucgr.J01177.1,32032487,Eucgr.J01177,Eucgr.J01177.1.v2.0,v2.0,3.0,,1,20,1518,1537,CGCCAAAGGAGAAUUGCCCU,GAGGCACUUUUCCUUUGGUG,Cleavage
964,Chr05_20206,Eucgr.J01177.2,32032488,Eucgr.J01177,Eucgr.J01177.2.v2.0,v2.0,3.0,,1,20,1706,1725,CGCCAAAGGAGAAUUGCCCU,CAGGCACUUUUCCUUUGGUG,Cleavage
965,Chr05_20206,Eucgr.J01177.3,32032489,Eucgr.J01177,Eucgr.J01177.3.v2.0,v2.0,3.0,,1,20,1866,1885,CGCCAAAGGAGAAUUGCCCU,CAGGCACUUUUCCUUUGGUG,Cleavage
966,Chr05_20206,Eucgr.J00854.1,32035745,Eucgr.J00854,Eucgr.J00854.1.v2.0,v2.0,3.0,,1,20,139,158,CGCCAAAGGAGAAUUGCCCU,CGGCCGAUUCUCCUUUCGCG,Cleavage
967,Chr05_20206,Eucgr.J00854.6,32035750,Eucgr.J00854,Eucgr.J00854.6.v2.0,v2.0,3.0,,1,20,139,158,CGCCAAAGGAGAAUUGCCCU,CGGCCGAUUCUCCUUUCGCG,Cleavage
968,Chr05_20206,Eucgr.J00854.2,32035746,Eucgr.J00854,Eucgr.J00854.2.v2.0,v2.0,3.0,,1,20,139,158,CGCCAAAGGAGAAUUGCCCU,CGGCCGAUUCUCCUUUCGCG,Cleavage
969,Chr05_20206,Eucgr.J00854.3,32035747,Eucgr.J00854,Eucgr.J00854.3.v2.0,v2.0,3.0,,1,20,139,158,CGCCAAAGGAGAAUUGCCCU,CGGCCGAUUCUCCUUUCGCG,Cleavage
970,Chr05_20206,Eucgr.J00854.5,32035749,Eucgr.J00854,Eucgr.J00854.5.v2.0,v2.0,3.0,,1,20,139,158,CGCCAAAGGAGAAUUGCCCU,CGGCCGAUUCUCCUUUCGCG,Cleavage
971,Chr05_20206,Eucgr.J00854.4,32035748,Eucgr.J00854,Eucgr.J00854.4.v2.0,v2.0,3.0,,1,20,139,158,CGCCAAAGGAGAAUUGCCCU,CGGCCGAUUCUCCUUUCGCG,Cleavage
972,Chr05_20206,Eucgr.B01002.3,32060538,Eucgr.B01002,Eucgr.B01002.3.v2.0,v2.0,3.0,,1,20,1649,1668,CGCCAAAGGAGAAUUGCCCU,UGGCAAAUUUUCUUUUGGCG,Cleavage
973,Chr05_20206,Eucgr.B01002.2,32060537,Eucgr.B01002,Eucgr.B01002.2.v2.0,v2.0,3.0,,1,20,1649,1668,CGCCAAAGGAGAAUUGCCCU,UGGCAAAUUUUCUUUUGGCG,Cleavage
974,Chr05_20206,Eucgr.B01002.1,32060536,Eucgr.B01002,Eucgr.B01002.1.v2.0,v2.0,3.0,,1,20,1682,1701,CGCCAAAGGAGAAUUGCCCU,UGGCAAAUUUUCUUUUGGCG,Cleavage
975,Chr05_20208,Eucgr.D01668.1,32051921,Eucgr.D01668,Eucgr.D01668.1.v2.0,v2.0,3.0,,1,20,1349,1368,CGCCAAAGGAGAAUUGCCCU,UUGGCACUUCUUUUUUGGCG,Cleavage
976,Chr05_20208,Eucgr.J01177.4,32032490,Eucgr.J01177,Eucgr.J01177.4.v2.0,v2.0,3.0,,1,20,1332,1351,CGCCAAAGGAGAAUUGCCCU,GAGGCACUUUUCCUUUGGUG,Cleavage
977,Chr05_20208,Eucgr.J01177.1,32032487,Eucgr.J01177,Eucgr.J01177.1.v2.0,v2.0,3.0,,1,20,1518,1537,CGCCAAAGGAGAAUUGCCCU,GAGGCACUUUUCCUUUGGUG,Cleavage
978,Chr05_20208,Eucgr.J01177.2,32032488,Eucgr.J01177,Eucgr.J01177.2.v2.0,v2.0,3.0,,1,20,1706,1725,CGCCAAAGGAGAAUUGCCCU,CAGGCACUUUUCCUUUGGUG,Cleavage
979,Chr05_20208,Eucgr.J01177.3,32032489,Eucgr.J01177,Eucgr.J01177.3.v2.0,v2.0,3.0,,1,20,1866,1885,CGCCAAAGGAGAAUUGCCCU,CAGGCACUUUUCCUUUGGUG,Cleavage
980,Chr05_20208,Eucgr.J00854.1,32035745,Eucgr.J00854,Eucgr.J00854.1.v2.0,v2.0,3.0,,1,20,139,158,CGCCAAAGGAGAAUUGCCCU,CGGCCGAUUCUCCUUUCGCG,Cleavage
981,Chr05_20208,Eucgr.J00854.6,32035750,Eucgr.J00854,Eucgr.J00854.6.v2.0,v2.0,3.0,,1,20,139,158,CGCCAAAGGAGAAUUGCCCU,CGGCCGAUUCUCCUUUCGCG,Cleavage
982,Chr05_20208,Eucgr.J00854.2,32035746,Eucgr.J00854,Eucgr.J00854.2.v2.0,v2.0,3.0,,1,20,139,158,CGCCAAAGGAGAAUUGCCCU,CGGCCGAUUCUCCUUUCGCG,Cleavage
983,Chr05_20208,Eucgr.J00854.3,32035747,Eucgr.J00854,Eucgr.J00854.3.v2.0,v2.0,3.0,,1,20,139,158,CGCCAAAGGAGAAUUGCCCU,CGGCCGAUUCUCCUUUCGCG,Cleavage
984,Chr05_20208,Eucgr.J00854.5,32035749,Eucgr.J00854,Eucgr.J00854.5.v2.0,v2.0,3.0,,1,20,139,158,CGCCAAAGGAGAAUUGCCCU,CGGCCGAUUCUCCUUUCGCG,Cleavage
985,Chr05_20208,Eucgr.J00854.4,32035748,Eucgr.J00854,Eucgr.J00854.4.v2.0,v2.0,3.0,,1,20,139,158,CGCCAAAGGAGAAUUGCCCU,CGGCCGAUUCUCCUUUCGCG,Cleavage
986,Chr05_20208,Eucgr.B01002.3,32060538,Eucgr.B01002,Eucgr.B01002.3.v2.0,v2.0,3.0,,1,20,1649,1668,CGCCAAAGGAGAAUUGCCCU,UGGCAAAUUUUCUUUUGGCG,Cleavage
987,Chr05_20208,Eucgr.B01002.2,32060537,Eucgr.B01002,Eucgr.B01002.2.v2.0,v2.0,3.0,,1,20,1649,1668,CGCCAAAGGAGAAUUGCCCU,UGGCAAAUUUUCUUUUGGCG,Cleavage
988,Chr05_20208,Eucgr.B01002.1,32060536,Eucgr.B01002,Eucgr.B01002.1.v2.0,v2.0,3.0,,1,20,1682,1701,CGCCAAAGGAGAAUUGCCCU,UGGCAAAUUUUCUUUUGGCG,Cleavage
989,Chr05_20214,Eucgr.D01668.1,32051921,Eucgr.D01668,Eucgr.D01668.1.v2.0,v2.0,3.0,,1,20,1349,1368,CGCCAAAGGAGAAUUGCCCU,UUGGCACUUCUUUUUUGGCG,Cleavage
990,Chr05_20214,Eucgr.J01177.4,32032490,Eucgr.J01177,Eucgr.J01177.4.v2.0,v2.0,3.0,,1,20,1332,1351,CGCCAAAGGAGAAUUGCCCU,GAGGCACUUUUCCUUUGGUG,Cleavage
991,Chr05_20214,Eucgr.J01177.1,32032487,Eucgr.J01177,Eucgr.J01177.1.v2.0,v2.0,3.0,,1,20,1518,1537,CGCCAAAGGAGAAUUGCCCU,GAGGCACUUUUCCUUUGGUG,Cleavage
992,Chr05_20214,Eucgr.J01177.2,32032488,Eucgr.J01177,Eucgr.J01177.2.v2.0,v2.0,3.0,,1,20,1706,1725,CGCCAAAGGAGAAUUGCCCU,CAGGCACUUUUCCUUUGGUG,Cleavage
993,Chr05_20214,Eucgr.J01177.3,32032489,Eucgr.J01177,Eucgr.J01177.3.v2.0,v2.0,3.0,,1,20,1866,1885,CGCCAAAGGAGAAUUGCCCU,CAGGCACUUUUCCUUUGGUG,Cleavage
994,Chr05_20214,Eucgr.J00854.1,32035745,Eucgr.J00854,Eucgr.J00854.1.v2.0,v2.0,3.0,,1,20,139,158,CGCCAAAGGAGAAUUGCCCU,CGGCCGAUUCUCCUUUCGCG,Cleavage
995,Chr05_20214,Eucgr.J00854.6,32035750,Eucgr.J00854,Eucgr.J00854.6.v2.0,v2.0,3.0,,1,20,139,158,CGCCAAAGGAGAAUUGCCCU,CGGCCGAUUCUCCUUUCGCG,Cleavage
996,Chr05_20214,Eucgr.J00854.2,32035746,Eucgr.J00854,Eucgr.J00854.2.v2.0,v2.0,3.0,,1,20,139,158,CGCCAAAGGAGAAUUGCCCU,CGGCCGAUUCUCCUUUCGCG,Cleavage
997,Chr05_20214,Eucgr.J00854.3,32035747,Eucgr.J00854,Eucgr.J00854.3.v2.0,v2.0,3.0,,1,20,139,158,CGCCAAAGGAGAAUUGCCCU,CGGCCGAUUCUCCUUUCGCG,Cleavage
998,Chr05_20214,Eucgr.J00854.5,32035749,Eucgr.J00854,Eucgr.J00854.5.v2.0,v2.0,3.0,,1,20,139,158,CGCCAAAGGAGAAUUGCCCU,CGGCCGAUUCUCCUUUCGCG,Cleavage
999,Chr05_20214,Eucgr.J00854.4,32035748,Eucgr.J00854,Eucgr.J00854.4.v2.0,v2.0,3.0,,1,20,139,158,CGCCAAAGGAGAAUUGCCCU,CGGCCGAUUCUCCUUUCGCG,Cleavage
1000,Chr05_20214,Eucgr.B01002.3,32060538,Eucgr.B01002,Eucgr.B01002.3.v2.0,v2.0,3.0,,1,20,1649,1668,CGCCAAAGGAGAAUUGCCCU,UGGCAAAUUUUCUUUUGGCG,Cleavage
1001,Chr05_20214,Eucgr.B01002.2,32060537,Eucgr.B01002,Eucgr.B01002.2.v2.0,v2.0,3.0,,1,20,1649,1668,CGCCAAAGGAGAAUUGCCCU,UGGCAAAUUUUCUUUUGGCG,Cleavage
1002,Chr05_20214,Eucgr.B01002.1,32060536,Eucgr.B01002,Eucgr.B01002.1.v2.0,v2.0,3.0,,1,20,1682,1701,CGCCAAAGGAGAAUUGCCCU,UGGCAAAUUUUCUUUUGGCG,Cleavage
1003,Chr05_21615,Eucgr.J02404.1,32033874,Eucgr.J02404,Eucgr.J02404.1.v2.0,v2.0,3.0,,1,22,43,64,AAUCGAAGUAGGUUGUGGGUGC,GUACCCACUGACUACUUCGAUU,Cleavage
1004,Chr05_21615,Eucgr.J03194.1,32034248,Eucgr.J03194,Eucgr.J03194.1.v2.0,v2.0,3.0,,1,22,295,316,AAUCGAAGUAGGUUGUGGGUGC,AAAUCUGUGACCUACUUUGAUU,Cleavage
1005,Chr05_21615,Eucgr.A02953.1,32048333,Eucgr.A02953,Eucgr.A02953.1.v2.0,v2.0,3.0,,1,22,52,73,AAUCGAAGUAGGUUGUGGGUGC,UCCUCCGCAACCCGCUUCGAUU,Translation
1006,Chr05_23089,Eucgr.D01668.1,32051921,Eucgr.D01668,Eucgr.D01668.1.v2.0,v2.0,3.0,,1,20,1349,1368,CGCCAAAGGAGAAUUGCCCU,UUGGCACUUCUUUUUUGGCG,Cleavage
1007,Chr05_23089,Eucgr.J01177.4,32032490,Eucgr.J01177,Eucgr.J01177.4.v2.0,v2.0,3.0,,1,20,1332,1351,CGCCAAAGGAGAAUUGCCCU,GAGGCACUUUUCCUUUGGUG,Cleavage
1008,Chr05_23089,Eucgr.J01177.1,32032487,Eucgr.J01177,Eucgr.J01177.1.v2.0,v2.0,3.0,,1,20,1518,1537,CGCCAAAGGAGAAUUGCCCU,GAGGCACUUUUCCUUUGGUG,Cleavage
1009,Chr05_23089,Eucgr.J01177.2,32032488,Eucgr.J01177,Eucgr.J01177.2.v2.0,v2.0,3.0,,1,20,1706,1725,CGCCAAAGGAGAAUUGCCCU,CAGGCACUUUUCCUUUGGUG,Cleavage
1010,Chr05_23089,Eucgr.J01177.3,32032489,Eucgr.J01177,Eucgr.J01177.3.v2.0,v2.0,3.0,,1,20,1866,1885,CGCCAAAGGAGAAUUGCCCU,CAGGCACUUUUCCUUUGGUG,Cleavage
1011,Chr05_23089,Eucgr.J00854.1,32035745,Eucgr.J00854,Eucgr.J00854.1.v2.0,v2.0,3.0,,1,20,139,158,CGCCAAAGGAGAAUUGCCCU,CGGCCGAUUCUCCUUUCGCG,Cleavage
1012,Chr05_23089,Eucgr.J00854.6,32035750,Eucgr.J00854,Eucgr.J00854.6.v2.0,v2.0,3.0,,1,20,139,158,CGCCAAAGGAGAAUUGCCCU,CGGCCGAUUCUCCUUUCGCG,Cleavage
1013,Chr05_23089,Eucgr.J00854.2,32035746,Eucgr.J00854,Eucgr.J00854.2.v2.0,v2.0,3.0,,1,20,139,158,CGCCAAAGGAGAAUUGCCCU,CGGCCGAUUCUCCUUUCGCG,Cleavage
1014,Chr05_23089,Eucgr.J00854.3,32035747,Eucgr.J00854,Eucgr.J00854.3.v2.0,v2.0,3.0,,1,20,139,158,CGCCAAAGGAGAAUUGCCCU,CGGCCGAUUCUCCUUUCGCG,Cleavage
1015,Chr05_23089,Eucgr.J00854.5,32035749,Eucgr.J00854,Eucgr.J00854.5.v2.0,v2.0,3.0,,1,20,139,158,CGCCAAAGGAGAAUUGCCCU,CGGCCGAUUCUCCUUUCGCG,Cleavage
1016,Chr05_23089,Eucgr.J00854.4,32035748,Eucgr.J00854,Eucgr.J00854.4.v2.0,v2.0,3.0,,1,20,139,158,CGCCAAAGGAGAAUUGCCCU,CGGCCGAUUCUCCUUUCGCG,Cleavage
1017,Chr05_23089,Eucgr.B01002.3,32060538,Eucgr.B01002,Eucgr.B01002.3.v2.0,v2.0,3.0,,1,20,1649,1668,CGCCAAAGGAGAAUUGCCCU,UGGCAAAUUUUCUUUUGGCG,Cleavage
1018,Chr05_23089,Eucgr.B01002.2,32060537,Eucgr.B01002,Eucgr.B01002.2.v2.0,v2.0,3.0,,1,20,1649,1668,CGCCAAAGGAGAAUUGCCCU,UGGCAAAUUUUCUUUUGGCG,Cleavage
1019,Chr05_23089,Eucgr.B01002.1,32060536,Eucgr.B01002,Eucgr.B01002.1.v2.0,v2.0,3.0,,1,20,1682,1701,CGCCAAAGGAGAAUUGCCCU,UGGCAAAUUUUCUUUUGGCG,Cleavage
1020,Chr05_23094,Eucgr.E00524.1,32028559,Eucgr.E00524,Eucgr.E00524.1.v2.0,v2.0,3.0,,1,20,538,557,CGCCAAGGGAGAAUUGCCCU,AGGGCAACUCUCCUUUGGCA,Cleavage
1021,Chr05_23094,Eucgr.D00620.1,32051035,Eucgr.D00620,Eucgr.D00620.1.v2.0,v2.0,3.0,,1,20,467,486,CGCCAAGGGAGAAUUGCCCU,AGGGCAAAUCUCCUUUGGCA,Cleavage
1022,Chr05_23094,Eucgr.D00620.1,32051035,Eucgr.D00620,Eucgr.D00620.1.v2.0,v2.0,3.0,,1,20,834,853,CGCCAAGGGAGAAUUGCCCU,GGGGCAAAUCUCCUUUGGCA,Cleavage
1023,Chr05_23094,Eucgr.D00620.1,32051035,Eucgr.D00620,Eucgr.D00620.1.v2.0,v2.0,3.0,,1,20,773,792,CGCCAAGGGAGAAUUGCCCU,UGGGCAAAUCUCCUUUGGCA,Cleavage
1024,Chr05_23094,Eucgr.F01630.1,32055929,Eucgr.F01630,Eucgr.F01630.1.v2.0,v2.0,3.0,,1,20,1958,1977,CGCCAAGGGAGAAUUGCCCU,UGGGAAAUUCUCCCUUGCUG,Cleavage
1025,Chr05_23094,Eucgr.B00090.1,32061267,Eucgr.B00090,Eucgr.B00090.1.v2.0,v2.0,3.0,,1,20,759,778,CGCCAAGGGAGAAUUGCCCU,CGGGGGUUUCUUCCUUGGCG,Cleavage
1026,Chr05_23094,Eucgr.D01559.1,32051624,Eucgr.D01559,Eucgr.D01559.1.v2.0,v2.0,3.0,,1,20,1445,1464,CGCCAAGGGAGAAUUGCCCU,UGGGUCUUUCUUCCUUGGCG,Cleavage
1027,Chr05_23096,Eucgr.E00524.1,32028559,Eucgr.E00524,Eucgr.E00524.1.v2.0,v2.0,3.0,,1,20,538,557,CGCCAAGGGAGAAUUGCCCU,AGGGCAACUCUCCUUUGGCA,Cleavage
1028,Chr05_23096,Eucgr.D00620.1,32051035,Eucgr.D00620,Eucgr.D00620.1.v2.0,v2.0,3.0,,1,20,467,486,CGCCAAGGGAGAAUUGCCCU,AGGGCAAAUCUCCUUUGGCA,Cleavage
1029,Chr05_23096,Eucgr.D00620.1,32051035,Eucgr.D00620,Eucgr.D00620.1.v2.0,v2.0,3.0,,1,20,834,853,CGCCAAGGGAGAAUUGCCCU,GGGGCAAAUCUCCUUUGGCA,Cleavage
1030,Chr05_23096,Eucgr.D00620.1,32051035,Eucgr.D00620,Eucgr.D00620.1.v2.0,v2.0,3.0,,1,20,773,792,CGCCAAGGGAGAAUUGCCCU,UGGGCAAAUCUCCUUUGGCA,Cleavage
1031,Chr05_23096,Eucgr.F01630.1,32055929,Eucgr.F01630,Eucgr.F01630.1.v2.0,v2.0,3.0,,1,20,1958,1977,CGCCAAGGGAGAAUUGCCCU,UGGGAAAUUCUCCCUUGCUG,Cleavage
1032,Chr05_23096,Eucgr.B00090.1,32061267,Eucgr.B00090,Eucgr.B00090.1.v2.0,v2.0,3.0,,1,20,759,778,CGCCAAGGGAGAAUUGCCCU,CGGGGGUUUCUUCCUUGGCG,Cleavage
1033,Chr05_23096,Eucgr.D01559.1,32051624,Eucgr.D01559,Eucgr.D01559.1.v2.0,v2.0,3.0,,1,20,1445,1464,CGCCAAGGGAGAAUUGCCCU,UGGGUCUUUCUUCCUUGGCG,Cleavage
1034,Chr05_23098,Eucgr.E00524.1,32028559,Eucgr.E00524,Eucgr.E00524.1.v2.0,v2.0,3.0,,1,20,538,557,CGCCAAGGGAGAAUUGCCCU,AGGGCAACUCUCCUUUGGCA,Cleavage
1035,Chr05_23098,Eucgr.D00620.1,32051035,Eucgr.D00620,Eucgr.D00620.1.v2.0,v2.0,3.0,,1,20,467,486,CGCCAAGGGAGAAUUGCCCU,AGGGCAAAUCUCCUUUGGCA,Cleavage
1036,Chr05_23098,Eucgr.D00620.1,32051035,Eucgr.D00620,Eucgr.D00620.1.v2.0,v2.0,3.0,,1,20,834,853,CGCCAAGGGAGAAUUGCCCU,GGGGCAAAUCUCCUUUGGCA,Cleavage
1037,Chr05_23098,Eucgr.D00620.1,32051035,Eucgr.D00620,Eucgr.D00620.1.v2.0,v2.0,3.0,,1,20,773,792,CGCCAAGGGAGAAUUGCCCU,UGGGCAAAUCUCCUUUGGCA,Cleavage
1038,Chr05_23098,Eucgr.F01630.1,32055929,Eucgr.F01630,Eucgr.F01630.1.v2.0,v2.0,3.0,,1,20,1958,1977,CGCCAAGGGAGAAUUGCCCU,UGGGAAAUUCUCCCUUGCUG,Cleavage
1039,Chr05_23098,Eucgr.B00090.1,32061267,Eucgr.B00090,Eucgr.B00090.1.v2.0,v2.0,3.0,,1,20,759,778,CGCCAAGGGAGAAUUGCCCU,CGGGGGUUUCUUCCUUGGCG,Cleavage
1040,Chr05_23098,Eucgr.D01559.1,32051624,Eucgr.D01559,Eucgr.D01559.1.v2.0,v2.0,3.0,,1,20,1445,1464,CGCCAAGGGAGAAUUGCCCU,UGGGUCUUUCUUCCUUGGCG,Cleavage
1041,Chr06_22113,Eucgr.K00288.1,32066675,Eucgr.K00288,Eucgr.K00288.1.v2.0,v2.0,3.0,,1,21,162,182,GCUCUCUCUUCUUCCGUCACC,GGUGAUGGAGGGAGAGGGAGA,Cleavage
1042,Chr06_22113,Eucgr.K00600.3,32067098,Eucgr.K00600,Eucgr.K00600.3.v2.0,v2.0,3.0,,1,21,253,273,GCUCUCUCUUCUUCCGUCACC,GGUGACGGGAGAGAAGGGAGC,Cleavage
1043,Chr06_22113,Eucgr.K00600.1,32067096,Eucgr.K00600,Eucgr.K00600.1.v2.0,v2.0,3.0,,1,21,253,273,GCUCUCUCUUCUUCCGUCACC,GGUGACGGGAGAGAAGGGAGC,Cleavage
1044,Chr06_22113,Eucgr.K00600.2,32067097,Eucgr.K00600,Eucgr.K00600.2.v2.0,v2.0,3.0,,1,21,253,273,GCUCUCUCUUCUUCCGUCACC,GGUGACGGGAGAGAAGGGAGC,Cleavage
1045,Chr06_22113,Eucgr.C04065.1,32037412,Eucgr.C04065,Eucgr.C04065.1.v2.0,v2.0,3.0,,1,21,220,240,GCUCUCUCUUCUUCCGUCACC,GGCGGCGGAAGAAGAGGGAGG,Cleavage
1046,Chr06_22113,Eucgr.E00280.2,32030401,Eucgr.E00280,Eucgr.E00280.2.v2.0,v2.0,3.0,,1,21,189,209,GCUCUCUCUUCUUCCGUCACC,AGUGACGGAGGGGGAGAGAUC,Cleavage
1047,Chr06_22113,Eucgr.K00899.1,32067983,Eucgr.K00899,Eucgr.K00899.1.v2.0,v2.0,3.0,,1,21,202,222,GCUCUCUCUUCUUCCGUCACC,GGAGACAGAGGGAGAGAGAGC,Cleavage
1048,Chr06_22113,Eucgr.B02975.1,32061930,Eucgr.B02975,Eucgr.B02975.1.v2.0,v2.0,3.0,,1,21,449,469,GCUCUCUCUUCUUCCGUCACC,GAGGGCGGAGGAAGAGAGAGG,Cleavage
1049,Chr06_22113,Eucgr.B01230.1,32060957,Eucgr.B01230,Eucgr.B01230.1.v2.0,v2.0,3.0,,1,21,449,469,GCUCUCUCUUCUUCCGUCACC,GAGGGCGGAGGAAGAGAGAGG,Cleavage
1050,Chr06_22113,Eucgr.B01237.1,32061452,Eucgr.B01237,Eucgr.B01237.1.v2.0,v2.0,3.0,,1,21,449,469,GCUCUCUCUUCUUCCGUCACC,GAGGGCGGAGGAAGAGAGAGG,Cleavage
1051,Chr06_22113,Eucgr.F00343.1,32052708,Eucgr.F00343,Eucgr.F00343.1.v2.0,v2.0,3.0,,1,21,1361,1381,GCUCUCUCUUCUUCCGUCACC,GCUGAUGGAGGGGGAGAGAGG,Cleavage
1052,Chr06_22113,Eucgr.F00340.1,32055963,Eucgr.F00340,Eucgr.F00340.1.v2.0,v2.0,3.0,,1,21,1254,1274,GCUCUCUCUUCUUCCGUCACC,GCUGAUGGAGGGGGAGAGAGG,Cleavage
1053,Chr06_22113,Eucgr.L00991.1,32027596,Eucgr.L00991,Eucgr.L00991.1.v2.0,v2.0,3.0,,1,21,1311,1331,GCUCUCUCUUCUUCCGUCACC,GCUGAUGGAGGGGGAGAGAGG,Cleavage
1054,Chr06_22113,Eucgr.F00346.1,32054255,Eucgr.F00346,Eucgr.F00346.1.v2.0,v2.0,3.0,,1,21,1314,1334,GCUCUCUCUUCUUCCGUCACC,GCUGAUGGAGGGGGAGAGAGG,Cleavage
1055,Chr06_22113,Eucgr.F00338.1,32055537,Eucgr.F00338,Eucgr.F00338.1.v2.0,v2.0,3.0,,1,21,1311,1331,GCUCUCUCUUCUUCCGUCACC,GCUGAUGGAGGGGGAGAGAGG,Cleavage
1056,Chr06_22113,Eucgr.F00353.1,32054426,Eucgr.F00353,Eucgr.F00353.1.v2.0,v2.0,3.0,,1,21,1308,1328,GCUCUCUCUUCUUCCGUCACC,GCUGAUGGAGGGGGAGAGAGG,Cleavage
1057,Chr06_22113,Eucgr.J03156.1,32034250,Eucgr.J03156,Eucgr.J03156.1.v2.0,v2.0,3.0,,1,21,1236,1256,GCUCUCUCUUCUUCCGUCACC,GUUGAUGGGAGGGGAGAGAGG,Cleavage
1058,Chr06_22113,Eucgr.F00337.1,32054796,Eucgr.F00337,Eucgr.F00337.1.v2.0,v2.0,3.0,,1,21,1233,1253,GCUCUCUCUUCUUCCGUCACC,GCUGAUGGAGGGGGAGAGAGG,Cleavage
1059,Chr06_22113,Eucgr.J03158.1,32032220,Eucgr.J03158,Eucgr.J03158.1.v2.0,v2.0,3.0,,1,21,1203,1223,GCUCUCUCUUCUUCCGUCACC,GUUGAUGGGAGGGGAGAGAGG,Cleavage
1060,Chr06_22113,Eucgr.F00355.1,32057555,Eucgr.F00355,Eucgr.F00355.1.v2.0,v2.0,3.0,,1,21,1162,1182,GCUCUCUCUUCUUCCGUCACC,GCUGAUGGAGGGGGAGAGAGG,Cleavage
1061,Chr06_22113,Eucgr.J00798.1,32035361,Eucgr.J00798,Eucgr.J00798.1.v2.0,v2.0,3.0,,1,21,223,243,GCUCUCUCUUCUUCCGUCACC,AUUGACGGGGGGAGAGGGAGA,Cleavage
1062,Chr06_22113,Eucgr.J03154.1,32033961,Eucgr.J03154,Eucgr.J03154.1.v2.0,v2.0,3.0,,1,21,1403,1423,GCUCUCUCUUCUUCCGUCACC,AUUGAUGGGAGGGGAGAGAGG,Cleavage
1063,Chr06_22113,Eucgr.J03155.1,32034572,Eucgr.J03155,Eucgr.J03155.1.v2.0,v2.0,3.0,,1,21,1236,1256,GCUCUCUCUUCUUCCGUCACC,AUUGAUGGGAGGGGAGAGAGG,Cleavage
1064,Chr06_22113,Eucgr.E01581.1,32030837,Eucgr.E01581,Eucgr.E01581.1.v2.0,v2.0,3.0,,1,21,189,209,GCUCUCUCUUCUUCCGUCACC,CUCGGCGGAGGAAGAGAGGGU,Cleavage
1065,Chr06_22113,Eucgr.H04218.1,32044081,Eucgr.H04218,Eucgr.H04218.1.v2.0,v2.0,3.0,,1,21,3538,3558,GCUCUCUCUUCUUCCGUCACC,CUUGACGGAAGAACUGAGAGC,Cleavage
1066,Chr06_22113,Eucgr.E02546.1,32029400,Eucgr.E02546,Eucgr.E02546.1.v2.0,v2.0,3.0,,1,21,100,120,GCUCUCUCUUCUUCCGUCACC,GAUGACGGAAGGAGAGGAGGC,Cleavage
1067,Chr06_22113,Eucgr.E01169.1,32030907,Eucgr.E01169,Eucgr.E01169.1.v2.0,v2.0,3.0,,1,21,214,234,GCUCUCUCUUCUUCCGUCACC,UUUGAUGGAAGAGGAGAGGAC,Cleavage
1068,Chr06_22113,Eucgr.E00331.1,32029136,Eucgr.E00331,Eucgr.E00331.1.v2.0,v2.0,3.0,,1,21,1647,1667,GCUCUCUCUUCUUCCGUCACC,UGUGCAGGAAGAAGAGAGAGG,Cleavage
1069,Chr06_22113,Eucgr.E00331.3,32029138,Eucgr.E00331,Eucgr.E00331.3.v2.0,v2.0,3.0,,1,21,1591,1611,GCUCUCUCUUCUUCCGUCACC,UGUGCAGGAAGAAGAGAGAGG,Cleavage
1070,Chr06_22113,Eucgr.C00999.1,32039118,Eucgr.C00999,Eucgr.C00999.1.v2.0,v2.0,3.0,,1,21,1585,1605,GCUCUCUCUUCUUCCGUCACC,ACUGGCGGAGGAAGAGCGAGU,Cleavage
1071,Chr06_22113,Eucgr.E01169.3,32030909,Eucgr.E01169,Eucgr.E01169.3.v2.0,v2.0,3.0,,1,21,214,234,GCUCUCUCUUCUUCCGUCACC,UUUGAUGGAAGAGGAGAGGAC,Cleavage
1072,Chr06_22113,Eucgr.J02129.1,32032886,Eucgr.J02129,Eucgr.J02129.1.v2.0,v2.0,3.0,,1,21,1305,1325,GCUCUCUCUUCUUCCGUCACC,AGUGCCAGAAGAAGAGAGAGA,Cleavage
1073,Chr06_22113,Eucgr.E00331.2,32029137,Eucgr.E00331,Eucgr.E00331.2.v2.0,v2.0,3.0,,1,21,1644,1664,GCUCUCUCUUCUUCCGUCACC,UGUGCAGGAAGAAGAGAGAGG,Cleavage
1074,Chr06_22113,Eucgr.A00093.1,32047669,Eucgr.A00093,Eucgr.A00093.1.v2.0,v2.0,3.0,,1,21,404,424,GCUCUCUCUUCUUCCGUCACC,AGUUACAGAAGAAGAGAGAGA,Cleavage
1075,Chr06_22113,Eucgr.J02129.2,32032887,Eucgr.J02129,Eucgr.J02129.2.v2.0,v2.0,3.0,,1,21,1206,1226,GCUCUCUCUUCUUCCGUCACC,AGUGCCAGAAGAAGAGAGAGA,Cleavage
1076,Chr06_22113,Eucgr.B02106.1,32059220,Eucgr.B02106,Eucgr.B02106.1.v2.0,v2.0,3.0,,1,21,669,689,GCUCUCUCUUCUUCCGUCACC,CAUGGUGGAAGCAGAGAGAGU,Translation
1077,Chr06_22113,Eucgr.B01698.1,32059635,Eucgr.B01698,Eucgr.B01698.1.v2.0,v2.0,3.0,,1,21,616,636,GCUCUCUCUUCUUCCGUCACC,CAUGGUGGAAGCAGAGAGAGU,Translation
1078,Chr06_22113,Eucgr.F01869.1,32053301,Eucgr.F01869,Eucgr.F01869.1.v2.0,v2.0,3.0,,1,21,198,218,GCUCUCUCUUCUUCCGUCACC,UAUGAUGGAGGAGGAGAGAAC,Cleavage
1079,Chr06_22113,Eucgr.K00108.1,32069230,Eucgr.K00108,Eucgr.K00108.1.v2.0,v2.0,3.0,,1,21,793,813,GCUCUCUCUUCUUCCGUCACC,GCAUAAGGAAGAAGAGAGAGC,Cleavage
1080,Chr06_24996,Eucgr.F01759.1,32053970,Eucgr.F01759,Eucgr.F01759.1.v2.0,v2.0,3.0,,1,20,390,409,UUCCCUCAAAGGCUUCCGGU,ACCUGAAGCUUUUGAGGGCA,Cleavage
1081,Chr06_24996,Eucgr.H00430.1,32041246,Eucgr.H00430,Eucgr.H00430.1.v2.0,v2.0,3.0,,1,20,1246,1265,UUCCCUCAAAGGCUUCCGGU,UAGGGAGGCUUUUGAGGGAA,Cleavage
1082,Chr06_24996,Eucgr.A02865.1,32047133,Eucgr.A02865,Eucgr.A02865.1.v2.0,v2.0,3.0,,1,20,708,727,UUCCCUCAAAGGCUUCCGGU,CCCAGAAGCUUUUGAGGGCA,Cleavage
1083,Chr06_24998,Eucgr.F02859.1,32054225,Eucgr.F02859,Eucgr.F02859.1.v2.0,v2.0,3.0,,1,20,994,1013,AUUGGUUGCAUCUGAGGGAU,AUCCCUCGGACGCGGCCAAU,Translation
1084,Chr06_24998,Eucgr.K00641.1,32069121,Eucgr.K00641,Eucgr.K00641.1.v2.0,v2.0,3.0,,1,20,1194,1213,AUUGGUUGCAUCUGAGGGAU,GUCCCUCAGAAGCAAUCAAC,Translation
1085,Chr06_24998,Eucgr.H03528.1,32041504,Eucgr.H03528,Eucgr.H03528.1.v2.0,v2.0,3.0,,1,20,1526,1545,AUUGGUUGCAUCUGAGGGAU,UUUUCUUAGAUGUAACUGAU,Cleavage
1086,Chr06_24998,Eucgr.E00053.1,32031551,Eucgr.E00053,Eucgr.E00053.1.v2.0,v2.0,3.0,,1,20,768,787,AUUGGUUGCAUCUGAGGGAU,CUACCUCAGAUGCAAUUAAG,Cleavage
1087,Chr06_24998,Eucgr.E04075.1,32030823,Eucgr.E04075,Eucgr.E04075.1.v2.0,v2.0,3.0,,1,20,1430,1449,AUUGGUUGCAUCUGAGGGAU,UUGCUUUAGGUGCAGCCAAU,Cleavage
1088,Chr06_24998,Eucgr.D00785.1,32050354,Eucgr.D00785,Eucgr.D00785.1.v2.0,v2.0,3.0,,1,20,637,656,AUUGGUUGCAUCUGAGGGAU,GUACCUAAGAUGCAAUCAGU,Cleavage
1089,Chr06_24998,Eucgr.E00547.2,32030312,Eucgr.E00547,Eucgr.E00547.2.v2.0,v2.0,3.0,,1,20,679,698,AUUGGUUGCAUCUGAGGGAU,GUACCUGAGAUGCAAUCAGU,Cleavage
1090,Chr06_24998,Eucgr.E00547.1,32030311,Eucgr.E00547,Eucgr.E00547.1.v2.0,v2.0,3.0,,1,20,679,698,AUUGGUUGCAUCUGAGGGAU,GUACCUGAGAUGCAAUCAGU,Cleavage
1091,Chr07_27100,Eucgr.C01780.1,32037122,Eucgr.C01780,Eucgr.C01780.1.v2.0,v2.0,3.0,,1,22,1134,1155,GUUAUUGACGUCAAGAGAUCGA,UUCAUCUUUUGAUGUCAUUGAC,Cleavage
1092,Chr07_27100,Eucgr.F00123.1,32056241,Eucgr.F00123,Eucgr.F00123.1.v2.0,v2.0,3.0,,1,22,2187,2208,GUUAUUGACGUCAAGAGAUCGA,UCUAUUAUUUGAUGUUAAUAAC,Cleavage
1093,Chr07_27100,Eucgr.F00123.2,32056242,Eucgr.F00123,Eucgr.F00123.2.v2.0,v2.0,3.0,,1,22,2303,2324,GUUAUUGACGUCAAGAGAUCGA,UCUAUUAUUUGAUGUUAAUAAC,Cleavage
1094,Chr07_27100,Eucgr.J01189.1,32035036,Eucgr.J01189,Eucgr.J01189.1.v2.0,v2.0,3.0,,1,22,1183,1204,GUUAUUGACGUCAAGAGAUCGA,GUUAUUUCUUGACGUAAAUGAU,Cleavage
1095,Chr07_27100,Eucgr.J02495.1,32032271,Eucgr.J02495,Eucgr.J02495.1.v2.0,v2.0,3.0,,1,22,1132,1153,GUUAUUGACGUCAAGAGAUCGA,AUUAUGUCUUGGUGUCGAUGAC,Cleavage
1096,Chr07_27268,Eucgr.B00707.1,32060727,Eucgr.B00707,Eucgr.B00707.1.v2.0,v2.0,3.0,,1,21,97,117,AGAUCUGGGCCGCCGCGGCUC,GAGCUCCGGCGGUCCAGAUCC,Cleavage
1097,Chr07_27268,Eucgr.B00707.2,32060728,Eucgr.B00707,Eucgr.B00707.2.v2.0,v2.0,3.0,,1,21,97,117,AGAUCUGGGCCGCCGCGGCUC,GAGCUCCGGCGGUCCAGAUCC,Cleavage
1098,Chr07_27268,Eucgr.B00707.3,32060729,Eucgr.B00707,Eucgr.B00707.3.v2.0,v2.0,3.0,,1,21,97,117,AGAUCUGGGCCGCCGCGGCUC,GAGCUCCGGCGGUCCAGAUCC,Cleavage
1099,Chr07_27268,Eucgr.F03427.3,32054001,Eucgr.F03427,Eucgr.F03427.3.v2.0,v2.0,3.0,,1,21,36,56,AGAUCUGGGCCGCCGCGGCUC,GGCUCGCGGCGGCCCAGAUGU,Cleavage
1100,Chr07_27268,Eucgr.H01686.1,32043305,Eucgr.H01686,Eucgr.H01686.1.v2.0,v2.0,3.0,,1,21,134,154,AGAUCUGGGCCGCCGCGGCUC,CCGCCGCGGCGGCGCAGAUUA,Cleavage
1101,Chr07_27268,Eucgr.F02609.1,32055001,Eucgr.F02609,Eucgr.F02609.1.v2.0,v2.0,3.0,,1,21,27,47,AGAUCUGGGCCGCCGCGGCUC,AUGCUGCGGCGGACCGGAUUU,Cleavage
1102,Chr07_27268,Eucgr.C00667.1,32036767,Eucgr.C00667,Eucgr.C00667.1.v2.0,v2.0,3.0,,1,21,118,138,AGAUCUGGGCCGCCGCGGCUC,CGGCGGCGGCGGCCCGGAGCU,Cleavage
1103,Chr07_27268,Eucgr.C00667.2,32036768,Eucgr.C00667,Eucgr.C00667.2.v2.0,v2.0,3.0,,1,21,118,138,AGAUCUGGGCCGCCGCGGCUC,CGGCGGCGGCGGCCCGGAGCU,Cleavage
1104,Chr07_27268,Eucgr.J02354.1,32032661,Eucgr.J02354,Eucgr.J02354.1.v2.0,v2.0,3.0,,1,21,508,528,AGAUCUGGGCCGCCGCGGCUC,UCUUCGAGGCGGCCCAGGUCU,Cleavage
1105,Chr07_27909,Eucgr.H02967.1,32045399,Eucgr.H02967,Eucgr.H02967.1.v2.0,v2.0,3.0,,1,22,490,511,UCCCUUUGGAUGUCGUCGUGCG,AACACGGCGACGUCGAAAGGGG,Cleavage
1106,Chr07_27909,Eucgr.I01660.1,32063743,Eucgr.I01660,Eucgr.I01660.1.v2.0,v2.0,3.0,,1,22,2688,2709,UCCCUUUGGAUGUCGUCGUGCG,UUCACGAAGAUGUUCAAGGGGA,Cleavage
1107,Chr07_27909,Eucgr.E02959.1,32063281,Eucgr.E02959,Eucgr.E02959.1.v2.0,v2.0,3.0,,1,22,255,276,UCCCUUUGGAUGUCGUCGUGCG,UUGCCGACGGCAUCCAAGGGGC,Cleavage
1108,Chr07_27909,Eucgr.K01238.2,32069322,Eucgr.K01238,Eucgr.K01238.2.v2.0,v2.0,3.0,,1,22,305,326,UCCCUUUGGAUGUCGUCGUGCG,UGGAUGAAGACAUUCGAGGGGA,Cleavage
1109,Chr07_27909,Eucgr.A02781.1,32047533,Eucgr.A02781,Eucgr.A02781.1.v2.0,v2.0,3.0,,1,22,1220,1241,UCCCUUUGGAUGUCGUCGUGCG,UUGACGGCGACAGCCAAGGGGG,Translation
1110,Chr07_27909,Eucgr.A02779.1,32046411,Eucgr.A02779,Eucgr.A02779.1.v2.0,v2.0,3.0,,1,22,241,262,UCCCUUUGGAUGUCGUCGUGCG,UUGACGGCGACAGCCAAGGGGG,Translation
1111,Chr07_27909,Eucgr.B01553.1,32060056,Eucgr.B01553,Eucgr.B01553.1.v2.0,v2.0,3.0,,1,22,956,977,UCCCUUUGGAUGUCGUCGUGCG,AGAACAUUGACAUCCGAAGGGA,Cleavage
1112,Chr07_28550,Eucgr.B01260.1,32061393,Eucgr.B01260,Eucgr.B01260.1.v2.0,v2.0,3.0,,1,20,1860,1879,UGUGUUUUCAGGUCACCCCU,AAGGGUGAUCUGGAAGUACA,Cleavage
1113,Chr07_28550,Eucgr.K01192.1,32069172,Eucgr.K01192,Eucgr.K01192.1.v2.0,v2.0,3.0,,1,20,804,823,UGUGUUUUCAGGUCACCCCU,CAGGGUGAUCUGAGAGCAUA,Cleavage
1114,Chr07_28550,Eucgr.C04008.1,32038732,Eucgr.C04008,Eucgr.C04008.1.v2.0,v2.0,3.0,,1,20,760,779,UGUGUUUUCAGGUCACCCCU,CUGGGUGACCUGAAAGCUCA,Cleavage
1115,Chr07_28550,Eucgr.G01740.1,32070770,Eucgr.G01740,Eucgr.G01740.1.v2.0,v2.0,3.0,,1,20,2005,2024,UGUGUUUUCAGGUCACCCCU,CGGGAUGACCUGGAGACACU,Cleavage
1116,Chr07_28550,Eucgr.E04129.1,32028827,Eucgr.E04129,Eucgr.E04129.1.v2.0,v2.0,3.0,,1,20,520,539,UGUGUUUUCAGGUCACCCCU,UGGGGGGAUCUGAGAACAUG,Cleavage
1117,Chr07_28550,Eucgr.E04128.1,32031154,Eucgr.E04128,Eucgr.E04128.1.v2.0,v2.0,3.0,,1,20,601,620,UGUGUUUUCAGGUCACCCCU,UGGGGGGAUCUGAGAACAUG,Cleavage
1118,Chr07_28550,Eucgr.E03745.1,32030750,Eucgr.E03745,Eucgr.E03745.1.v2.0,v2.0,3.0,,1,20,699,718,UGUGUUUUCAGGUCACCCCU,UGGGGGGAUCUGAGAACAUG,Cleavage
1119,Chr07_28646,Eucgr.H03480.2,32043575,Eucgr.H03480,Eucgr.H03480.2.v2.0,v2.0,3.0,,1,20,2389,2408,UGCCUGGCUCCCUGUAUGCC,AGCCUAUCGGGAGCCAGGCA,Cleavage
1120,Chr07_28646,Eucgr.H03480.1,32043574,Eucgr.H03480,Eucgr.H03480.1.v2.0,v2.0,3.0,,1,20,2491,2510,UGCCUGGCUCCCUGUAUGCC,AGCCUAUCGGGAGCCAGGCA,Cleavage
1121,Chr07_30125,Eucgr.C04158.1,32036479,Eucgr.C04158,Eucgr.C04158.1.v2.0,v2.0,3.0,,1,22,596,617,AUUCUCCUGAACACUUCAAUGG,CUGUUGGUGUUUUCAGGAGAAU,Cleavage
1122,Chr07_30125,Eucgr.E03954.1,32028179,Eucgr.E03954,Eucgr.E03954.1.v2.0,v2.0,3.0,,1,22,136,157,AUUCUCCUGAACACUUCAAUGG,AAAUGGAAGUGUUCAGGAGGGC,Cleavage
1123,Chr07_30125,Eucgr.E00552.1,32030164,Eucgr.E00552,Eucgr.E00552.1.v2.0,v2.0,3.0,,1,22,2231,2252,AUUCUCCUGAACACUUCAAUGG,UAGUUGAAGUUUUCAGGAUAAU,Cleavage
1124,Chr07_30125,Eucgr.D01851.1,32051430,Eucgr.D01851,Eucgr.D01851.1.v2.0,v2.0,3.0,,1,22,4548,4569,AUUCUCCUGAACACUUCAAUGG,CAUUUGAGGUGUCCAGGAGAAC,Translation
1125,Chr07_30125,Eucgr.E02662.1,32031270,Eucgr.E02662,Eucgr.E02662.1.v2.0,v2.0,3.0,,1,22,2259,2280,AUUCUCCUGAACACUUCAAUGG,GGUUAGAAGUGUUCAGGGCAAU,Cleavage
1126,Chr07_30134,Eucgr.H05012.1,32071021,Eucgr.H05012,Eucgr.H05012.1.v2.0,v2.0,3.0,,1,22,543,564,GUGAAGUGUUUGGGGGAACUCC,GAAGUUCCCUCAAAUACUUUCC,Cleavage
1127,Chr07_30134,Eucgr.H03574.1,32042159,Eucgr.H03574,Eucgr.H03574.1.v2.0,v2.0,3.0,,1,22,1093,1114,GUGAAGUGUUUGGGGGAACUCC,GCAGUUCACUCAAACGCUUCAG,Cleavage
1128,Chr07_30134,Eucgr.G00476.3,32073164,Eucgr.G00476,Eucgr.G00476.3.v2.0,v2.0,3.0,,1,22,643,664,GUGAAGUGUUUGGGGGAACUCC,UUGGUUCUUCUGGGCACUUCAC,Cleavage
1129,Chr07_30134,Eucgr.G00476.2,32073163,Eucgr.G00476,Eucgr.G00476.2.v2.0,v2.0,3.0,,1,22,643,664,GUGAAGUGUUUGGGGGAACUCC,UUGGUUCUUCUGGGCACUUCAC,Cleavage
1130,Chr07_30134,Eucgr.G00476.1,32073162,Eucgr.G00476,Eucgr.G00476.1.v2.0,v2.0,3.0,,1,22,643,664,GUGAAGUGUUUGGGGGAACUCC,UUGGUUCUUCUGGGCACUUCAC,Cleavage
1131,Chr07_30134,Eucgr.H00886.1,32045622,Eucgr.H00886,Eucgr.H00886.1.v2.0,v2.0,3.0,,1,22,1361,1382,GUGAAGUGUUUGGGGGAACUCC,UACGUUCCCCCGAGCAUCUCAC,Cleavage
1132,Chr07_30134,Eucgr.H00959.1,32053935,Eucgr.H00959,Eucgr.H00959.1.v2.0,v2.0,3.0,,1,22,901,922,GUGAAGUGUUUGGGGGAACUCC,GAGGAUUUCUCAAACACUUCAU,Cleavage
1133,Chr07_30134,Eucgr.H01305.1,32044328,Eucgr.H01305,Eucgr.H01305.1.v2.0,v2.0,3.0,,1,22,221,242,GUGAAGUGUUUGGGGGAACUCC,GGUGUUCGACCAAAUGCUUCAC,Cleavage
1134,Chr07_30134,Eucgr.F00357.1,32055088,Eucgr.F00357,Eucgr.F00357.1.v2.0,v2.0,3.0,,1,22,26,47,GUGAAGUGUUUGGGGGAACUCC,UCGGUUCCGCCAAAAGCUUCAC,Cleavage
1135,Chr07_30134,Eucgr.H04609.1,32040715,Eucgr.H04609,Eucgr.H04609.1.v2.0,v2.0,3.0,,1,22,413,434,GUGAAGUGUUUGGGGGAACUCC,ACUGUCUCCCUAAGCAUUUCAC,Cleavage
1136,Chr08_30381,Eucgr.I02762.3,32062847,Eucgr.I02762,Eucgr.I02762.3.v2.0,v2.0,3.0,,1,20,845,864,UUAGAUGACCAUCAACGGAC,CUGCGUUGAUGGUCAUCAAG,Cleavage
1137,Chr08_30381,Eucgr.I02762.2,32062846,Eucgr.I02762,Eucgr.I02762.2.v2.0,v2.0,3.0,,1,20,845,864,UUAGAUGACCAUCAACGGAC,CUGCGUUGAUGGUCAUCAAG,Cleavage
1138,Chr08_30381,Eucgr.I02762.1,32062845,Eucgr.I02762,Eucgr.I02762.1.v2.0,v2.0,3.0,,1,20,845,864,UUAGAUGACCAUCAACGGAC,CUGCGUUGAUGGUCAUCAAG,Cleavage
1139,Chr08_30632,Eucgr.B00199.2,32060877,Eucgr.B00199,Eucgr.B00199.2.v2.0,v2.0,3.0,,1,20,292,311,UUGAGGUCGUGGGUUUGCGU,AUGAAGACCCACGACCUCAU,Cleavage
1140,Chr08_30632,Eucgr.B00204.2,32060380,Eucgr.B00204,Eucgr.B00204.2.v2.0,v2.0,3.0,,1,20,593,612,UUGAGGUCGUGGGUUUGCGU,AUGAAGACCCACGACCUCAU,Cleavage
1141,Chr08_30632,Eucgr.B00204.1,32060379,Eucgr.B00204,Eucgr.B00204.1.v2.0,v2.0,3.0,,1,20,511,530,UUGAGGUCGUGGGUUUGCGU,AUGAAGACCCACGACCUCAU,Cleavage
1142,Chr08_30632,Eucgr.B00199.1,32060876,Eucgr.B00199,Eucgr.B00199.1.v2.0,v2.0,3.0,,1,20,317,336,UUGAGGUCGUGGGUUUGCGU,AUGAAGACCCACGACCUCAU,Cleavage
1143,Chr08_30632,Eucgr.B01015.1,32058854,Eucgr.B01015,Eucgr.B01015.1.v2.0,v2.0,3.0,,1,20,445,464,UUGAGGUCGUGGGUUUGCGU,AUGAAGACCCACGACCUCAU,Cleavage
1144,Chr08_30632,Eucgr.B00198.1,32058760,Eucgr.B00198,Eucgr.B00198.1.v2.0,v2.0,3.0,,1,20,420,439,UUGAGGUCGUGGGUUUGCGU,AUGAAAACCCACGACCUCGC,Cleavage
1145,Chr08_30632,Eucgr.B00195.1,32059076,Eucgr.B00195,Eucgr.B00195.1.v2.0,v2.0,3.0,,1,20,38,57,UUGAGGUCGUGGGUUUGCGU,AUGAAAACCCACGACCUCGC,Cleavage
1146,Chr08_30632,Eucgr.B00203.1,32058855,Eucgr.B00203,Eucgr.B00203.1.v2.0,v2.0,3.0,,1,20,226,245,UUGAGGUCGUGGGUUUGCGU,AUGAAAACCCACGACCUCGC,Cleavage
1147,Chr08_30632,Eucgr.L03100.1,32035822,Eucgr.L03100,Eucgr.L03100.1.v2.0,v2.0,3.0,,1,20,421,440,UUGAGGUCGUGGGUUUGCGU,AUGAAAACCCACGACCUCGC,Cleavage
1148,Chr08_30632,Eucgr.L00981.1,32040628,Eucgr.L00981,Eucgr.L00981.1.v2.0,v2.0,3.0,,1,20,292,311,UUGAGGUCGUGGGUUUGCGU,AUGAAGACCCACGACCUCAU,Cleavage
1149,Chr08_30632,Eucgr.H00933.1,32054224,Eucgr.H00933,Eucgr.H00933.1.v2.0,v2.0,3.0,,1,20,257,276,UUGAGGUCGUGGGUUUGCGU,ACCCGAACCUGCGACUUCAA,Cleavage
1150,Chr08_30632,Eucgr.D01066.2,32049592,Eucgr.D01066,Eucgr.D01066.2.v2.0,v2.0,3.0,,1,20,95,114,UUGAGGUCGUGGGUUUGCGU,UGGCGAAUCCAUGACUUCAA,Cleavage
1151,Chr08_30632,Eucgr.D01066.1,32049591,Eucgr.D01066,Eucgr.D01066.1.v2.0,v2.0,3.0,,1,20,95,114,UUGAGGUCGUGGGUUUGCGU,UGGCGAAUCCAUGACUUCAA,Cleavage
1152,Chr08_30632,Eucgr.K00143.1,32068827,Eucgr.K00143,Eucgr.K00143.1.v2.0,v2.0,3.0,,1,20,109,128,UUGAGGUCGUGGGUUUGCGU,UCGCAGACCGACGAUCUCGA,Translation
1153,Chr08_30632,Eucgr.K00143.2,32068828,Eucgr.K00143,Eucgr.K00143.2.v2.0,v2.0,3.0,,1,20,109,128,UUGAGGUCGUGGGUUUGCGU,UCGCAGACCGACGAUCUCGA,Translation
1154,Chr08_30632,Eucgr.E04371.1,32031203,Eucgr.E04371,Eucgr.E04371.1.v2.0,v2.0,3.0,,1,20,360,379,UUGAGGUCGUGGGUUUGCGU,GCGAAAAUCCACGGCCUCAC,Cleavage
1155,Chr08_30632,Eucgr.E02039.1,32031079,Eucgr.E02039,Eucgr.E02039.1.v2.0,v2.0,3.0,,1,20,54,73,UUGAGGUCGUGGGUUUGCGU,GCGAAAAUCCACGGCCUCAC,Cleavage
1156,Chr08_30632,Eucgr.K01324.1,32067032,Eucgr.K01324,Eucgr.K01324.1.v2.0,v2.0,3.0,,1,20,505,524,UUGAGGUCGUGGGUUUGCGU,GCUCGAAUCUACGACUUCAA,Cleavage
1157,Chr08_30632,Eucgr.L03511.1,32057940,Eucgr.L03511,Eucgr.L03511.1.v2.0,v2.0,3.0,,1,20,601,620,UUGAGGUCGUGGGUUUGCGU,UUGAAGACCCACGACCUCAU,Cleavage
1158,Chr08_30632,Eucgr.B00205.1,32060149,Eucgr.B00205,Eucgr.B00205.1.v2.0,v2.0,3.0,,1,20,310,329,UUGAGGUCGUGGGUUUGCGU,UUGAAGACCCACGACCUCAU,Cleavage
1159,Chr08_30632,Eucgr.B00200.1,32058629,Eucgr.B00200,Eucgr.B00200.1.v2.0,v2.0,3.0,,1,20,152,171,UUGAGGUCGUGGGUUUGCGU,UUGAAGACCCACGACCUCAU,Cleavage
1160,Chr08_30632,Eucgr.B00206.1,32060073,Eucgr.B00206,Eucgr.B00206.1.v2.0,v2.0,3.0,,1,20,229,248,UUGAGGUCGUGGGUUUGCGU,UUGAAGACCCACGACCUCAU,Cleavage
1161,Chr08_30632,Eucgr.B00207.1,32058838,Eucgr.B00207,Eucgr.B00207.1.v2.0,v2.0,3.0,,1,20,310,329,UUGAGGUCGUGGGUUUGCGU,UUGAAGACCCACGACCUCAU,Cleavage
1162,Chr08_30632,Eucgr.B01014.1,32060022,Eucgr.B01014,Eucgr.B01014.1.v2.0,v2.0,3.0,,1,20,334,353,UUGAGGUCGUGGGUUUGCGU,UUGAAGACCCACGACCUCAU,Cleavage
1163,Chr08_30632,Eucgr.B00201.1,32060721,Eucgr.B00201,Eucgr.B00201.1.v2.0,v2.0,3.0,,1,20,151,170,UUGAGGUCGUGGGUUUGCGU,UUGAAGACCCACGACCUCAU,Cleavage
1164,Chr08_30632,Eucgr.B01897.1,32061891,Eucgr.B01897,Eucgr.B01897.1.v2.0,v2.0,3.0,,1,20,310,329,UUGAGGUCGUGGGUUUGCGU,UUGAAGACCCACGACCUCAU,Cleavage
1165,Chr08_30632,Eucgr.I00704.1,32062616,Eucgr.I00704,Eucgr.I00704.1.v2.0,v2.0,3.0,,1,20,499,518,UUGAGGUCGUGGGUUUGCGU,UCGCCCGCCCGCGACCUCAA,Cleavage
1166,Chr08_30829,Eucgr.J00373.1,32035079,Eucgr.J00373,Eucgr.J00373.1.v2.0,v2.0,3.0,,1,22,528,549,UCCGUCAUGAGCAUUGUAGCUA,UGGCUGCGGUGCUCAUGGCGGC,Cleavage
1167,Chr08_30829,Eucgr.E01445.2,32029049,Eucgr.E01445,Eucgr.E01445.2.v2.0,v2.0,3.0,,1,22,712,733,UCCGUCAUGAGCAUUGUAGCUA,UAUUUACGAUGCUUAUGAAGGA,Cleavage
1168,Chr08_30829,Eucgr.E01445.1,32029048,Eucgr.E01445,Eucgr.E01445.1.v2.0,v2.0,3.0,,1,22,712,733,UCCGUCAUGAGCAUUGUAGCUA,UAUUUACGAUGCUUAUGAAGGA,Cleavage
1169,Chr08_30829,Eucgr.D01599.1,32029141,Eucgr.D01599,Eucgr.D01599.1.v2.0,v2.0,3.0,,1,22,566,587,UCCGUCAUGAGCAUUGUAGCUA,AACUUACAAAGCUCAUGGUGGA,Cleavage
1170,Chr08_30829,Eucgr.D01599.2,32029142,Eucgr.D01599,Eucgr.D01599.2.v2.0,v2.0,3.0,,1,22,566,587,UCCGUCAUGAGCAUUGUAGCUA,AACUUACAAAGCUCAUGGUGGA,Cleavage
1171,Chr08_30829,Eucgr.D01587.1,32030289,Eucgr.D01587,Eucgr.D01587.1.v2.0,v2.0,3.0,,1,22,185,206,UCCGUCAUGAGCAUUGUAGCUA,AACUUACAAAGCUCAUGGUGGA,Cleavage
1172,Chr08_30829,Eucgr.F02230.2,32057271,Eucgr.F02230,Eucgr.F02230.2.v2.0,v2.0,3.0,,1,22,872,895,UCCGUCAUGAGCAUU--GUAGCUA,GUUCUACUAAAUGCUCAUGAUGGA,Cleavage
1173,Chr08_30829,Eucgr.F02230.1,32057270,Eucgr.F02230,Eucgr.F02230.1.v2.0,v2.0,3.0,,1,22,872,895,UCCGUCAUGAGCAUU--GUAGCUA,GUUCUACUAAAUGCUCAUGAUGGA,Cleavage
1174,Chr08_30829,Eucgr.H04089.1,32041193,Eucgr.H04089,Eucgr.H04089.1.v2.0,v2.0,3.0,,1,22,5207,5228,UCCGUCAUGAGCAUUGUAGCUA,GUCCUACGAUGUUCUUGAUGGA,Cleavage
1175,Chr08_31426,Eucgr.D01599.2,32029142,Eucgr.D01599,Eucgr.D01599.2.v2.0,v2.0,3.0,,1,20,418,437,UUGGUUUUGAGCUUGACAUC,GAUGUUAAGCUAAAGACCGA,Cleavage
1176,Chr08_31426,Eucgr.D01599.1,32029141,Eucgr.D01599,Eucgr.D01599.1.v2.0,v2.0,3.0,,1,20,418,437,UUGGUUUUGAGCUUGACAUC,GAUGUUAAGCUAAAGACCGA,Cleavage
1177,Chr08_31426,Eucgr.C02470.1,32036988,Eucgr.C02470,Eucgr.C02470.1.v2.0,v2.0,3.0,,1,20,391,410,UUGGUUUUGAGCUUGACAUC,GAUGUCAAGCUUAAAUCUGA,Cleavage
1178,Chr08_31426,Eucgr.F02611.1,32053517,Eucgr.F02611,Eucgr.F02611.1.v2.0,v2.0,3.0,,1,20,941,960,UUGGUUUUGAGCUUGACAUC,GAUGCCAAGCUCAAGGCCAC,Cleavage
1179,Chr08_31426,Eucgr.C00538.1,32036875,Eucgr.C00538,Eucgr.C00538.1.v2.0,v2.0,3.0,,1,20,484,503,UUGGUUUUGAGCUUGACAUC,GAUGCCAAGCUCAAGGCCAC,Cleavage
1180,Chr08_31426,Eucgr.I02304.1,32064963,Eucgr.I02304,Eucgr.I02304.1.v2.0,v2.0,3.0,,1,20,6016,6035,UUGGUUUUGAGCUUGACAUC,GAUUUCAAGUUCAGGACUAA,Cleavage
1181,Chr08_31426,Eucgr.D00250.1,32049948,Eucgr.D00250,Eucgr.D00250.1.v2.0,v2.0,3.0,,1,20,2056,2075,UUGGUUUUGAGCUUGACAUC,GCUGUCAAGUUUAAAACUGA,Cleavage
1182,Chr08_31426,Eucgr.F02533.1,32056120,Eucgr.F02533,Eucgr.F02533.1.v2.0,v2.0,3.0,,1,20,325,344,UUGGUUUUGAGCUUGACAUC,GAUGUGAAGCUCAAAACUCA,Cleavage
1183,Chr08_31426,Eucgr.C03974.1,32040070,Eucgr.C03974,Eucgr.C03974.1.v2.0,v2.0,3.0,,1,20,603,622,UUGGUUUUGAGCUUGACAUC,GAUCUUAAGCUCAAAACUGG,Cleavage
1184,Chr08_31426,Eucgr.F02125.1,32054705,Eucgr.F02125,Eucgr.F02125.1.v2.0,v2.0,3.0,,1,20,173,192,UUGGUUUUGAGCUUGACAUC,GGUGUCUGGCUCAAAAUCAG,Cleavage
1185,Chr08_31426,Eucgr.B03431.1,32058408,Eucgr.B03431,Eucgr.B03431.1.v2.0,v2.0,3.0,,1,20,1576,1595,UUGGUUUUGAGCUUGACAUC,AUUGUUAAGCUCAAGACUGA,Cleavage
1186,Chr08_31426,Eucgr.G00745.1,32072753,Eucgr.G00745,Eucgr.G00745.1.v2.0,v2.0,3.0,,1,20,956,975,UUGGUUUUGAGCUUGACAUC,UCUGUCAAGAUCAAAACCGA,Translation
1187,Chr08_31426,Eucgr.F00618.1,32054348,Eucgr.F00618,Eucgr.F00618.1.v2.0,v2.0,3.0,,1,20,9,28,UUGGUUUUGAGCUUGACAUC,UUUGUCAACUUCAAAACCAA,Cleavage
1188,Chr08_31426,Eucgr.E00693.1,32031143,Eucgr.E00693,Eucgr.E00693.1.v2.0,v2.0,3.0,,1,20,1754,1773,UUGGUUUUGAGCUUGACAUC,GAUUCCAAGCUUAAAAUCAA,Cleavage
1189,Chr08_31426,Eucgr.K02448.1,32069520,Eucgr.K02448,Eucgr.K02448.1.v2.0,v2.0,3.0,,1,20,816,835,UUGGUUUUGAGCUUGACAUC,AACGAUAAGCUCAAAACCGA,Cleavage
1190,Chr08_31426,Eucgr.K02448.2,32069521,Eucgr.K02448,Eucgr.K02448.2.v2.0,v2.0,3.0,,1,20,812,831,UUGGUUUUGAGCUUGACAUC,AACGAUAAGCUCAAAACCGA,Cleavage
1191,Chr08_31426,Eucgr.F03507.4,32053746,Eucgr.F03507,Eucgr.F03507.4.v2.0,v2.0,3.0,,1,20,3194,3213,UUGGUUUUGAGCUUGACAUC,AACGUUGAGUUCAAGACCAA,Cleavage
1192,Chr08_31426,Eucgr.G02771.1,32070264,Eucgr.G02771,Eucgr.G02771.1.v2.0,v2.0,3.0,,1,20,837,856,UUGGUUUUGAGCUUGACAUC,CAUUUCAGGCUUAAAAUUAA,Cleavage
1193,Chr08_31426,Eucgr.B01530.2,32059035,Eucgr.B01530,Eucgr.B01530.2.v2.0,v2.0,3.0,,1,20,1363,1382,UUGGUUUUGAGCUUGACAUC,UAUGCUAAGUUCAGGACCAA,Cleavage
1194,Chr08_31426,Eucgr.B01530.1,32059034,Eucgr.B01530,Eucgr.B01530.1.v2.0,v2.0,3.0,,1,20,1362,1381,UUGGUUUUGAGCUUGACAUC,UAUGCUAAGUUCAGGACCAA,Cleavage
1195,Chr08_31426,Eucgr.B01530.3,32059036,Eucgr.B01530,Eucgr.B01530.3.v2.0,v2.0,3.0,,1,20,1362,1381,UUGGUUUUGAGCUUGACAUC,UAUGCUAAGUUCAGGACCAA,Cleavage
1196,Chr08_31426,Eucgr.E02396.1,32029070,Eucgr.E02396,Eucgr.E02396.1.v2.0,v2.0,3.0,,1,20,1012,1031,UUGGUUUUGAGCUUGACAUC,UGUCUCAAGUUCAAAACUGA,Cleavage
1197,Chr08_31426,Eucgr.F03272.1,32054975,Eucgr.F03272,Eucgr.F03272.1.v2.0,v2.0,3.0,,1,20,1997,2016,UUGGUUUUGAGCUUGACAUC,AGUGUUCAGCUCAAAAUCGA,Cleavage
1198,Chr08_31426,Eucgr.B00634.1,32060786,Eucgr.B00634,Eucgr.B00634.1.v2.0,v2.0,3.0,,1,20,652,671,UUGGUUUUGAGCUUGACAUC,CAUGCUAAGCUCAAGGCCAG,Cleavage
1199,Chr08_31426,Eucgr.B00634.2,32060787,Eucgr.B00634,Eucgr.B00634.2.v2.0,v2.0,3.0,,1,20,500,519,UUGGUUUUGAGCUUGACAUC,CAUGCUAAGCUCAAGGCCAG,Cleavage
1200,Chr08_33849,Eucgr.K02574.1,32067515,Eucgr.K02574,Eucgr.K02574.1.v2.0,v2.0,3.0,,1,22,618,639,UGGACCUGAUUCAUGCAUUCUC,AGGAAUCCACGAAUCGGGUCCA,Cleavage
1201,Chr08_33849,Eucgr.J01246.1,32033916,Eucgr.J01246,Eucgr.J01246.1.v2.0,v2.0,3.0,,1,22,142,163,UGGACCUGAUUCAUGCAUUCUC,GAAACUGCAUGAAUCAUGUCUA,Cleavage
1202,Chr08_33849,Eucgr.A01463.1,32048079,Eucgr.A01463,Eucgr.A01463.1.v2.0,v2.0,3.0,,1,22,3110,3131,UGGACCUGAUUCAUGCAUUCUC,GGCAAUUCAUGAAUUAGGUUUG,Cleavage
1203,Chr08_33849,Eucgr.A02577.1,32047009,Eucgr.A02577,Eucgr.A02577.1.v2.0,v2.0,3.0,,1,22,123,144,UGGACCUGAUUCAUGCAUUCUC,AUCAUUGCAUGAAUCAGGUUUU,Cleavage
1204,Chr08_33849,Eucgr.L02536.1,32035897,Eucgr.L02536,Eucgr.L02536.1.v2.0,v2.0,3.0,,1,22,543,564,UGGACCUGAUUCAUGCAUUCUC,ACUGGUGCUUGGAUCAGGUUCA,Cleavage
1205,Chr08_33849,Eucgr.H00344.1,32043845,Eucgr.H00344,Eucgr.H00344.1.v2.0,v2.0,3.0,,1,22,543,564,UGGACCUGAUUCAUGCAUUCUC,ACUGGUGCUUGGAUCAGGUUCA,Cleavage
1206,Chr08_34494,Eucgr.B03433.1,32062044,Eucgr.B03433,Eucgr.B03433.1.v2.0,v2.0,3.0,,1,20,663,682,AAUUGUUGUACUUGUUGGAA,UUUCAACAAGUCUGACAAUU,Cleavage
1207,Chr08_34494,Eucgr.A02083.2,32048687,Eucgr.A02083,Eucgr.A02083.2.v2.0,v2.0,3.0,,1,20,1390,1409,AAUUGUUGUACUUGUUGGAA,CUCCAACAAGUACAACAGCA,Cleavage
1208,Chr08_34494,Eucgr.A02083.1,32048686,Eucgr.A02083,Eucgr.A02083.1.v2.0,v2.0,3.0,,1,20,1742,1761,AAUUGUUGUACUUGUUGGAA,CUCCAACAAGUACAACAGCA,Cleavage
1209,Chr08_34494,Eucgr.C02482.1,32037807,Eucgr.C02482,Eucgr.C02482.1.v2.0,v2.0,3.0,,1,20,17,36,AAUUGUUGUACUUGUUGGAA,CACCAACAAGUGCAAUAAUG,Cleavage
1210,Chr08_34494,Eucgr.H02825.1,32045303,Eucgr.H02825,Eucgr.H02825.1.v2.0,v2.0,3.0,,1,20,146,165,AAUUGUUGUACUUGUUGGAA,CACCAACAAGUGCAAUAAUG,Cleavage
1211,Chr08_34494,Eucgr.C02488.1,32040005,Eucgr.C02488,Eucgr.C02488.1.v2.0,v2.0,3.0,,1,20,876,895,AAUUGUUGUACUUGUUGGAA,CACCAACAAGUGCAAUAAUG,Cleavage
1212,Chr08_34494,Eucgr.K01444.1,32067664,Eucgr.K01444,Eucgr.K01444.1.v2.0,v2.0,3.0,,1,20,808,827,AAUUGUUGUACUUGUUGGAA,UUCCUAUGAGUGCAGCAAUU,Cleavage
1213,Chr08_34494,Eucgr.K01450.1,32068152,Eucgr.K01450,Eucgr.K01450.1.v2.0,v2.0,3.0,,1,20,995,1014,AAUUGUUGUACUUGUUGGAA,UUCCUAUGAGUGCAGCAAUU,Cleavage
1214,Chr08_34494,Eucgr.C03126.1,32036901,Eucgr.C03126,Eucgr.C03126.1.v2.0,v2.0,3.0,,1,20,407,426,AAUUGUUGUACUUGUUGGAA,CCUCAACAAGUGCAGUAAUU,Cleavage
1215,Chr08_34494,Eucgr.K01427.1,32068978,Eucgr.K01427,Eucgr.K01427.1.v2.0,v2.0,3.0,,1,20,29,48,AAUUGUUGUACUUGUUGGAA,CACCGACGGGUACAAUAAUU,Cleavage
1216,Chr08_34494,Eucgr.K00185.2,32069574,Eucgr.K00185,Eucgr.K00185.2.v2.0,v2.0,3.0,,1,20,1940,1959,AAUUGUUGUACUUGUUGGAA,GGUCAGCAGGUGCAACAAUU,Cleavage
1217,Chr08_34494,Eucgr.K00185.1,32069573,Eucgr.K00185,Eucgr.K00185.1.v2.0,v2.0,3.0,,1,20,1940,1959,AAUUGUUGUACUUGUUGGAA,GGUCAGCAGGUGCAACAAUU,Cleavage
1218,Chr08_34494,Eucgr.D02551.1,32051887,Eucgr.D02551,Eucgr.D02551.1.v2.0,v2.0,3.0,,1,20,249,268,AAUUGUUGUACUUGUUGGAA,AUCCAACAAGUUUGAUAAUU,Cleavage
1219,Chr08_34494,Eucgr.J01519.1,32034384,Eucgr.J01519,Eucgr.J01519.1.v2.0,v2.0,3.0,,1,20,585,604,AAUUGUUGUACUUGUUGGAA,AUUCAACAAGUUCAACGGUU,Cleavage
1220,Chr08_34494,Eucgr.D02142.3,32051273,Eucgr.D02142,Eucgr.D02142.3.v2.0,v2.0,3.0,,1,20,491,510,AAUUGUUGUACUUGUUGGAA,GUCCAAUAAAUGCAGCAAUU,Translation
1221,Chr08_34494,Eucgr.D02142.2,32051272,Eucgr.D02142,Eucgr.D02142.2.v2.0,v2.0,3.0,,1,20,515,534,AAUUGUUGUACUUGUUGGAA,GUCCAAUAAAUGCAGCAAUU,Translation
1222,Chr08_34494,Eucgr.D02142.1,32051271,Eucgr.D02142,Eucgr.D02142.1.v2.0,v2.0,3.0,,1,20,491,510,AAUUGUUGUACUUGUUGGAA,GUCCAAUAAAUGCAGCAAUU,Translation
1223,Chr08_34494,Eucgr.E00805.1,32028016,Eucgr.E00805,Eucgr.E00805.1.v2.0,v2.0,3.0,,1,20,1473,1492,AAUUGUUGUACUUGUUGGAA,GUCGGACAAGUGCAAUAGUU,Cleavage
1224,Chr08_34494,Eucgr.E00805.4,32028019,Eucgr.E00805,Eucgr.E00805.4.v2.0,v2.0,3.0,,1,20,1863,1882,AAUUGUUGUACUUGUUGGAA,GUCGGACAAGUGCAAUAGUU,Cleavage
1225,Chr08_34494,Eucgr.E00805.3,32028018,Eucgr.E00805,Eucgr.E00805.3.v2.0,v2.0,3.0,,1,20,1909,1928,AAUUGUUGUACUUGUUGGAA,GUCGGACAAGUGCAAUAGUU,Cleavage
1226,Chr08_34494,Eucgr.E00805.5,32028020,Eucgr.E00805,Eucgr.E00805.5.v2.0,v2.0,3.0,,1,20,1928,1947,AAUUGUUGUACUUGUUGGAA,GUCGGACAAGUGCAAUAGUU,Cleavage
1227,Chr08_34702,Eucgr.H04429.1,32045039,Eucgr.H04429,Eucgr.H04429.1.v2.0,v2.0,3.0,,1,20,979,998,CAUAGGUUCACUUUUAUCCA,AAAAUAAGAGUGAACCUGUG,Cleavage
1228,Chr08_34702,Eucgr.H04922.1,32042177,Eucgr.H04922,Eucgr.H04922.1.v2.0,v2.0,3.0,,1,20,1414,1433,CAUAGGUUCACUUUUAUCCA,CUGGUGAAAGUGAGCCUGUG,Cleavage
1229,Chr08_34702,Eucgr.E01212.1,32029807,Eucgr.E01212,Eucgr.E01212.1.v2.0,v2.0,3.0,,1,20,3381,3400,CAUAGGUUCACUUUUAUCCA,AAGGUGAAAGUGAAUUUAUG,Cleavage
1230,Chr08_34702,Eucgr.J01889.3,32035659,Eucgr.J01889,Eucgr.J01889.3.v2.0,v2.0,3.0,,1,20,1191,1210,CAUAGGUUCACUUUUAUCCA,AGGAGGGAGGUGAACUUAUG,Cleavage
1231,Chr08_34702,Eucgr.F01460.1,32055827,Eucgr.F01460,Eucgr.F01460.1.v2.0,v2.0,3.0,,1,20,2588,2607,CAUAGGUUCACUUUUAUCCA,AGGAAAAAAGUGAAUAUAUG,Cleavage
1232,Chr08_35572,Eucgr.G01271.1,32073425,Eucgr.G01271,Eucgr.G01271.1.v2.0,v2.0,3.0,,1,20,1655,1674,UUGUAUUGGAUGAUGUUGAU,AUCAGCAUCGUCCAAGACAG,Cleavage
1233,Chr08_35572,Eucgr.G03140.1,32070004,Eucgr.G03140,Eucgr.G03140.1.v2.0,v2.0,3.0,,1,20,3092,3111,UUGUAUUGGAUGAUGUUGAU,AUGAACAUCAUUCACUACAA,Cleavage
1234,Chr08_35572,Eucgr.F02219.1,32056653,Eucgr.F02219,Eucgr.F02219.1.v2.0,v2.0,3.0,,1,20,2043,2062,UUGUAUUGGAUGAUGUUGAU,CUCGACAUUAUCCGAUCCAA,Cleavage
1235,Chr08_35572,Eucgr.G01811.1,32072233,Eucgr.G01811,Eucgr.G01811.1.v2.0,v2.0,3.0,,1,20,4476,4495,UUGUAUUGGAUGAUGUUGAU,AUGGAUCUCAUCCAAUACAA,Cleavage
1236,Chr08_35572,Eucgr.A01301.1,32048629,Eucgr.A01301,Eucgr.A01301.1.v2.0,v2.0,3.0,,1,20,1724,1743,UUGUAUUGGAUGAUGUUGAU,GUCAAGGUCAUCUAAUGCGA,Cleavage
1237,Chr08_35572,Eucgr.K01327.1,32069340,Eucgr.K01327,Eucgr.K01327.1.v2.0,v2.0,3.0,,1,20,2052,2071,UUGUAUUGGAUGAUGUUGAU,UGCACUAUCAUCCAAUACAG,Cleavage
1238,Chr08_35572,Eucgr.C01635.1,32036935,Eucgr.C01635,Eucgr.C01635.1.v2.0,v2.0,3.0,,1,20,1163,1182,UUGUAUUGGAUGAUGUUGAU,UUCAACUUCGUUUAAUACAG,Cleavage
1239,Chr08_35572,Eucgr.C01493.1,32037624,Eucgr.C01493,Eucgr.C01493.1.v2.0,v2.0,3.0,,1,20,1070,1089,UUGUAUUGGAUGAUGUUGAU,UUCAGCUUCGUUUAAUACAA,Cleavage
1240,Chr08_35572,Eucgr.K00559.1,32065852,Eucgr.K00559,Eucgr.K00559.1.v2.0,v2.0,3.0,,1,20,217,235,UUGUAUUGGAUGAUGUUGAU,GUCAAU-UCAUCCAAUAUAA,Cleavage
1241,Chr08_35612,Eucgr.I02742.1,32064527,Eucgr.I02742,Eucgr.I02742.1.v2.0,v2.0,3.0,,1,20,1493,1512,UUGUAUUGGAUGAUGUGGAU,AUCCGCGUCAUUUAAUACAU,Cleavage
1242,Chr08_35612,Eucgr.E01439.1,32029319,Eucgr.E01439,Eucgr.E01439.1.v2.0,v2.0,3.0,,1,20,439,458,UUGUAUUGGAUGAUGUGGAU,UUCUACAUCAUCCAAUACUU,Cleavage
1243,Chr08_35612,Eucgr.H03945.1,32041068,Eucgr.H03945,Eucgr.H03945.1.v2.0,v2.0,3.0,,1,20,860,879,UUGUAUUGGAUGAUGUGGAU,AUCCAUAUCUUCUAAUAUAA,Translation
1244,Chr08_35612,Eucgr.H02472.1,32044490,Eucgr.H02472,Eucgr.H02472.1.v2.0,v2.0,3.0,,1,20,341,360,UUGUAUUGGAUGAUGUGGAU,AACCACAUCAUCCAUUACAG,Cleavage
1245,Chr08_35612,Eucgr.F01437.2,32053221,Eucgr.F01437,Eucgr.F01437.2.v2.0,v2.0,3.0,,1,20,912,931,UUGUAUUGGAUGAUGUGGAU,AUCAACACCAUCCAGUACAA,Cleavage
1246,Chr08_35612,Eucgr.F01437.1,32053220,Eucgr.F01437,Eucgr.F01437.1.v2.0,v2.0,3.0,,1,20,826,845,UUGUAUUGGAUGAUGUGGAU,AUCAACACCAUCCAGUACAA,Cleavage
1247,Chr08_35612,Eucgr.F02602.1,32055308,Eucgr.F02602,Eucgr.F02602.1.v2.0,v2.0,3.0,,1,20,1038,1057,UUGUAUUGGAUGAUGUGGAU,UUCUAUGUCAUCCAACACAA,Cleavage
1248,Chr08_35612,Eucgr.C03719.1,32038393,Eucgr.C03719,Eucgr.C03719.1.v2.0,v2.0,3.0,,1,20,3270,3289,UUGUAUUGGAUGAUGUGGAU,UUCUACAUUGUCUGAUAUAA,Cleavage
1249,Chr08_35612,Eucgr.B01918.1,32061365,Eucgr.B01918,Eucgr.B01918.1.v2.0,v2.0,3.0,,1,20,111,130,UUGUAUUGGAUGAUGUGGAU,AUACAAAUUAUCCAAUAUAA,Cleavage
1250,Chr08_35612,Eucgr.L01850.1,32052315,Eucgr.L01850,Eucgr.L01850.1.v2.0,v2.0,3.0,,1,20,203,222,UUGUAUUGGAUGAUGUGGAU,CUCCUCAUCGUCCAGUACAU,Cleavage
1251,Chr08_35612,Eucgr.B01733.1,32058138,Eucgr.B01733,Eucgr.B01733.1.v2.0,v2.0,3.0,,1,20,138,157,UUGUAUUGGAUGAUGUGGAU,CUCCUCAUCGUCCAGUACAU,Cleavage
1252,Chr08_35612,Eucgr.F01418.1,32057077,Eucgr.F01418,Eucgr.F01418.1.v2.0,v2.0,3.0,,1,20,154,173,UUGUAUUGGAUGAUGUGGAU,CUCCUCAUCGUCCAGUACAU,Cleavage
1253,Chr08_35612,Eucgr.L01482.2,32035879,Eucgr.L01482,Eucgr.L01482.2.v2.0,v2.0,3.0,,1,20,268,287,UUGUAUUGGAUGAUGUGGAU,CUCCUCAUCGUCCAGUACAU,Cleavage
1254,Chr08_35612,Eucgr.F01421.2,32055557,Eucgr.F01421,Eucgr.F01421.2.v2.0,v2.0,3.0,,1,20,274,293,UUGUAUUGGAUGAUGUGGAU,CUCCUCAUCGUCCAGUACAU,Cleavage
1255,Chr08_35612,Eucgr.F01421.1,32055556,Eucgr.F01421,Eucgr.F01421.1.v2.0,v2.0,3.0,,1,20,274,293,UUGUAUUGGAUGAUGUGGAU,CUCCUCAUCGUCCAGUACAU,Cleavage
1256,Chr08_35612,Eucgr.G01599.3,32071066,Eucgr.G01599,Eucgr.G01599.3.v2.0,v2.0,3.0,,1,20,476,495,UUGUAUUGGAUGAUGUGGAU,GGCCGCUUCAUCCAGUACAA,Cleavage
1257,Chr08_35612,Eucgr.G01599.1,32071064,Eucgr.G01599,Eucgr.G01599.1.v2.0,v2.0,3.0,,1,20,476,495,UUGUAUUGGAUGAUGUGGAU,GGCCGCUUCAUCCAGUACAA,Cleavage
1258,Chr08_35612,Eucgr.G01599.2,32071065,Eucgr.G01599,Eucgr.G01599.2.v2.0,v2.0,3.0,,1,20,476,495,UUGUAUUGGAUGAUGUGGAU,GGCCGCUUCAUCCAGUACAA,Cleavage
1259,Chr08_35612,Eucgr.I02599.1,32064289,Eucgr.I02599,Eucgr.I02599.1.v2.0,v2.0,3.0,,1,20,405,424,UUGUAUUGGAUGAUGUGGAU,CUACAUAUCAUACAAUACAA,Cleavage
1260,Chr08_35612,Eucgr.G03134.1,32071715,Eucgr.G03134,Eucgr.G03134.1.v2.0,v2.0,3.0,,1,20,519,538,UUGUAUUGGAUGAUGUGGAU,CUCCAAAUCGCCCAAUACAA,Translation
1261,Chr08_35612,Eucgr.D02028.2,32051665,Eucgr.D02028,Eucgr.D02028.2.v2.0,v2.0,3.0,,1,20,1450,1469,UUGUAUUGGAUGAUGUGGAU,CUCCACUUUAUUCAGUGCAA,Cleavage
1262,Chr08_35612,Eucgr.D02028.1,32051664,Eucgr.D02028,Eucgr.D02028.1.v2.0,v2.0,3.0,,1,20,1489,1508,UUGUAUUGGAUGAUGUGGAU,CUCCACUUUAUUCAGUGCAA,Cleavage
1263,Chr08_35612,Eucgr.D02028.3,32051666,Eucgr.D02028,Eucgr.D02028.3.v2.0,v2.0,3.0,,1,20,1670,1689,UUGUAUUGGAUGAUGUGGAU,CUCCACUUUAUUCAGUGCAA,Cleavage
1264,Chr09_36711,Eucgr.F03409.1,32057829,Eucgr.F03409,Eucgr.F03409.1.v2.0,v2.0,3.0,,1,20,186,205,UGCCAUCCUUCUACGACAUG,UGUGUUGUACAAGGAUGGCG,Translation
1265,Chr09_36711,Eucgr.K01681.1,32067059,Eucgr.K01681,Eucgr.K01681.1.v2.0,v2.0,3.0,,1,20,136,155,UGCCAUCCUUCUACGACAUG,GAUUUCGUGGAUGGAUGGCA,Cleavage
1266,Chr09_36714,Eucgr.A00726.1,32045903,Eucgr.A00726,Eucgr.A00726.1.v2.0,v2.0,3.0,,1,20,4185,4204,UUGUCGCAAGGAAAGAUGGC,UUCAGCUUUCUUUGCGACAC,Cleavage
1267,Chr09_36714,Eucgr.J01412.1,32033469,Eucgr.J01412,Eucgr.J01412.1.v2.0,v2.0,3.0,,1,20,489,508,UUGUCGCAAGGAAAGAUGGC,UCCAGCAUUCCUUGUGACGA,Cleavage
1268,Chr09_36718,Eucgr.F01711.1,32053964,Eucgr.F01711,Eucgr.F01711.1.v2.0,v2.0,3.0,,1,20,1869,1888,UCGCAAGGAGAGACGGCACU,AGUGACGUCUCUCAUUGUGA,Cleavage
1269,Chr09_36718,Eucgr.C00008.1,32038916,Eucgr.C00008,Eucgr.C00008.1.v2.0,v2.0,3.0,,1,20,268,287,UCGCAAGGAGAGACGGCACU,UCUGCUGUCUCUACUUGCGA,Cleavage
1270,Chr09_36718,Eucgr.E00311.5,32029163,Eucgr.E00311,Eucgr.E00311.5.v2.0,v2.0,3.0,,1,20,255,274,UCGCAAGGAGAGACGGCACU,GCUGUCGUCUUUCUUUGUGA,Cleavage
1271,Chr09_36718,Eucgr.E00311.4,32029162,Eucgr.E00311,Eucgr.E00311.4.v2.0,v2.0,3.0,,1,20,478,497,UCGCAAGGAGAGACGGCACU,GCUGUCGUCUUUCUUUGUGA,Cleavage
1272,Chr09_36718,Eucgr.E00311.3,32029161,Eucgr.E00311,Eucgr.E00311.3.v2.0,v2.0,3.0,,1,20,497,516,UCGCAAGGAGAGACGGCACU,GCUGUCGUCUUUCUUUGUGA,Cleavage
1273,Chr09_36718,Eucgr.E00311.1,32029159,Eucgr.E00311,Eucgr.E00311.1.v2.0,v2.0,3.0,,1,20,544,563,UCGCAAGGAGAGACGGCACU,GCUGUCGUCUUUCUUUGUGA,Cleavage
1274,Chr09_36718,Eucgr.E00311.2,32029160,Eucgr.E00311,Eucgr.E00311.2.v2.0,v2.0,3.0,,1,20,632,651,UCGCAAGGAGAGACGGCACU,GCUGUCGUCUUUCUUUGUGA,Cleavage
1275,Chr10_40549,Eucgr.A01709.2,32048501,Eucgr.A01709,Eucgr.A01709.2.v2.0,v2.0,3.0,,1,20,491,510,UGGAGAAGCAGGGCACAUGC,GCAUAUGCUCUGUUUCUCCU,Cleavage
1276,Chr10_40549,Eucgr.A01709.1,32048500,Eucgr.A01709,Eucgr.A01709.1.v2.0,v2.0,3.0,,1,20,491,510,UGGAGAAGCAGGGCACAUGC,GCAUAUGCUCUGUUUCUCCU,Cleavage
1277,Chr10_40549,Eucgr.D00907.3,32051982,Eucgr.D00907,Eucgr.D00907.3.v2.0,v2.0,3.0,,1,20,270,289,UGGAGAAGCAGGGCACAUGC,GUAUAUGCCCUGCUUCUUCU,Cleavage
1278,Chr10_40549,Eucgr.D00907.2,32051981,Eucgr.D00907,Eucgr.D00907.2.v2.0,v2.0,3.0,,1,20,270,289,UGGAGAAGCAGGGCACAUGC,GUAUAUGCCCUGCUUCUUCU,Cleavage
1279,Chr10_40549,Eucgr.D00907.1,32051980,Eucgr.D00907,Eucgr.D00907.1.v2.0,v2.0,3.0,,1,20,270,289,UGGAGAAGCAGGGCACAUGC,GUAUAUGCCCUGCUUCUUCU,Cleavage
1280,Chr10_40549,Eucgr.D01503.1,32051183,Eucgr.D01503,Eucgr.D01503.1.v2.0,v2.0,3.0,,1,20,2809,2828,UGGAGAAGCAGGGCACAUGC,GUAGGUGUCCUGCUUCUCCU,Cleavage
1281,Chr10_40549,Eucgr.K03271.1,32066525,Eucgr.K03271,Eucgr.K03271.1.v2.0,v2.0,3.0,,1,20,1704,1723,UGGAGAAGCAGGGCACAUGC,UCAUGUGUCUUGCUUCUUUC,Cleavage
1282,Chr10_40549,Eucgr.L02794.1,32027708,Eucgr.L02794,Eucgr.L02794.1.v2.0,v2.0,3.0,,1,20,681,700,UGGAGAAGCAGGGCACAUGC,UCAUGUGCCUUUCUUCUUCG,Cleavage
1283,Chr10_40549,Eucgr.G00901.1,32070944,Eucgr.G00901,Eucgr.G00901.1.v2.0,v2.0,3.0,,1,20,648,667,UGGAGAAGCAGGGCACAUGC,UCAUGUGCCUUUCUUCUUCG,Cleavage
1284,Chr10_40549,Eucgr.G00904.1,32072666,Eucgr.G00904,Eucgr.G00904.1.v2.0,v2.0,3.0,,1,20,681,700,UGGAGAAGCAGGGCACAUGC,UCAUGUGCCUUUCUUCUUCG,Cleavage
1285,Chr10_40549,Eucgr.G02483.1,32071637,Eucgr.G02483,Eucgr.G02483.1.v2.0,v2.0,3.0,,1,20,304,323,UGGAGAAGCAGGGCACAUGC,UCAUAUGUCCUGCUUCUUCU,Cleavage
1286,Chr10_40549,Eucgr.J01434.1,32033666,Eucgr.J01434,Eucgr.J01434.1.v2.0,v2.0,3.0,,1,20,221,240,UGGAGAAGCAGGGCACAUGC,CCAUGUACAUUGCUUCUCCA,Cleavage
1287,Chr10_40549,Eucgr.K02663.1,32066614,Eucgr.K02663,Eucgr.K02663.1.v2.0,v2.0,3.0,,1,20,552,571,UGGAGAAGCAGGGCACAUGC,ACAUAUGUCCUCCUUCUCCA,Cleavage
1288,Chr10_41135,Eucgr.I01815.1,32065148,Eucgr.I01815,Eucgr.I01815.1.v2.0,v2.0,3.0,,1,21,1402,1422,GGCUGCCGACUCAUUCAUUUG,AAAAUGGAUGAGGUGGUAGCC,Cleavage
1289,Chr10_41135,Eucgr.H04431.1,32042657,Eucgr.H04431,Eucgr.H04431.1.v2.0,v2.0,3.0,,1,21,571,591,GGCUGCCGACUCAUUCAUUUG,UCAAUGGAGGAGUUGGCAGCU,Cleavage
1290,Chr10_41201,Eucgr.H00382.1,32045179,Eucgr.H00382,Eucgr.H00382.1.v2.0,v2.0,3.0,,1,20,490,509,AUCAUGCUAUCCCUUUGGAU,AUCCGGAGGGAUGUCAUGAU,Cleavage
1291,Chr10_41201,Eucgr.H00378.1,32044409,Eucgr.H00378,Eucgr.H00378.1.v2.0,v2.0,3.0,,1,20,490,509,AUCAUGCUAUCCCUUUGGAU,AUCCGGAGGGAUGUCAUGAU,Cleavage
1292,Chr10_41201,Eucgr.H01423.2,32044193,Eucgr.H01423,Eucgr.H01423.2.v2.0,v2.0,3.0,,1,20,23,42,AUCAUGCUAUCCCUUUGGAU,AUCCAAAGGGAUAGACUGAU,Cleavage
1293,Chr10_41201,Eucgr.H01423.1,32044192,Eucgr.H01423,Eucgr.H01423.1.v2.0,v2.0,3.0,,1,20,23,42,AUCAUGCUAUCCCUUUGGAU,AUCCAAAGGGAUAGACUGAU,Cleavage
1294,Chr10_41201,Eucgr.H01423.3,32044194,Eucgr.H01423,Eucgr.H01423.3.v2.0,v2.0,3.0,,1,20,23,42,AUCAUGCUAUCCCUUUGGAU,AUCCAAAGGGAUAGACUGAU,Cleavage
1295,Chr10_41575,Eucgr.H03480.2,32043575,Eucgr.H03480,Eucgr.H03480.2.v2.0,v2.0,3.0,,1,22,2387,2408,UGCCUGGCUCCCUGUAUGCCAU,UGAGCCUAUCGGGAGCCAGGCA,Cleavage
1296,Chr10_41575,Eucgr.H03480.1,32043574,Eucgr.H03480,Eucgr.H03480.1.v2.0,v2.0,3.0,,1,22,2489,2510,UGCCUGGCUCCCUGUAUGCCAU,UGAGCCUAUCGGGAGCCAGGCA,Cleavage
1297,Chr11_41982,Eucgr.H04081.1,32042633,Eucgr.H04081,Eucgr.H04081.1.v2.0,v2.0,3.0,,1,20,809,828,AAGCUCAGGAGGGAUAGCGC,UGUCUAUCCCUCCUGAGCUA,Cleavage
1298,Chr11_41982,Eucgr.I00178.1,32065509,Eucgr.I00178,Eucgr.I00178.1.v2.0,v2.0,3.0,,1,20,563,582,AAGCUCAGGAGGGAUAGCGC,GCUCUAUCCCUCUUGAACUU,Cleavage
1299,Chr11_41982,Eucgr.F01130.2,32052943,Eucgr.F01130,Eucgr.F01130.2.v2.0,v2.0,3.0,,1,20,134,153,AAGCUCAGGAGGGAUAGCGC,GCGCUACCUCUCCUGGGCUC,Cleavage
1300,Chr11_41982,Eucgr.F01130.1,32052942,Eucgr.F01130,Eucgr.F01130.1.v2.0,v2.0,3.0,,1,20,134,153,AAGCUCAGGAGGGAUAGCGC,GCGCUACCUCUCCUGGGCUC,Cleavage
1301,Chr11_41982,Eucgr.I02373.1,32064696,Eucgr.I02373,Eucgr.I02373.1.v2.0,v2.0,3.0,,1,20,503,522,AAGCUCAGGAGGGAUAGCGC,GCGGUAUCCCUUCUGAGAUU,Cleavage
1302,Chr11_41982,Eucgr.G00775.1,32073170,Eucgr.G00775,Eucgr.G00775.1.v2.0,v2.0,3.0,,1,20,693,712,AAGCUCAGGAGGGAUAGCGC,GAGCUGUCCAUCCUGAGCUU,Translation
1303,Chr11_41982,Eucgr.I00188.1,32064708,Eucgr.I00188,Eucgr.I00188.1.v2.0,v2.0,3.0,,1,20,548,567,AAGCUCAGGAGGGAUAGCGC,GCUCUAUCCCUCUUGAACUU,Cleavage
1304,Chr11_41982,Eucgr.K00636.1,32065851,Eucgr.K00636,Eucgr.K00636.1.v2.0,v2.0,3.0,,1,20,1535,1554,AAGCUCAGGAGGGAUAGCGC,AUGUUAUUCCUCCUCAGCUU,Cleavage
1305,Chr11_41982,Eucgr.F04101.1,32057489,Eucgr.F04101,Eucgr.F04101.1.v2.0,v2.0,3.0,,1,20,910,929,AAGCUCAGGAGGGAUAGCGC,CCGUUGUCUCUCCUGAACUU,Cleavage
1306,Chr11_41982,Eucgr.G00881.1,32071296,Eucgr.G00881,Eucgr.G00881.1.v2.0,v2.0,3.0,,1,20,360,379,AAGCUCAGGAGGGAUAGCGC,UUGCUCUUCCUUUUGAGCUU,Cleavage
1307,Chr11_41982,Eucgr.C01163.1,32037839,Eucgr.C01163,Eucgr.C01163.1.v2.0,v2.0,3.0,,1,20,314,333,AAGCUCAGGAGGGAUAGCGC,UCGCCAUCUCUUCUGGGUUU,Cleavage
1308,Chr11_41982,Eucgr.G00620.1,32072574,Eucgr.G00620,Eucgr.G00620.1.v2.0,v2.0,3.0,,1,20,75,94,AAGCUCAGGAGGGAUAGCGC,UCUCUAUCUCUUCUGGGUUU,Cleavage
1309,Chr11_41982,Eucgr.H03154.2,32045752,Eucgr.H03154,Eucgr.H03154.2.v2.0,v2.0,3.0,,1,20,1700,1718,AAGCUCAGGAGGGAUAGCGC,UCGCUG-CCCUCUUGAGCUU,Cleavage
1310,Chr11_41982,Eucgr.H03154.1,32045751,Eucgr.H03154,Eucgr.H03154.1.v2.0,v2.0,3.0,,1,20,1734,1752,AAGCUCAGGAGGGAUAGCGC,UCGCUG-CCCUCUUGAGCUU,Cleavage
1311,Chr11_42092,Eucgr.H01423.2,32044193,Eucgr.H01423,Eucgr.H01423.2.v2.0,v2.0,3.0,,1,20,1695,1714,UAAAGCUGCCAGCAUGAUCC,GCAUUAUGCUGGCGGCUUUC,Cleavage
1312,Chr11_42092,Eucgr.H01423.1,32044192,Eucgr.H01423,Eucgr.H01423.1.v2.0,v2.0,3.0,,1,20,1695,1714,UAAAGCUGCCAGCAUGAUCC,GCAUUAUGCUGGCGGCUUUC,Cleavage
1313,Chr11_42092,Eucgr.H01423.3,32044194,Eucgr.H01423,Eucgr.H01423.3.v2.0,v2.0,3.0,,1,20,1695,1714,UAAAGCUGCCAGCAUGAUCC,GCAUUAUGCUGGCGGCUUUC,Cleavage
1314,Chr11_42092,Eucgr.K01870.1,32067703,Eucgr.K01870,Eucgr.K01870.1.v2.0,v2.0,3.0,,1,20,928,947,UAAAGCUGCCAGCAUGAUCC,CGAUUAUGUUGACAGUUUUA,Cleavage
1315,Chr11_42092,Eucgr.B01536.1,32058251,Eucgr.B01536,Eucgr.B01536.1.v2.0,v2.0,3.0,,1,20,2041,2060,UAAAGCUGCCAGCAUGAUCC,UGGUCAUGUUUGCAGUUUUA,Translation
1316,Chr11_42092,Eucgr.I02335.1,32064386,Eucgr.I02335,Eucgr.I02335.1.v2.0,v2.0,3.0,,1,20,260,279,UAAAGCUGCCAGCAUGAUCC,UGGUUAUGCUGGCAAUUUUA,Cleavage
1317,Chr11_42092,Eucgr.F02882.4,32055801,Eucgr.F02882,Eucgr.F02882.4.v2.0,v2.0,3.0,,1,20,1827,1846,UAAAGCUGCCAGCAUGAUCC,AGAUGAUGCUGGUAGUUUUC,Cleavage
1318,Chr11_43106,Eucgr.H03321.1,32044994,Eucgr.H03321,Eucgr.H03321.1.v2.0,v2.0,3.0,,1,20,1252,1271,UGAUUGAGCCGUGCCAAUAU,UUGUUGGAGCGGCUCAAUUA,Cleavage
1319,Chr11_44314,Eucgr.B02594.1,32058361,Eucgr.B02594,Eucgr.B02594.1.v2.0,v2.0,3.0,,1,21,1658,1678,CCUUCGGCGCGGCAGAUCUGG,UCGAAUUUGCUGCGUCGAAGG,Cleavage
1320,Chr11_44314,Eucgr.B01363.1,32061089,Eucgr.B01363,Eucgr.B01363.1.v2.0,v2.0,3.0,,1,21,1494,1514,CCUUCGGCGCGGCAGAUCUGG,CAUGGGCUGCCGCGUCGAAGG,Cleavage
1321,Egr-miR156a,Eucgr.E01830.2,32031187,Eucgr.E01830,Eucgr.E01830.2.v2.0,v2.0,3.0,,1,22,1028,1049,UUGACAGAAGAGAGUGAGCACA,GUUGCUUGCUUUCUGCUGUCAA,Cleavage
1322,Egr-miR156a,Eucgr.E01830.1,32031186,Eucgr.E01830,Eucgr.E01830.1.v2.0,v2.0,3.0,,1,22,1028,1049,UUGACAGAAGAGAGUGAGCACA,GUUGCUUGCUUUCUGCUGUCAA,Cleavage
1323,Egr-miR156a,Eucgr.A00359.1,32049226,Eucgr.A00359,Eucgr.A00359.1.v2.0,v2.0,3.0,,1,22,186,207,UUGACAGAAGAGAGUGAGCACA,GGAGCUCAUUUUCUUUUGUCGU,Cleavage
1324,Egr-miR156a,Eucgr.K00131.1,32067878,Eucgr.K00131,Eucgr.K00131.1.v2.0,v2.0,3.0,,1,22,323,344,UUGACAGAAGAGAGUGAGCACA,UUUUCACACUCUCUUCUGUCAU,Cleavage
1325,Egr-miR156a,Eucgr.G00982.1,32073073,Eucgr.G00982,Eucgr.G00982.1.v2.0,v2.0,3.0,,1,22,3031,3052,UUGACAGAAGAGAGUGAGCACA,UUCACUUAUUCUCUUUUGUUAA,Cleavage
1326,Egr-miR156b,Eucgr.E01830.2,32031187,Eucgr.E01830,Eucgr.E01830.2.v2.0,v2.0,3.0,,1,22,1028,1049,UUGACAGAAGAGAGUGAGCACA,GUUGCUUGCUUUCUGCUGUCAA,Cleavage
1327,Egr-miR156b,Eucgr.E01830.1,32031186,Eucgr.E01830,Eucgr.E01830.1.v2.0,v2.0,3.0,,1,22,1028,1049,UUGACAGAAGAGAGUGAGCACA,GUUGCUUGCUUUCUGCUGUCAA,Cleavage
1328,Egr-miR156b,Eucgr.A00359.1,32049226,Eucgr.A00359,Eucgr.A00359.1.v2.0,v2.0,3.0,,1,22,186,207,UUGACAGAAGAGAGUGAGCACA,GGAGCUCAUUUUCUUUUGUCGU,Cleavage
1329,Egr-miR156b,Eucgr.K00131.1,32067878,Eucgr.K00131,Eucgr.K00131.1.v2.0,v2.0,3.0,,1,22,323,344,UUGACAGAAGAGAGUGAGCACA,UUUUCACACUCUCUUCUGUCAU,Cleavage
1330,Egr-miR156b,Eucgr.G00982.1,32073073,Eucgr.G00982,Eucgr.G00982.1.v2.0,v2.0,3.0,,1,22,3031,3052,UUGACAGAAGAGAGUGAGCACA,UUCACUUAUUCUCUUUUGUUAA,Cleavage
1331,Egr-miR156d,Eucgr.A00359.1,32049226,Eucgr.A00359,Eucgr.A00359.1.v2.0,v2.0,3.0,,1,19,188,206,UGACAGAAGAGAGUGAGCA,AGCUCAUUUUCUUUUGUCG,Cleavage
1332,Egr-miR156d,Eucgr.E01830.2,32031187,Eucgr.E01830,Eucgr.E01830.2.v2.0,v2.0,3.0,,1,19,1030,1048,UGACAGAAGAGAGUGAGCA,UGCUUGCUUUCUGCUGUCA,Cleavage
1333,Egr-miR156d,Eucgr.E01830.1,32031186,Eucgr.E01830,Eucgr.E01830.1.v2.0,v2.0,3.0,,1,19,1030,1048,UGACAGAAGAGAGUGAGCA,UGCUUGCUUUCUGCUGUCA,Cleavage
1334,Egr-miR156d,Eucgr.K03390.1,32068634,Eucgr.K03390,Eucgr.K03390.1.v2.0,v2.0,3.0,,1,19,2914,2932,UGACAGAAGAGAGUGAGCA,UGCUCACGCUCUGCUGUCA,Cleavage
1335,Egr-miR156d,Eucgr.J01144.1,32032221,Eucgr.J01144,Eucgr.J01144.1.v2.0,v2.0,3.0,,1,19,1621,1639,UGACAGAAGAGAGUGAGCA,UUUUCGUUCUCUUUUGUCA,Cleavage
1336,Egr-miR156e,Eucgr.A00359.1,32049226,Eucgr.A00359,Eucgr.A00359.1.v2.0,v2.0,3.0,,1,19,188,206,UGACAGAAGAGAGUGAGCA,AGCUCAUUUUCUUUUGUCG,Cleavage
1337,Egr-miR156e,Eucgr.E01830.2,32031187,Eucgr.E01830,Eucgr.E01830.2.v2.0,v2.0,3.0,,1,19,1030,1048,UGACAGAAGAGAGUGAGCA,UGCUUGCUUUCUGCUGUCA,Cleavage
1338,Egr-miR156e,Eucgr.E01830.1,32031186,Eucgr.E01830,Eucgr.E01830.1.v2.0,v2.0,3.0,,1,19,1030,1048,UGACAGAAGAGAGUGAGCA,UGCUUGCUUUCUGCUGUCA,Cleavage
1339,Egr-miR156e,Eucgr.K03390.1,32068634,Eucgr.K03390,Eucgr.K03390.1.v2.0,v2.0,3.0,,1,19,2914,2932,UGACAGAAGAGAGUGAGCA,UGCUCACGCUCUGCUGUCA,Cleavage
1340,Egr-miR156e,Eucgr.J01144.1,32032221,Eucgr.J01144,Eucgr.J01144.1.v2.0,v2.0,3.0,,1,19,1621,1639,UGACAGAAGAGAGUGAGCA,UUUUCGUUCUCUUUUGUCA,Cleavage
1341,Egr-miR156f,Eucgr.A00359.1,32049226,Eucgr.A00359,Eucgr.A00359.1.v2.0,v2.0,3.0,,1,19,188,206,UGACAGAAGAGAGUGAGCA,AGCUCAUUUUCUUUUGUCG,Cleavage
1342,Egr-miR156f,Eucgr.E01830.2,32031187,Eucgr.E01830,Eucgr.E01830.2.v2.0,v2.0,3.0,,1,19,1030,1048,UGACAGAAGAGAGUGAGCA,UGCUUGCUUUCUGCUGUCA,Cleavage
1343,Egr-miR156f,Eucgr.E01830.1,32031186,Eucgr.E01830,Eucgr.E01830.1.v2.0,v2.0,3.0,,1,19,1030,1048,UGACAGAAGAGAGUGAGCA,UGCUUGCUUUCUGCUGUCA,Cleavage
1344,Egr-miR156f,Eucgr.K03390.1,32068634,Eucgr.K03390,Eucgr.K03390.1.v2.0,v2.0,3.0,,1,19,2914,2932,UGACAGAAGAGAGUGAGCA,UGCUCACGCUCUGCUGUCA,Cleavage
1345,Egr-miR156f,Eucgr.J01144.1,32032221,Eucgr.J01144,Eucgr.J01144.1.v2.0,v2.0,3.0,,1,19,1621,1639,UGACAGAAGAGAGUGAGCA,UUUUCGUUCUCUUUUGUCA,Cleavage
1346,Egr-miR156h,Eucgr.A00359.1,32049226,Eucgr.A00359,Eucgr.A00359.1.v2.0,v2.0,3.0,,1,19,188,206,UGACAGAAGAGAGUGAGCA,AGCUCAUUUUCUUUUGUCG,Cleavage
1347,Egr-miR156h,Eucgr.E01830.2,32031187,Eucgr.E01830,Eucgr.E01830.2.v2.0,v2.0,3.0,,1,19,1030,1048,UGACAGAAGAGAGUGAGCA,UGCUUGCUUUCUGCUGUCA,Cleavage
1348,Egr-miR156h,Eucgr.E01830.1,32031186,Eucgr.E01830,Eucgr.E01830.1.v2.0,v2.0,3.0,,1,19,1030,1048,UGACAGAAGAGAGUGAGCA,UGCUUGCUUUCUGCUGUCA,Cleavage
1349,Egr-miR156h,Eucgr.K03390.1,32068634,Eucgr.K03390,Eucgr.K03390.1.v2.0,v2.0,3.0,,1,19,2914,2932,UGACAGAAGAGAGUGAGCA,UGCUCACGCUCUGCUGUCA,Cleavage
1350,Egr-miR156h,Eucgr.J01144.1,32032221,Eucgr.J01144,Eucgr.J01144.1.v2.0,v2.0,3.0,,1,19,1621,1639,UGACAGAAGAGAGUGAGCA,UUUUCGUUCUCUUUUGUCA,Cleavage
1351,Egr-miR156i,Eucgr.A00359.1,32049226,Eucgr.A00359,Eucgr.A00359.1.v2.0,v2.0,3.0,,1,19,188,206,UGACAGAAGAGAGUGAGCA,AGCUCAUUUUCUUUUGUCG,Cleavage
1352,Egr-miR156i,Eucgr.E01830.2,32031187,Eucgr.E01830,Eucgr.E01830.2.v2.0,v2.0,3.0,,1,19,1030,1048,UGACAGAAGAGAGUGAGCA,UGCUUGCUUUCUGCUGUCA,Cleavage
1353,Egr-miR156i,Eucgr.E01830.1,32031186,Eucgr.E01830,Eucgr.E01830.1.v2.0,v2.0,3.0,,1,19,1030,1048,UGACAGAAGAGAGUGAGCA,UGCUUGCUUUCUGCUGUCA,Cleavage
1354,Egr-miR156i,Eucgr.K03390.1,32068634,Eucgr.K03390,Eucgr.K03390.1.v2.0,v2.0,3.0,,1,19,2914,2932,UGACAGAAGAGAGUGAGCA,UGCUCACGCUCUGCUGUCA,Cleavage
1355,Egr-miR156i,Eucgr.J01144.1,32032221,Eucgr.J01144,Eucgr.J01144.1.v2.0,v2.0,3.0,,1,19,1621,1639,UGACAGAAGAGAGUGAGCA,UUUUCGUUCUCUUUUGUCA,Cleavage
1356,Egr-miR156j,Eucgr.A00359.1,32049226,Eucgr.A00359,Eucgr.A00359.1.v2.0,v2.0,3.0,,1,19,188,206,UGACAGAAGAGAGUGAGCA,AGCUCAUUUUCUUUUGUCG,Cleavage
1357,Egr-miR156j,Eucgr.E01830.2,32031187,Eucgr.E01830,Eucgr.E01830.2.v2.0,v2.0,3.0,,1,19,1030,1048,UGACAGAAGAGAGUGAGCA,UGCUUGCUUUCUGCUGUCA,Cleavage
1358,Egr-miR156j,Eucgr.E01830.1,32031186,Eucgr.E01830,Eucgr.E01830.1.v2.0,v2.0,3.0,,1,19,1030,1048,UGACAGAAGAGAGUGAGCA,UGCUUGCUUUCUGCUGUCA,Cleavage
1359,Egr-miR156j,Eucgr.K03390.1,32068634,Eucgr.K03390,Eucgr.K03390.1.v2.0,v2.0,3.0,,1,19,2914,2932,UGACAGAAGAGAGUGAGCA,UGCUCACGCUCUGCUGUCA,Cleavage
1360,Egr-miR156j,Eucgr.J01144.1,32032221,Eucgr.J01144,Eucgr.J01144.1.v2.0,v2.0,3.0,,1,19,1621,1639,UGACAGAAGAGAGUGAGCA,UUUUCGUUCUCUUUUGUCA,Cleavage
1361,Egr-miR156k,Eucgr.H00012.1,32045471,Eucgr.H00012,Eucgr.H00012.1.v2.0,v2.0,3.0,,1,21,118,138,UGCUCACUUCUCUUCUGUCAG,GUGAUGGGAGAGAAGGGAGCA,Cleavage
1362,Egr-miR156k,Eucgr.L02705.1,32027611,Eucgr.L02705,Eucgr.L02705.1.v2.0,v2.0,3.0,,1,21,65,85,UGCUCACUUCUCUUCUGUCAG,UUGAGAGAACAGGAGUGAGCA,Cleavage
1363,Egr-miR156k,Eucgr.J02454.1,32033102,Eucgr.J02454,Eucgr.J02454.1.v2.0,v2.0,3.0,,1,21,2438,2458,UGCUCACUUCUCUUCUGUCAG,AUGACAGCAGAGGAGUGGGUG,Cleavage
1364,Egr-miR156k,Eucgr.B03328.1,32058956,Eucgr.B03328,Eucgr.B03328.1.v2.0,v2.0,3.0,,1,21,353,373,UGCUCACUUCUCUUCUGUCAG,UCGACGGCAGCGAAGUGAGCA,Translation
1365,Egr-miR156k,Eucgr.C03336.1,32039321,Eucgr.C03336,Eucgr.C03336.1.v2.0,v2.0,3.0,,1,21,463,483,UGCUCACUUCUCUUCUGUCAG,GAGAAAGGAGAGAAGUGGGUG,Cleavage
1366,Egr-miR156k,Eucgr.C03645.1,32036165,Eucgr.C03645,Eucgr.C03645.1.v2.0,v2.0,3.0,,1,21,529,549,UGCUCACUUCUCUUCUGUCAG,GAGAAAGGAGAGAAGUGGGUG,Cleavage
1367,Egr-miR156k,Eucgr.A01661.1,32049171,Eucgr.A01661,Eucgr.A01661.1.v2.0,v2.0,3.0,,1,21,1599,1619,UGCUCACUUCUCUUCUGUCAG,GGGACGUGAGGGGAGUGAGCA,Cleavage
1368,Egr-miR156k,Eucgr.J01777.1,32032458,Eucgr.J01777,Eucgr.J01777.1.v2.0,v2.0,3.0,,1,21,1665,1685,UGCUCACUUCUCUUCUGUCAG,AAGGCUGAAGAGAAGAGAGCA,Cleavage
1369,Egr-miR156k,Eucgr.J01777.2,32032459,Eucgr.J01777,Eucgr.J01777.2.v2.0,v2.0,3.0,,1,21,1673,1693,UGCUCACUUCUCUUCUGUCAG,AAGGCUGAAGAGAAGAGAGCA,Cleavage
1370,Egr-miR156k,Eucgr.K01705.2,32068858,Eucgr.K01705,Eucgr.K01705.2.v2.0,v2.0,3.0,,1,21,231,251,UGCUCACUUCUCUUCUGUCAG,GCGAGGGAAGAGAAGCGAGCA,Cleavage
1371,Egr-miR156k,Eucgr.H03592.2,32043622,Eucgr.H03592,Eucgr.H03592.2.v2.0,v2.0,3.0,,1,21,1421,1441,UGCUCACUUCUCUUCUGUCAG,GCGGCAGCAGAGGAGUGGGCG,Cleavage
1372,Egr-miR156k,Eucgr.K01705.1,32068857,Eucgr.K01705,Eucgr.K01705.1.v2.0,v2.0,3.0,,1,21,231,251,UGCUCACUUCUCUUCUGUCAG,GCGAGGGAAGAGAAGCGAGCA,Cleavage
1373,Egr-miR156k,Eucgr.H03592.1,32043621,Eucgr.H03592,Eucgr.H03592.1.v2.0,v2.0,3.0,,1,21,1421,1441,UGCUCACUUCUCUUCUGUCAG,GCGGCAGCAGAGGAGUGGGCG,Cleavage
1374,Egr-miR156k,Eucgr.K02109.1,32068483,Eucgr.K02109,Eucgr.K02109.1.v2.0,v2.0,3.0,,1,21,1447,1467,UGCUCACUUCUCUUCUGUCAG,AAGAGAGAAGAUAAGUGAGCG,Translation
1375,Egr-miR156l,Eucgr.A02933.1,32047642,Eucgr.A02933,Eucgr.A02933.1.v2.0,v2.0,3.0,,1,20,402,421,UUGACAGAAGAUAGAGAGCA,UGCUCUCUAUCUUCUGGCCA,Cleavage
1376,Egr-miR156l,Eucgr.F00587.1,32054049,Eucgr.F00587,Eucgr.F00587.1.v2.0,v2.0,3.0,,1,20,90,109,UUGACAGAAGAUAGAGAGCA,GGCUCUCUGUCUUCUGUCUU,Cleavage
1377,Egr-miR156l,Eucgr.C03200.1,32038989,Eucgr.C03200,Eucgr.C03200.1.v2.0,v2.0,3.0,,1,20,573,592,UUGACAGAAGAUAGAGAGCA,CUAUCUCUAUCUUUUGUUAA,Cleavage
1378,Egr-miR156l,Eucgr.C03202.1,32037760,Eucgr.C03202,Eucgr.C03202.1.v2.0,v2.0,3.0,,1,20,532,551,UUGACAGAAGAUAGAGAGCA,CUAUCUCUAUCUUUUGUUAA,Cleavage
1379,Egr-miR156l,Eucgr.F02016.1,32056539,Eucgr.F02016,Eucgr.F02016.1.v2.0,v2.0,3.0,,1,20,1506,1525,UUGACAGAAGAUAGAGAGCA,UACUCUUUAUUUUUUGUCAG,Cleavage
1380,Egr-miR156l,Eucgr.J02124.1,32032782,Eucgr.J02124,Eucgr.J02124.1.v2.0,v2.0,3.0,,1,20,1662,1681,UUGACAGAAGAUAGAGAGCA,CACUUUCUAUCUUUUGUCAC,Cleavage
1381,Egr-miR156l,Eucgr.E01777.1,32028066,Eucgr.E01777,Eucgr.E01777.1.v2.0,v2.0,3.0,,1,20,599,618,UUGACAGAAGAUAGAGAGCA,CUCUCUCUCUCUUCUGUCGA,Cleavage
1382,Egr-miR156l,Eucgr.G02582.2,32072470,Eucgr.G02582,Eucgr.G02582.2.v2.0,v2.0,3.0,,1,20,922,941,UUGACAGAAGAUAGAGAGCA,GCUUCUCUGUCUUCUGUUAG,Cleavage
1383,Egr-miR156l,Eucgr.G02582.1,32072469,Eucgr.G02582,Eucgr.G02582.1.v2.0,v2.0,3.0,,1,20,922,941,UUGACAGAAGAUAGAGAGCA,GCUUCUCUGUCUUCUGUUAG,Cleavage
1384,Egr-miR156l,Eucgr.J02987.1,32033812,Eucgr.J02987,Eucgr.J02987.1.v2.0,v2.0,3.0,,1,20,1405,1424,UUGACAGAAGAUAGAGAGCA,AGCUUUCCAUCUUCUGUCGG,Cleavage
1385,Egr-miR156l,Eucgr.J02987.2,32033813,Eucgr.J02987,Eucgr.J02987.2.v2.0,v2.0,3.0,,1,20,1405,1424,UUGACAGAAGAUAGAGAGCA,AGCUUUCCAUCUUCUGUCGG,Cleavage
1386,Egr-miR156l,Eucgr.F01980.1,32054910,Eucgr.F01980,Eucgr.F01980.1.v2.0,v2.0,3.0,,1,20,2128,2147,UUGACAGAAGAUAGAGAGCA,GGAUCUCUAUCUUUUCUCAA,Cleavage
1387,Egr-miR156l,Eucgr.D00519.1,32049719,Eucgr.D00519,Eucgr.D00519.1.v2.0,v2.0,3.0,,1,20,635,654,UUGACAGAAGAUAGAGAGCA,CGUCUUAUAUCUUCUGUCAA,Cleavage
1388,Egr-miR156m,Eucgr.A02933.1,32047642,Eucgr.A02933,Eucgr.A02933.1.v2.0,v2.0,3.0,,1,20,402,421,UUGACAGAAGAUAGAGAGCA,UGCUCUCUAUCUUCUGGCCA,Cleavage
1389,Egr-miR156m,Eucgr.F00587.1,32054049,Eucgr.F00587,Eucgr.F00587.1.v2.0,v2.0,3.0,,1,20,90,109,UUGACAGAAGAUAGAGAGCA,GGCUCUCUGUCUUCUGUCUU,Cleavage
1390,Egr-miR156m,Eucgr.C03200.1,32038989,Eucgr.C03200,Eucgr.C03200.1.v2.0,v2.0,3.0,,1,20,573,592,UUGACAGAAGAUAGAGAGCA,CUAUCUCUAUCUUUUGUUAA,Cleavage
1391,Egr-miR156m,Eucgr.C03202.1,32037760,Eucgr.C03202,Eucgr.C03202.1.v2.0,v2.0,3.0,,1,20,532,551,UUGACAGAAGAUAGAGAGCA,CUAUCUCUAUCUUUUGUUAA,Cleavage
1392,Egr-miR156m,Eucgr.F02016.1,32056539,Eucgr.F02016,Eucgr.F02016.1.v2.0,v2.0,3.0,,1,20,1506,1525,UUGACAGAAGAUAGAGAGCA,UACUCUUUAUUUUUUGUCAG,Cleavage
1393,Egr-miR156m,Eucgr.J02124.1,32032782,Eucgr.J02124,Eucgr.J02124.1.v2.0,v2.0,3.0,,1,20,1662,1681,UUGACAGAAGAUAGAGAGCA,CACUUUCUAUCUUUUGUCAC,Cleavage
1394,Egr-miR156m,Eucgr.E01777.1,32028066,Eucgr.E01777,Eucgr.E01777.1.v2.0,v2.0,3.0,,1,20,599,618,UUGACAGAAGAUAGAGAGCA,CUCUCUCUCUCUUCUGUCGA,Cleavage
1395,Egr-miR156m,Eucgr.G02582.2,32072470,Eucgr.G02582,Eucgr.G02582.2.v2.0,v2.0,3.0,,1,20,922,941,UUGACAGAAGAUAGAGAGCA,GCUUCUCUGUCUUCUGUUAG,Cleavage
1396,Egr-miR156m,Eucgr.G02582.1,32072469,Eucgr.G02582,Eucgr.G02582.1.v2.0,v2.0,3.0,,1,20,922,941,UUGACAGAAGAUAGAGAGCA,GCUUCUCUGUCUUCUGUUAG,Cleavage
1397,Egr-miR156m,Eucgr.J02987.1,32033812,Eucgr.J02987,Eucgr.J02987.1.v2.0,v2.0,3.0,,1,20,1405,1424,UUGACAGAAGAUAGAGAGCA,AGCUUUCCAUCUUCUGUCGG,Cleavage
1398,Egr-miR156m,Eucgr.J02987.2,32033813,Eucgr.J02987,Eucgr.J02987.2.v2.0,v2.0,3.0,,1,20,1405,1424,UUGACAGAAGAUAGAGAGCA,AGCUUUCCAUCUUCUGUCGG,Cleavage
1399,Egr-miR156m,Eucgr.F01980.1,32054910,Eucgr.F01980,Eucgr.F01980.1.v2.0,v2.0,3.0,,1,20,2128,2147,UUGACAGAAGAUAGAGAGCA,GGAUCUCUAUCUUUUCUCAA,Cleavage
1400,Egr-miR156m,Eucgr.D00519.1,32049719,Eucgr.D00519,Eucgr.D00519.1.v2.0,v2.0,3.0,,1,20,635,654,UUGACAGAAGAUAGAGAGCA,CGUCUUAUAUCUUCUGUCAA,Cleavage
1401,Egr-miR156n,Eucgr.A02933.1,32047642,Eucgr.A02933,Eucgr.A02933.1.v2.0,v2.0,3.0,,1,20,402,421,UUGACAGAAGAUAGAGAGCA,UGCUCUCUAUCUUCUGGCCA,Cleavage
1402,Egr-miR156n,Eucgr.F00587.1,32054049,Eucgr.F00587,Eucgr.F00587.1.v2.0,v2.0,3.0,,1,20,90,109,UUGACAGAAGAUAGAGAGCA,GGCUCUCUGUCUUCUGUCUU,Cleavage
1403,Egr-miR156n,Eucgr.C03200.1,32038989,Eucgr.C03200,Eucgr.C03200.1.v2.0,v2.0,3.0,,1,20,573,592,UUGACAGAAGAUAGAGAGCA,CUAUCUCUAUCUUUUGUUAA,Cleavage
1404,Egr-miR156n,Eucgr.C03202.1,32037760,Eucgr.C03202,Eucgr.C03202.1.v2.0,v2.0,3.0,,1,20,532,551,UUGACAGAAGAUAGAGAGCA,CUAUCUCUAUCUUUUGUUAA,Cleavage
1405,Egr-miR156n,Eucgr.F02016.1,32056539,Eucgr.F02016,Eucgr.F02016.1.v2.0,v2.0,3.0,,1,20,1506,1525,UUGACAGAAGAUAGAGAGCA,UACUCUUUAUUUUUUGUCAG,Cleavage
1406,Egr-miR156n,Eucgr.J02124.1,32032782,Eucgr.J02124,Eucgr.J02124.1.v2.0,v2.0,3.0,,1,20,1662,1681,UUGACAGAAGAUAGAGAGCA,CACUUUCUAUCUUUUGUCAC,Cleavage
1407,Egr-miR156n,Eucgr.E01777.1,32028066,Eucgr.E01777,Eucgr.E01777.1.v2.0,v2.0,3.0,,1,20,599,618,UUGACAGAAGAUAGAGAGCA,CUCUCUCUCUCUUCUGUCGA,Cleavage
1408,Egr-miR156n,Eucgr.G02582.2,32072470,Eucgr.G02582,Eucgr.G02582.2.v2.0,v2.0,3.0,,1,20,922,941,UUGACAGAAGAUAGAGAGCA,GCUUCUCUGUCUUCUGUUAG,Cleavage
1409,Egr-miR156n,Eucgr.G02582.1,32072469,Eucgr.G02582,Eucgr.G02582.1.v2.0,v2.0,3.0,,1,20,922,941,UUGACAGAAGAUAGAGAGCA,GCUUCUCUGUCUUCUGUUAG,Cleavage
1410,Egr-miR156n,Eucgr.J02987.1,32033812,Eucgr.J02987,Eucgr.J02987.1.v2.0,v2.0,3.0,,1,20,1405,1424,UUGACAGAAGAUAGAGAGCA,AGCUUUCCAUCUUCUGUCGG,Cleavage
1411,Egr-miR156n,Eucgr.J02987.2,32033813,Eucgr.J02987,Eucgr.J02987.2.v2.0,v2.0,3.0,,1,20,1405,1424,UUGACAGAAGAUAGAGAGCA,AGCUUUCCAUCUUCUGUCGG,Cleavage
1412,Egr-miR156n,Eucgr.F01980.1,32054910,Eucgr.F01980,Eucgr.F01980.1.v2.0,v2.0,3.0,,1,20,2128,2147,UUGACAGAAGAUAGAGAGCA,GGAUCUCUAUCUUUUCUCAA,Cleavage
1413,Egr-miR156n,Eucgr.D00519.1,32049719,Eucgr.D00519,Eucgr.D00519.1.v2.0,v2.0,3.0,,1,20,635,654,UUGACAGAAGAUAGAGAGCA,CGUCUUAUAUCUUCUGUCAA,Cleavage
1414,Egr-miR156o,Eucgr.A00359.1,32049226,Eucgr.A00359,Eucgr.A00359.1.v2.0,v2.0,3.0,,1,22,185,206,UGACAGAAGAGAGUGAGCACAC,AGGAGCUCAUUUUCUUUUGUCG,Cleavage
1415,Egr-miR156o,Eucgr.E01830.2,32031187,Eucgr.E01830,Eucgr.E01830.2.v2.0,v2.0,3.0,,1,22,1027,1048,UGACAGAAGAGAGUGAGCACAC,AGUUGCUUGCUUUCUGCUGUCA,Cleavage
1416,Egr-miR156o,Eucgr.E01830.1,32031186,Eucgr.E01830,Eucgr.E01830.1.v2.0,v2.0,3.0,,1,22,1027,1048,UGACAGAAGAGAGUGAGCACAC,AGUUGCUUGCUUUCUGCUGUCA,Cleavage
1417,Egr-miR156o,Eucgr.K03390.1,32068634,Eucgr.K03390,Eucgr.K03390.1.v2.0,v2.0,3.0,,1,22,2911,2932,UGACAGAAGAGAGUGAGCACAC,AGAUGCUCACGCUCUGCUGUCA,Cleavage
1418,Egr-miR156o,Eucgr.J01144.1,32032221,Eucgr.J01144,Eucgr.J01144.1.v2.0,v2.0,3.0,,1,22,1618,1639,UGACAGAAGAGAGUGAGCACAC,AGUUUUUCGUUCUCUUUUGUCA,Cleavage
1419,Egr-miR164a,Eucgr.D01503.1,32051183,Eucgr.D01503,Eucgr.D01503.1.v2.0,v2.0,3.0,,1,20,2809,2828,UGGAGAAGCAGGGCACGUGC,GUAGGUGUCCUGCUUCUCCU,Cleavage
1420,Egr-miR164a,Eucgr.E03848.1,32028743,Eucgr.E03848,Eucgr.E03848.1.v2.0,v2.0,3.0,,1,20,238,257,UGGAGAAGCAGGGCACGUGC,CCACGUGCCCCGCUUCUUCC,Translation
1421,Egr-miR164a,Eucgr.E03850.1,32030052,Eucgr.E03850,Eucgr.E03850.1.v2.0,v2.0,3.0,,1,20,222,241,UGGAGAAGCAGGGCACGUGC,CCACGUGCCCCGCUUCUUCC,Translation
1422,Egr-miR164a,Eucgr.E03850.2,32030053,Eucgr.E03850,Eucgr.E03850.2.v2.0,v2.0,3.0,,1,20,222,241,UGGAGAAGCAGGGCACGUGC,CCACGUGCCCCGCUUCUUCC,Translation
1423,Egr-miR164a,Eucgr.E03850.3,32030054,Eucgr.E03850,Eucgr.E03850.3.v2.0,v2.0,3.0,,1,20,222,241,UGGAGAAGCAGGGCACGUGC,CCACGUGCCCCGCUUCUUCC,Translation
1424,Egr-miR164a,Eucgr.K01669.3,32067738,Eucgr.K01669,Eucgr.K01669.3.v2.0,v2.0,3.0,,1,20,383,402,UGGAGAAGCAGGGCACGUGC,CGGUGUGCCUUGCUUCUUCA,Cleavage
1425,Egr-miR164a,Eucgr.K01669.2,32067737,Eucgr.K01669,Eucgr.K01669.2.v2.0,v2.0,3.0,,1,20,383,402,UGGAGAAGCAGGGCACGUGC,CGGUGUGCCUUGCUUCUUCA,Cleavage
1426,Egr-miR164a,Eucgr.K01669.1,32067736,Eucgr.K01669,Eucgr.K01669.1.v2.0,v2.0,3.0,,1,20,383,402,UGGAGAAGCAGGGCACGUGC,CGGUGUGCCUUGCUUCUUCA,Cleavage
1427,Egr-miR164a,Eucgr.B02388.1,32058456,Eucgr.B02388,Eucgr.B02388.1.v2.0,v2.0,3.0,,1,20,1020,1038,UGGAGAAGCAGGGCACGUGC,GCAU-UGCCCUGCUUUUCCA,Cleavage
1428,Egr-miR164a,Eucgr.C00432.1,32039441,Eucgr.C00432,Eucgr.C00432.1.v2.0,v2.0,3.0,,1,20,235,254,UGGAGAAGCAGGGCACGUGC,UCUUGUGCUCUGUUUCUUCA,Cleavage
1429,Egr-miR164a,Eucgr.D01196.1,32050360,Eucgr.D01196,Eucgr.D01196.1.v2.0,v2.0,3.0,,1,20,214,233,UGGAGAAGCAGGGCACGUGC,CCAUGUACCCUGAUUCUCCA,Cleavage
1430,Egr-miR164a,Eucgr.B00719.1,32058994,Eucgr.B00719,Eucgr.B00719.1.v2.0,v2.0,3.0,,1,20,602,621,UGGAGAAGCAGGGCACGUGC,ACACGGUUCCUGCUUCUCCG,Cleavage
1431,Egr-miR165b,Eucgr.D00593.2,32050748,Eucgr.D00593,Eucgr.D00593.2.v2.0,v2.0,3.0,,1,22,175,196,UCGGACCAGGCUUCAUUCCCCU,GCGGGAGUGAAGUUUGAUCCGA,Cleavage
1432,Egr-miR165b,Eucgr.D00593.1,32050747,Eucgr.D00593,Eucgr.D00593.1.v2.0,v2.0,3.0,,1,22,208,229,UCGGACCAGGCUUCAUUCCCCU,GCGGGAGUGAAGUUUGAUCCGA,Cleavage
1433,Egr-miR165b,Eucgr.J01766.2,32032743,Eucgr.J01766,Eucgr.J01766.2.v2.0,v2.0,3.0,,1,22,6019,6040,UCGGACCAGGCUUCAUUCCCCU,AGUGGAAUGGACCUUGGUCUGA,Translation
1434,Egr-miR165b,Eucgr.J01766.1,32032742,Eucgr.J01766,Eucgr.J01766.1.v2.0,v2.0,3.0,,1,22,6019,6040,UCGGACCAGGCUUCAUUCCCCU,AGUGGAAUGGACCUUGGUCUGA,Translation
1435,Egr-miR165b,Eucgr.D00592.1,32051555,Eucgr.D00592,Eucgr.D00592.1.v2.0,v2.0,3.0,,1,22,175,196,UCGGACCAGGCUUCAUUCCCCU,GCGGGAGUGAAGUUUGAUCCGA,Cleavage
1436,Egr-miR165b,Eucgr.D00591.1,32050983,Eucgr.D00591,Eucgr.D00591.1.v2.0,v2.0,3.0,,1,22,175,196,UCGGACCAGGCUUCAUUCCCCU,GCGGGAGUGAAGUUUGAUCCGA,Cleavage
1437,Egr-miR165b,Eucgr.D00595.1,32050716,Eucgr.D00595,Eucgr.D00595.1.v2.0,v2.0,3.0,,1,22,267,288,UCGGACCAGGCUUCAUUCCCCU,GCGGGAGUGAAGUUUGAUCCGA,Cleavage
1438,Egr-miR165b,Eucgr.L01216.1,32052308,Eucgr.L01216,Eucgr.L01216.1.v2.0,v2.0,3.0,,1,22,1532,1553,UCGGACCAGGCUUCAUUCCCCU,GAAAGGACGAAGCUUGGUCCGA,Cleavage
1439,Egr-miR165b,Eucgr.C02388.2,32037675,Eucgr.C02388,Eucgr.C02388.2.v2.0,v2.0,3.0,,1,22,525,546,UCGGACCAGGCUUCAUUCCCCU,GAUGAGGUGAGGCCUGGUCUGA,Cleavage
1440,Egr-miR165b,Eucgr.C02388.1,32037674,Eucgr.C02388,Eucgr.C02388.1.v2.0,v2.0,3.0,,1,22,544,565,UCGGACCAGGCUUCAUUCCCCU,GAUGAGGUGAGGCCUGGUCUGA,Cleavage
1441,Egr-miR165b,Eucgr.F03104.1,32052679,Eucgr.F03104,Eucgr.F03104.1.v2.0,v2.0,3.0,,1,22,1274,1295,UCGGACCAGGCUUCAUUCCCCU,GAAGGAAAAAAGCUUGGUCUGA,Cleavage
1442,Egr-miR165e,Eucgr.D00593.2,32050748,Eucgr.D00593,Eucgr.D00593.2.v2.0,v2.0,3.0,,1,20,177,196,UCGGACCAGGCUUCAUUCCC,GGGAGUGAAGUUUGAUCCGA,Cleavage
1443,Egr-miR165e,Eucgr.D00593.1,32050747,Eucgr.D00593,Eucgr.D00593.1.v2.0,v2.0,3.0,,1,20,210,229,UCGGACCAGGCUUCAUUCCC,GGGAGUGAAGUUUGAUCCGA,Cleavage
1444,Egr-miR165e,Eucgr.D00592.1,32051555,Eucgr.D00592,Eucgr.D00592.1.v2.0,v2.0,3.0,,1,20,177,196,UCGGACCAGGCUUCAUUCCC,GGGAGUGAAGUUUGAUCCGA,Cleavage
1445,Egr-miR165e,Eucgr.D00591.1,32050983,Eucgr.D00591,Eucgr.D00591.1.v2.0,v2.0,3.0,,1,20,177,196,UCGGACCAGGCUUCAUUCCC,GGGAGUGAAGUUUGAUCCGA,Cleavage
1446,Egr-miR165e,Eucgr.D00595.1,32050716,Eucgr.D00595,Eucgr.D00595.1.v2.0,v2.0,3.0,,1,20,269,288,UCGGACCAGGCUUCAUUCCC,GGGAGUGAAGUUUGAUCCGA,Cleavage
1447,Egr-miR165e,Eucgr.J01766.2,32032743,Eucgr.J01766,Eucgr.J01766.2.v2.0,v2.0,3.0,,1,20,6021,6040,UCGGACCAGGCUUCAUUCCC,UGGAAUGGACCUUGGUCUGA,Translation
1448,Egr-miR165e,Eucgr.J01766.1,32032742,Eucgr.J01766,Eucgr.J01766.1.v2.0,v2.0,3.0,,1,20,6021,6040,UCGGACCAGGCUUCAUUCCC,UGGAAUGGACCUUGGUCUGA,Translation
1449,Egr-miR165e,Eucgr.L01216.1,32052308,Eucgr.L01216,Eucgr.L01216.1.v2.0,v2.0,3.0,,1,20,1534,1553,UCGGACCAGGCUUCAUUCCC,AAGGACGAAGCUUGGUCCGA,Cleavage
1450,Egr-miR165e,Eucgr.C02388.2,32037675,Eucgr.C02388,Eucgr.C02388.2.v2.0,v2.0,3.0,,1,20,527,546,UCGGACCAGGCUUCAUUCCC,UGAGGUGAGGCCUGGUCUGA,Cleavage
1451,Egr-miR165e,Eucgr.C02388.1,32037674,Eucgr.C02388,Eucgr.C02388.1.v2.0,v2.0,3.0,,1,20,546,565,UCGGACCAGGCUUCAUUCCC,UGAGGUGAGGCCUGGUCUGA,Cleavage
1452,Egr-miR165e,Eucgr.F03104.1,32052679,Eucgr.F03104,Eucgr.F03104.1.v2.0,v2.0,3.0,,1,20,1276,1295,UCGGACCAGGCUUCAUUCCC,AGGAAAAAAGCUUGGUCUGA,Cleavage
1453,Egr-miR165f,Eucgr.D00593.2,32050748,Eucgr.D00593,Eucgr.D00593.2.v2.0,v2.0,3.0,,1,21,176,196,UCGGACCAGGCUUCAUUCCCC,CGGGAGUGAAGUUUGAUCCGA,Cleavage
1454,Egr-miR165f,Eucgr.D00593.1,32050747,Eucgr.D00593,Eucgr.D00593.1.v2.0,v2.0,3.0,,1,21,209,229,UCGGACCAGGCUUCAUUCCCC,CGGGAGUGAAGUUUGAUCCGA,Cleavage
1455,Egr-miR165f,Eucgr.D00592.1,32051555,Eucgr.D00592,Eucgr.D00592.1.v2.0,v2.0,3.0,,1,21,176,196,UCGGACCAGGCUUCAUUCCCC,CGGGAGUGAAGUUUGAUCCGA,Cleavage
1456,Egr-miR165f,Eucgr.D00591.1,32050983,Eucgr.D00591,Eucgr.D00591.1.v2.0,v2.0,3.0,,1,21,176,196,UCGGACCAGGCUUCAUUCCCC,CGGGAGUGAAGUUUGAUCCGA,Cleavage
1457,Egr-miR165f,Eucgr.D00595.1,32050716,Eucgr.D00595,Eucgr.D00595.1.v2.0,v2.0,3.0,,1,21,268,288,UCGGACCAGGCUUCAUUCCCC,CGGGAGUGAAGUUUGAUCCGA,Cleavage
1458,Egr-miR165f,Eucgr.J01766.2,32032743,Eucgr.J01766,Eucgr.J01766.2.v2.0,v2.0,3.0,,1,21,6020,6040,UCGGACCAGGCUUCAUUCCCC,GUGGAAUGGACCUUGGUCUGA,Translation
1459,Egr-miR165f,Eucgr.J01766.1,32032742,Eucgr.J01766,Eucgr.J01766.1.v2.0,v2.0,3.0,,1,21,6020,6040,UCGGACCAGGCUUCAUUCCCC,GUGGAAUGGACCUUGGUCUGA,Translation
1460,Egr-miR165f,Eucgr.L01216.1,32052308,Eucgr.L01216,Eucgr.L01216.1.v2.0,v2.0,3.0,,1,21,1533,1553,UCGGACCAGGCUUCAUUCCCC,AAAGGACGAAGCUUGGUCCGA,Cleavage
1461,Egr-miR165f,Eucgr.C02388.2,32037675,Eucgr.C02388,Eucgr.C02388.2.v2.0,v2.0,3.0,,1,21,526,546,UCGGACCAGGCUUCAUUCCCC,AUGAGGUGAGGCCUGGUCUGA,Cleavage
1462,Egr-miR165f,Eucgr.C02388.1,32037674,Eucgr.C02388,Eucgr.C02388.1.v2.0,v2.0,3.0,,1,21,545,565,UCGGACCAGGCUUCAUUCCCC,AUGAGGUGAGGCCUGGUCUGA,Cleavage
1463,Egr-miR165f,Eucgr.F03104.1,32052679,Eucgr.F03104,Eucgr.F03104.1.v2.0,v2.0,3.0,,1,21,1275,1295,UCGGACCAGGCUUCAUUCCCC,AAGGAAAAAAGCUUGGUCUGA,Cleavage
1464,Egr-miR167a,Eucgr.F04001.1,32054341,Eucgr.F04001,Eucgr.F04001.1.v2.0,v2.0,3.0,,1,23,458,480,UGAAGCUGCCAGCAUGAUCUGAG,AUUAGAUUAUGUUGUCAGUUUCA,Cleavage
1465,Egr-miR167a,Eucgr.H00603.1,32041480,Eucgr.H00603,Eucgr.H00603.1.v2.0,v2.0,3.0,,1,23,1160,1182,UGAAGCUGCCAGCAUGAUCUGAG,GUUGGAUCAUGCUGGUACCUUCU,Cleavage
1466,Egr-miR167a,Eucgr.H00605.1,32044367,Eucgr.H00605,Eucgr.H00605.1.v2.0,v2.0,3.0,,1,23,1159,1181,UGAAGCUGCCAGCAUGAUCUGAG,GUUGGAUCAUGCUGGUACCUUCU,Cleavage
1467,Egr-miR167a,Eucgr.H00600.1,32045400,Eucgr.H00600,Eucgr.H00600.1.v2.0,v2.0,3.0,,1,23,1335,1357,UGAAGCUGCCAGCAUGAUCUGAG,GUUGGAUCAUGCUGGUACCUUCU,Cleavage
1468,Egr-miR167b,Eucgr.F00749.1,32056189,Eucgr.F00749,Eucgr.F00749.1.v2.0,v2.0,3.0,,1,22,580,601,UGAAGCUGCCAGCGUGAUCUCA,CUGGAUCGCGCUGCCAGCUUCU,Cleavage
1469,Egr-miR167b,Eucgr.H00555.1,32043911,Eucgr.H00555,Eucgr.H00555.1.v2.0,v2.0,3.0,,1,22,2041,2062,UGAAGCUGCCAGCGUGAUCUCA,AUAGAUGAUGCUGGCAGUUUCC,Cleavage
1470,Egr-miR167b,Eucgr.H02647.1,32043014,Eucgr.H02647,Eucgr.H02647.1.v2.0,v2.0,3.0,,1,22,912,933,UGAAGCUGCCAGCGUGAUCUCA,UCCGAUCACGCUGGCGGAUUCU,Cleavage
1471,Egr-miR167b,Eucgr.H02645.1,32044619,Eucgr.H02645,Eucgr.H02645.1.v2.0,v2.0,3.0,,1,22,1055,1076,UGAAGCUGCCAGCGUGAUCUCA,UCCGAUCACGCUGGCGGAUUCU,Cleavage
1472,Egr-miR167b,Eucgr.F03026.1,32056340,Eucgr.F03026,Eucgr.F03026.1.v2.0,v2.0,3.0,,1,22,45,66,UGAAGCUGCCAGCGUGAUCUCA,CCCGACCAUGCUGGGAGCUUCA,Cleavage
1473,Egr-miR167b,Eucgr.K02068.2,32067920,Eucgr.K02068,Eucgr.K02068.2.v2.0,v2.0,3.0,,1,22,577,598,UGAAGCUGCCAGCGUGAUCUCA,GCCGAGCACGCUGCCAGCUUCG,Cleavage
1474,Egr-miR167b,Eucgr.K02068.1,32067919,Eucgr.K02068,Eucgr.K02068.1.v2.0,v2.0,3.0,,1,22,577,598,UGAAGCUGCCAGCGUGAUCUCA,GCCGAGCACGCUGCCAGCUUCG,Cleavage
1475,Egr-miR167c,Eucgr.F04001.1,32054341,Eucgr.F04001,Eucgr.F04001.1.v2.0,v2.0,3.0,,1,20,461,480,UGAAGCUGCCAGCAUGAUCU,AGAUUAUGUUGUCAGUUUCA,Cleavage
1476,Egr-miR167c,Eucgr.H00603.1,32041480,Eucgr.H00603,Eucgr.H00603.1.v2.0,v2.0,3.0,,1,20,1163,1182,UGAAGCUGCCAGCAUGAUCU,GGAUCAUGCUGGUACCUUCU,Cleavage
1477,Egr-miR167c,Eucgr.H00605.1,32044367,Eucgr.H00605,Eucgr.H00605.1.v2.0,v2.0,3.0,,1,20,1162,1181,UGAAGCUGCCAGCAUGAUCU,GGAUCAUGCUGGUACCUUCU,Cleavage
1478,Egr-miR167c,Eucgr.H00600.1,32045400,Eucgr.H00600,Eucgr.H00600.1.v2.0,v2.0,3.0,,1,20,1338,1357,UGAAGCUGCCAGCAUGAUCU,GGAUCAUGCUGGUACCUUCU,Cleavage
1479,Egr-miR396a,Eucgr.F04420.1,32053368,Eucgr.F04420,Eucgr.F04420.1.v2.0,v2.0,3.0,,1,20,552,572,UUCCACA-GCUUUCUUGAACU,CGUUCAAGAAAGCAUGUGGAA,Cleavage
1480,Egr-miR396a,Eucgr.D01674.1,32049974,Eucgr.D01674,Eucgr.D01674.1.v2.0,v2.0,3.0,,1,20,564,584,UUCCACA-GCUUUCUUGAACU,CGUUCAAGAAAGCCUGUGGAA,Cleavage
1481,Egr-miR396a,Eucgr.D02603.1,32051202,Eucgr.D02603,Eucgr.D02603.1.v2.0,v2.0,3.0,,1,20,316,336,UUCCACA-GCUUUCUUGAACU,CGUUCAAGAAAGCCUGUGGAA,Cleavage
1482,Egr-miR396a,Eucgr.I01183.2,32062893,Eucgr.I01183,Eucgr.I01183.2.v2.0,v2.0,3.0,,1,20,8873,8892,UUCCACAGCUUUCUUGAACU,AGUUUAAGGAAGCUGAGGAG,Cleavage
1483,Egr-miR396a,Eucgr.I01183.1,32062892,Eucgr.I01183,Eucgr.I01183.1.v2.0,v2.0,3.0,,1,20,8873,8892,UUCCACAGCUUUCUUGAACU,AGUUUAAGGAAGCUGAGGAG,Cleavage
1484,Egr-miR396a,Eucgr.A01418.2,32048888,Eucgr.A01418,Eucgr.A01418.2.v2.0,v2.0,3.0,,1,20,782,802,UUCCACA-GCUUUCUUGAACU,CGUUCAAGAAAGCCUGUGGAA,Cleavage
1485,Egr-miR396a,Eucgr.A01534.1,32046793,Eucgr.A01534,Eucgr.A01534.1.v2.0,v2.0,3.0,,1,20,728,748,UUCCACA-GCUUUCUUGAACU,CGUUCAAGAAAGCCUGUGGAA,Cleavage
1486,Egr-miR396a,Eucgr.C00823.1,32036340,Eucgr.C00823,Eucgr.C00823.1.v2.0,v2.0,3.0,,1,20,598,618,UUCCACA-GCUUUCUUGAACU,CGUUCAAGAAAGCCUGUGGAA,Cleavage
1487,Egr-miR396a,Eucgr.A01418.1,32048887,Eucgr.A01418,Eucgr.A01418.1.v2.0,v2.0,3.0,,1,20,782,802,UUCCACA-GCUUUCUUGAACU,CGUUCAAGAAAGCCUGUGGAA,Cleavage
1488,Egr-miR396a,Eucgr.F00097.1,32052853,Eucgr.F00097,Eucgr.F00097.1.v2.0,v2.0,3.0,,1,20,854,874,UUCCACA-GCUUUCUUGAACU,CGUUCAAGAAAGCCUGUGGAA,Cleavage
1489,Egr-miR396a,Eucgr.L00593.1,32027696,Eucgr.L00593,Eucgr.L00593.1.v2.0,v2.0,3.0,,1,20,782,801,UUCCACAGCUUUCUUGAACU,AAUUUAAGAAGGCUGUGGAU,Cleavage
1490,Egr-miR396a,Eucgr.I00852.1,32063385,Eucgr.I00852,Eucgr.I00852.1.v2.0,v2.0,3.0,,1,20,53,72,UUCCACAGCUUUCUUGAACU,AGCUCAAAGAAGCUGUGGAA,Cleavage
1491,Egr-miR396a,Eucgr.E00070.1,32029247,Eucgr.E00070,Eucgr.E00070.1.v2.0,v2.0,3.0,,1,20,1258,1277,UUCCACAGCUUUCUUGAACU,AAUUCGAGAAAGCCGUGGAA,Cleavage
1492,Egr-miR396a,Eucgr.D01126.2,32052286,Eucgr.D01126,Eucgr.D01126.2.v2.0,v2.0,3.0,,1,20,1148,1167,UUCCACAGCUUUCUUGAACU,AUUUCAAGAGAGUUGUGGGG,Cleavage
1493,Egr-miR396a,Eucgr.D01126.1,32052285,Eucgr.D01126,Eucgr.D01126.1.v2.0,v2.0,3.0,,1,20,1148,1167,UUCCACAGCUUUCUUGAACU,AUUUCAAGAGAGUUGUGGGG,Cleavage
1494,Egr-miR396a,Eucgr.B02507.1,32062226,Eucgr.B02507,Eucgr.B02507.1.v2.0,v2.0,3.0,,1,20,1532,1551,UUCCACAGCUUUCUUGAACU,AGCUUGAGGAAGCUGUGGAG,Cleavage
1495,Egr-miR396a,Eucgr.D01758.4,32051572,Eucgr.D01758,Eucgr.D01758.4.v2.0,v2.0,3.0,,1,20,703,722,UUCCACAGCUUUCUUGAACU,AUUUCAGGAAAGCUAUGGAA,Cleavage
1496,Egr-miR396a,Eucgr.D01758.2,32051570,Eucgr.D01758,Eucgr.D01758.2.v2.0,v2.0,3.0,,1,20,703,722,UUCCACAGCUUUCUUGAACU,AUUUCAGGAAAGCUAUGGAA,Cleavage
1497,Egr-miR396a,Eucgr.D01758.3,32051571,Eucgr.D01758,Eucgr.D01758.3.v2.0,v2.0,3.0,,1,20,703,722,UUCCACAGCUUUCUUGAACU,AUUUCAGGAAAGCUAUGGAA,Cleavage
1498,Egr-miR396a,Eucgr.D01758.1,32051569,Eucgr.D01758,Eucgr.D01758.1.v2.0,v2.0,3.0,,1,20,703,722,UUCCACAGCUUUCUUGAACU,AUUUCAGGAAAGCUAUGGAA,Cleavage
1499,Egr-miR396a,Eucgr.K03591.1,32067249,Eucgr.K03591,Eucgr.K03591.1.v2.0,v2.0,3.0,,1,20,152,171,UUCCACAGCUUUCUUGAACU,UGUUUGGGGAGGCUGUGGGA,Cleavage
1500,Egr-miR396a,Eucgr.B02505.2,32061124,Eucgr.B02505,Eucgr.B02505.2.v2.0,v2.0,3.0,,1,20,2414,2433,UUCCACAGCUUUCUUGAACU,UGUUCGAGGAGGAUGUGGAA,Cleavage
1501,Egr-miR396a,Eucgr.B02505.1,32061123,Eucgr.B02505,Eucgr.B02505.1.v2.0,v2.0,3.0,,1,20,2417,2436,UUCCACAGCUUUCUUGAACU,UGUUCGAGGAGGAUGUGGAA,Cleavage
1502,Egr-miR396a,Eucgr.B02279.1,32062204,Eucgr.B02279,Eucgr.B02279.1.v2.0,v2.0,3.0,,1,20,920,939,UUCCACAGCUUUCUUGAACU,UGUUCAAGAAAGCUUGGGAA,Cleavage
1503,Egr-miR396a,Eucgr.J01882.1,32032292,Eucgr.J01882,Eucgr.J01882.1.v2.0,v2.0,3.0,,1,20,1081,1100,UUCCACAGCUUUCUUGAACU,GGUUCCAGAAAAUUGUGGAA,Cleavage
1504,Egr-miR396a,Eucgr.G01806.1,32070532,Eucgr.G01806,Eucgr.G01806.1.v2.0,v2.0,3.0,,1,20,1099,1118,UUCCACAGCUUUCUUGAACU,GGAUUGAGAAGGCUGUGGAG,Cleavage
1505,Egr-miR396a,Eucgr.H02264.1,32042049,Eucgr.H02264,Eucgr.H02264.1.v2.0,v2.0,3.0,,1,20,1339,1358,UUCCACAGCUUUCUUGAACU,AGCUCCAGAAGGCUGUGGAG,Cleavage
1506,Egr-miR396a,Eucgr.D00919.1,32050671,Eucgr.D00919,Eucgr.D00919.1.v2.0,v2.0,3.0,,1,20,694,713,UUCCACAGCUUUCUUGAACU,CAUUCAUGGAAGUUGUGGAA,Cleavage
1507,Egr-miR396a,Eucgr.L00961.1,32040463,Eucgr.L00961,Eucgr.L00961.1.v2.0,v2.0,3.0,,1,20,999,1018,UUCCACAGCUUUCUUGAACU,UCUUCAUGGAGGCUGUGGAA,Cleavage
1508,Egr-miR396a,Eucgr.B00260.1,32061363,Eucgr.B00260,Eucgr.B00260.1.v2.0,v2.0,3.0,,1,20,1257,1276,UUCCACAGCUUUCUUGAACU,UCUUCAUGGAAGCUGUGGAG,Cleavage
1509,Egr-miR396a,Eucgr.K01667.1,32066381,Eucgr.K01667,Eucgr.K01667.1.v2.0,v2.0,3.0,,1,20,283,302,UUCCACAGCUUUCUUGAACU,CCUUAAAGGAAGUUGUGGAA,Cleavage
1510,Egr-miR396a,Eucgr.K01667.2,32066382,Eucgr.K01667,Eucgr.K01667.2.v2.0,v2.0,3.0,,1,20,570,589,UUCCACAGCUUUCUUGAACU,CCUUAAAGGAAGUUGUGGAA,Cleavage
1511,Egr-miR396a,Eucgr.D00923.1,32051824,Eucgr.D00923,Eucgr.D00923.1.v2.0,v2.0,3.0,,1,20,2286,2305,UUCCACAGCUUUCUUGAACU,CAUUCAUGGAAGUUGUGGAA,Cleavage
1512,Egr-miR396a,Eucgr.D00923.2,32051825,Eucgr.D00923,Eucgr.D00923.2.v2.0,v2.0,3.0,,1,20,2370,2389,UUCCACAGCUUUCUUGAACU,CAUUCAUGGAAGUUGUGGAA,Cleavage
1513,Egr-miR396a,Eucgr.A02497.1,32046624,Eucgr.A02497,Eucgr.A02497.1.v2.0,v2.0,3.0,,1,20,923,942,UUCCACAGCUUUCUUGAACU,UGUUCACGAAAGCUAUGGGA,Cleavage
1514,Egr-miR396a,Eucgr.B02351.1,32061310,Eucgr.B02351,Eucgr.B02351.1.v2.0,v2.0,3.0,,1,20,616,635,UUCCACAGCUUUCUUGAACU,UGAUCAAGGAAGCUGUGGUA,Cleavage
1515,Egr-miR396a,Eucgr.L02994.1,32073613,Eucgr.L02994,Eucgr.L02994.1.v2.0,v2.0,3.0,,1,20,1736,1755,UUCCACAGCUUUCUUGAACU,GGUCGAGGAGAGCUGUGGAA,Cleavage
1516,Egr-miR396c,Eucgr.F04420.1,32053368,Eucgr.F04420,Eucgr.F04420.1.v2.0,v2.0,3.0,,1,20,552,572,UUCCACA-GCUUUCUUGAACU,CGUUCAAGAAAGCAUGUGGAA,Cleavage
1517,Egr-miR396c,Eucgr.D01674.1,32049974,Eucgr.D01674,Eucgr.D01674.1.v2.0,v2.0,3.0,,1,20,564,584,UUCCACA-GCUUUCUUGAACU,CGUUCAAGAAAGCCUGUGGAA,Cleavage
1518,Egr-miR396c,Eucgr.D02603.1,32051202,Eucgr.D02603,Eucgr.D02603.1.v2.0,v2.0,3.0,,1,20,316,336,UUCCACA-GCUUUCUUGAACU,CGUUCAAGAAAGCCUGUGGAA,Cleavage
1519,Egr-miR396c,Eucgr.I01183.2,32062893,Eucgr.I01183,Eucgr.I01183.2.v2.0,v2.0,3.0,,1,20,8873,8892,UUCCACAGCUUUCUUGAACU,AGUUUAAGGAAGCUGAGGAG,Cleavage
1520,Egr-miR396c,Eucgr.I01183.1,32062892,Eucgr.I01183,Eucgr.I01183.1.v2.0,v2.0,3.0,,1,20,8873,8892,UUCCACAGCUUUCUUGAACU,AGUUUAAGGAAGCUGAGGAG,Cleavage
1521,Egr-miR396c,Eucgr.A01418.2,32048888,Eucgr.A01418,Eucgr.A01418.2.v2.0,v2.0,3.0,,1,20,782,802,UUCCACA-GCUUUCUUGAACU,CGUUCAAGAAAGCCUGUGGAA,Cleavage
1522,Egr-miR396c,Eucgr.A01534.1,32046793,Eucgr.A01534,Eucgr.A01534.1.v2.0,v2.0,3.0,,1,20,728,748,UUCCACA-GCUUUCUUGAACU,CGUUCAAGAAAGCCUGUGGAA,Cleavage
1523,Egr-miR396c,Eucgr.C00823.1,32036340,Eucgr.C00823,Eucgr.C00823.1.v2.0,v2.0,3.0,,1,20,598,618,UUCCACA-GCUUUCUUGAACU,CGUUCAAGAAAGCCUGUGGAA,Cleavage
1524,Egr-miR396c,Eucgr.A01418.1,32048887,Eucgr.A01418,Eucgr.A01418.1.v2.0,v2.0,3.0,,1,20,782,802,UUCCACA-GCUUUCUUGAACU,CGUUCAAGAAAGCCUGUGGAA,Cleavage
1525,Egr-miR396c,Eucgr.F00097.1,32052853,Eucgr.F00097,Eucgr.F00097.1.v2.0,v2.0,3.0,,1,20,854,874,UUCCACA-GCUUUCUUGAACU,CGUUCAAGAAAGCCUGUGGAA,Cleavage
1526,Egr-miR396c,Eucgr.L00593.1,32027696,Eucgr.L00593,Eucgr.L00593.1.v2.0,v2.0,3.0,,1,20,782,801,UUCCACAGCUUUCUUGAACU,AAUUUAAGAAGGCUGUGGAU,Cleavage
1527,Egr-miR396c,Eucgr.I00852.1,32063385,Eucgr.I00852,Eucgr.I00852.1.v2.0,v2.0,3.0,,1,20,53,72,UUCCACAGCUUUCUUGAACU,AGCUCAAAGAAGCUGUGGAA,Cleavage
1528,Egr-miR396c,Eucgr.E00070.1,32029247,Eucgr.E00070,Eucgr.E00070.1.v2.0,v2.0,3.0,,1,20,1258,1277,UUCCACAGCUUUCUUGAACU,AAUUCGAGAAAGCCGUGGAA,Cleavage
1529,Egr-miR396c,Eucgr.D01126.2,32052286,Eucgr.D01126,Eucgr.D01126.2.v2.0,v2.0,3.0,,1,20,1148,1167,UUCCACAGCUUUCUUGAACU,AUUUCAAGAGAGUUGUGGGG,Cleavage
1530,Egr-miR396c,Eucgr.D01126.1,32052285,Eucgr.D01126,Eucgr.D01126.1.v2.0,v2.0,3.0,,1,20,1148,1167,UUCCACAGCUUUCUUGAACU,AUUUCAAGAGAGUUGUGGGG,Cleavage
1531,Egr-miR396c,Eucgr.B02507.1,32062226,Eucgr.B02507,Eucgr.B02507.1.v2.0,v2.0,3.0,,1,20,1532,1551,UUCCACAGCUUUCUUGAACU,AGCUUGAGGAAGCUGUGGAG,Cleavage
1532,Egr-miR396c,Eucgr.D01758.4,32051572,Eucgr.D01758,Eucgr.D01758.4.v2.0,v2.0,3.0,,1,20,703,722,UUCCACAGCUUUCUUGAACU,AUUUCAGGAAAGCUAUGGAA,Cleavage
1533,Egr-miR396c,Eucgr.D01758.2,32051570,Eucgr.D01758,Eucgr.D01758.2.v2.0,v2.0,3.0,,1,20,703,722,UUCCACAGCUUUCUUGAACU,AUUUCAGGAAAGCUAUGGAA,Cleavage
1534,Egr-miR396c,Eucgr.D01758.3,32051571,Eucgr.D01758,Eucgr.D01758.3.v2.0,v2.0,3.0,,1,20,703,722,UUCCACAGCUUUCUUGAACU,AUUUCAGGAAAGCUAUGGAA,Cleavage
1535,Egr-miR396c,Eucgr.D01758.1,32051569,Eucgr.D01758,Eucgr.D01758.1.v2.0,v2.0,3.0,,1,20,703,722,UUCCACAGCUUUCUUGAACU,AUUUCAGGAAAGCUAUGGAA,Cleavage
1536,Egr-miR396c,Eucgr.K03591.1,32067249,Eucgr.K03591,Eucgr.K03591.1.v2.0,v2.0,3.0,,1,20,152,171,UUCCACAGCUUUCUUGAACU,UGUUUGGGGAGGCUGUGGGA,Cleavage
1537,Egr-miR396c,Eucgr.B02505.2,32061124,Eucgr.B02505,Eucgr.B02505.2.v2.0,v2.0,3.0,,1,20,2414,2433,UUCCACAGCUUUCUUGAACU,UGUUCGAGGAGGAUGUGGAA,Cleavage
1538,Egr-miR396c,Eucgr.B02505.1,32061123,Eucgr.B02505,Eucgr.B02505.1.v2.0,v2.0,3.0,,1,20,2417,2436,UUCCACAGCUUUCUUGAACU,UGUUCGAGGAGGAUGUGGAA,Cleavage
1539,Egr-miR396c,Eucgr.B02279.1,32062204,Eucgr.B02279,Eucgr.B02279.1.v2.0,v2.0,3.0,,1,20,920,939,UUCCACAGCUUUCUUGAACU,UGUUCAAGAAAGCUUGGGAA,Cleavage
1540,Egr-miR396c,Eucgr.J01882.1,32032292,Eucgr.J01882,Eucgr.J01882.1.v2.0,v2.0,3.0,,1,20,1081,1100,UUCCACAGCUUUCUUGAACU,GGUUCCAGAAAAUUGUGGAA,Cleavage
1541,Egr-miR396c,Eucgr.G01806.1,32070532,Eucgr.G01806,Eucgr.G01806.1.v2.0,v2.0,3.0,,1,20,1099,1118,UUCCACAGCUUUCUUGAACU,GGAUUGAGAAGGCUGUGGAG,Cleavage
1542,Egr-miR396c,Eucgr.H02264.1,32042049,Eucgr.H02264,Eucgr.H02264.1.v2.0,v2.0,3.0,,1,20,1339,1358,UUCCACAGCUUUCUUGAACU,AGCUCCAGAAGGCUGUGGAG,Cleavage
1543,Egr-miR396c,Eucgr.D00919.1,32050671,Eucgr.D00919,Eucgr.D00919.1.v2.0,v2.0,3.0,,1,20,694,713,UUCCACAGCUUUCUUGAACU,CAUUCAUGGAAGUUGUGGAA,Cleavage
1544,Egr-miR396c,Eucgr.L00961.1,32040463,Eucgr.L00961,Eucgr.L00961.1.v2.0,v2.0,3.0,,1,20,999,1018,UUCCACAGCUUUCUUGAACU,UCUUCAUGGAGGCUGUGGAA,Cleavage
1545,Egr-miR396c,Eucgr.B00260.1,32061363,Eucgr.B00260,Eucgr.B00260.1.v2.0,v2.0,3.0,,1,20,1257,1276,UUCCACAGCUUUCUUGAACU,UCUUCAUGGAAGCUGUGGAG,Cleavage
1546,Egr-miR396c,Eucgr.K01667.1,32066381,Eucgr.K01667,Eucgr.K01667.1.v2.0,v2.0,3.0,,1,20,283,302,UUCCACAGCUUUCUUGAACU,CCUUAAAGGAAGUUGUGGAA,Cleavage
1547,Egr-miR396c,Eucgr.K01667.2,32066382,Eucgr.K01667,Eucgr.K01667.2.v2.0,v2.0,3.0,,1,20,570,589,UUCCACAGCUUUCUUGAACU,CCUUAAAGGAAGUUGUGGAA,Cleavage
1548,Egr-miR396c,Eucgr.D00923.1,32051824,Eucgr.D00923,Eucgr.D00923.1.v2.0,v2.0,3.0,,1,20,2286,2305,UUCCACAGCUUUCUUGAACU,CAUUCAUGGAAGUUGUGGAA,Cleavage
1549,Egr-miR396c,Eucgr.D00923.2,32051825,Eucgr.D00923,Eucgr.D00923.2.v2.0,v2.0,3.0,,1,20,2370,2389,UUCCACAGCUUUCUUGAACU,CAUUCAUGGAAGUUGUGGAA,Cleavage
1550,Egr-miR396c,Eucgr.A02497.1,32046624,Eucgr.A02497,Eucgr.A02497.1.v2.0,v2.0,3.0,,1,20,923,942,UUCCACAGCUUUCUUGAACU,UGUUCACGAAAGCUAUGGGA,Cleavage
1551,Egr-miR396c,Eucgr.B02351.1,32061310,Eucgr.B02351,Eucgr.B02351.1.v2.0,v2.0,3.0,,1,20,616,635,UUCCACAGCUUUCUUGAACU,UGAUCAAGGAAGCUGUGGUA,Cleavage
1552,Egr-miR396c,Eucgr.L02994.1,32073613,Eucgr.L02994,Eucgr.L02994.1.v2.0,v2.0,3.0,,1,20,1736,1755,UUCCACAGCUUUCUUGAACU,GGUCGAGGAGAGCUGUGGAA,Cleavage
1553,Egr-miR482a,Eucgr.L01911.1,32027980,Eucgr.L01911,Eucgr.L01911.1.v2.0,v2.0,3.0,,1,21,645,665,UUUCCUAUUCCUCCCAUUCCA,UGGAAUGGGAGGAAUCGGCAA,Cleavage
1554,Egr-miR482a,Eucgr.D02633.1,32050810,Eucgr.D02633,Eucgr.D02633.1.v2.0,v2.0,3.0,,1,21,576,596,UUUCCUAUUCCUCCCAUUCCA,UGGAAUGGGAGGGUUGGGGAA,Cleavage
1555,Egr-miR482a,Eucgr.A02363.1,32047090,Eucgr.A02363,Eucgr.A02363.1.v2.0,v2.0,3.0,,1,21,558,578,UUUCCUAUUCCUCCCAUUCCA,UGGAAUGGGAGGUAUUGGAAA,Cleavage
1556,Egr-miR482a,Eucgr.D02632.1,32051819,Eucgr.D02632,Eucgr.D02632.1.v2.0,v2.0,3.0,,1,21,639,659,UUUCCUAUUCCUCCCAUUCCA,UGGAAUGGGAGGGUUGGGGAA,Cleavage
1557,Egr-miR482a,Eucgr.L01909.1,32027981,Eucgr.L01909,Eucgr.L01909.1.v2.0,v2.0,3.0,,1,21,645,665,UUUCCUAUUCCUCCCAUUCCA,UGGAAUGGGAGGAAUCGGCAA,Cleavage
1558,Egr-miR482a,Eucgr.B03389.1,32060770,Eucgr.B03389,Eucgr.B03389.1.v2.0,v2.0,3.0,,1,21,645,665,UUUCCUAUUCCUCCCAUUCCA,UGGAAUGGGAGGAAUCGGCAA,Cleavage
1559,Egr-miR482a,Eucgr.K00653.1,32068696,Eucgr.K00653,Eucgr.K00653.1.v2.0,v2.0,3.0,,1,21,337,357,UUUCCUAUUCCUCCCAUUCCA,UGGAGUAGGAGGAAUAGGUAA,Cleavage
1560,Egr-miR482a,Eucgr.I02709.1,32065097,Eucgr.I02709,Eucgr.I02709.1.v2.0,v2.0,3.0,,1,21,1595,1615,UUUCCUAUUCCUCCCAUUCCA,UGGAUUGGGAGGAAAGGGAAA,Cleavage
1561,Egr-miR482a,Eucgr.I02709.2,32065098,Eucgr.I02709,Eucgr.I02709.2.v2.0,v2.0,3.0,,1,21,1812,1832,UUUCCUAUUCCUCCCAUUCCA,UGGAUUGGGAGGAAAGGGAAA,Cleavage
1562,Egr-miR482a,Eucgr.I02520.2,32064436,Eucgr.I02520,Eucgr.I02520.2.v2.0,v2.0,3.0,,1,21,1360,1380,UUUCCUAUUCCUCCCAUUCCA,UGGAGUAGGAGGAAUAGGCAA,Cleavage
1563,Egr-miR482a,Eucgr.I02520.1,32064435,Eucgr.I02520,Eucgr.I02520.1.v2.0,v2.0,3.0,,1,21,1360,1380,UUUCCUAUUCCUCCCAUUCCA,UGGAGUAGGAGGAAUAGGCAA,Cleavage
1564,Egr-miR482a,Eucgr.I02520.3,32064437,Eucgr.I02520,Eucgr.I02520.3.v2.0,v2.0,3.0,,1,21,1360,1380,UUUCCUAUUCCUCCCAUUCCA,UGGAGUAGGAGGAAUAGGCAA,Cleavage
1565,Egr-miR482a,Eucgr.F00834.1,32057537,Eucgr.F00834,Eucgr.F00834.1.v2.0,v2.0,3.0,,1,21,1799,1819,UUUCCUAUUCCUCCCAUUCCA,AGGAAUGGGAGGAGUUGGAGG,Cleavage
1566,Egr-miR482a,Eucgr.E01306.1,32031030,Eucgr.E01306,Eucgr.E01306.1.v2.0,v2.0,3.0,,1,21,579,599,UUUCCUAUUCCUCCCAUUCCA,GGGGAUGGGAGGACUGGGGAA,Cleavage
1567,Egr-miR482a,Eucgr.K01281.1,32067425,Eucgr.K01281,Eucgr.K01281.1.v2.0,v2.0,3.0,,1,21,2091,2111,UUUCCUAUUCCUCCCAUUCCA,AGGGAUGGGAGGGAUGGAAAA,Cleavage
1568,Egr-miR482a,Eucgr.E01301.1,32030546,Eucgr.E01301,Eucgr.E01301.1.v2.0,v2.0,3.0,,1,21,579,599,UUUCCUAUUCCUCCCAUUCCA,GGGGAUGGGAGGACUGGGGAA,Cleavage
1569,Egr-miR482a,Eucgr.C01654.1,32039370,Eucgr.C01654,Eucgr.C01654.1.v2.0,v2.0,3.0,,1,21,678,698,UUUCCUAUUCCUCCCAUUCCA,GGGAAUGGGUGGAAUAGGCAA,Cleavage
1570,Egr-miR482a,Eucgr.C01968.1,32037879,Eucgr.C01968,Eucgr.C01968.1.v2.0,v2.0,3.0,,1,21,669,689,UUUCCUAUUCCUCCCAUUCCA,GGGAAUGGGUGGAAUAGGCAA,Cleavage
1571,Egr-miR482a,Eucgr.C03444.1,32036551,Eucgr.C03444,Eucgr.C03444.1.v2.0,v2.0,3.0,,1,21,453,473,UUUCCUAUUCCUCCCAUUCCA,UGGAUUUGGAGGAGUAGGGAA,Cleavage
1572,Egr-miR482a,Eucgr.D02653.1,32050201,Eucgr.D02653,Eucgr.D02653.1.v2.0,v2.0,3.0,,1,21,577,597,UUUCCUAUUCCUCCCAUUCCA,CGGGAUGGGAGGGAGAGGGAA,Cleavage
1573,Egr-miR482a,Eucgr.F02820.2,32052706,Eucgr.F02820,Eucgr.F02820.2.v2.0,v2.0,3.0,,1,21,165,185,UUUCCUAUUCCUCCCAUUCCA,GGGAGAGGGAGGGAUGGGGAA,Cleavage
1574,Egr-miR482a,Eucgr.F02820.1,32052705,Eucgr.F02820,Eucgr.F02820.1.v2.0,v2.0,3.0,,1,21,165,185,UUUCCUAUUCCUCCCAUUCCA,GGGAGAGGGAGGGAUGGGGAA,Cleavage
1575,Egr-miR482a,Eucgr.E04347.1,32029122,Eucgr.E04347,Eucgr.E04347.1.v2.0,v2.0,3.0,,1,21,354,374,UUUCCUAUUCCUCCCAUUCCA,CCAAAUGGGAGGAAGAGGGAA,Cleavage
1576,Egr-miR482a,Eucgr.E02771.1,32029593,Eucgr.E02771,Eucgr.E02771.1.v2.0,v2.0,3.0,,1,21,394,414,UUUCCUAUUCCUCCCAUUCCA,CCAAAUGGGAGGAAGAGGGAA,Cleavage
1577,Egr-miR482a,Eucgr.A02292.1,32048073,Eucgr.A02292,Eucgr.A02292.1.v2.0,v2.0,3.0,,1,21,1699,1719,UUUCCUAUUCCUCCCAUUCCA,GCAAAUGGGAGGAAAGGGAAA,Cleavage
1578,Egr-miR482a,Eucgr.A02292.2,32048074,Eucgr.A02292,Eucgr.A02292.2.v2.0,v2.0,3.0,,1,21,1858,1878,UUUCCUAUUCCUCCCAUUCCA,GCAAAUGGGAGGAAAGGGAAA,Cleavage
1579,Egr-miR482a,Eucgr.B03545.1,32060202,Eucgr.B03545,Eucgr.B03545.1.v2.0,v2.0,3.0,,1,21,733,753,UUUCCUAUUCCUCCCAUUCCA,GAGAAUGGGAAGAAAAGGAAA,Translation
1580,Egr-miR482a,Eucgr.B03652.1,32059694,Eucgr.B03652,Eucgr.B03652.1.v2.0,v2.0,3.0,,1,21,564,584,UUUCCUAUUCCUCCCAUUCCA,GAGAAUGGGAAGAAGAGGAAA,Translation
1581,Egr-miR482a,Eucgr.J00359.1,32032895,Eucgr.J00359,Eucgr.J00359.1.v2.0,v2.0,3.0,,1,21,1204,1224,UUUCCUAUUCCUCCCAUUCCA,GCGGAUGGGAGUGAUAGGAAG,Translation
1582,Egr-miR482a,Eucgr.E00044.1,32031915,Eucgr.E00044,Eucgr.E00044.1.v2.0,v2.0,3.0,,1,21,266,286,UUUCCUAUUCCUCCCAUUCCA,AGGAGGAGGAGGAGUAGGAAA,Cleavage
1583,Egr-miR482a,Eucgr.H02956.1,32044028,Eucgr.H02956,Eucgr.H02956.1.v2.0,v2.0,3.0,,1,21,564,584,UUUCCUAUUCCUCCCAUUCCA,CGGAGAGAGAGGAAUGGGAAA,Cleavage
1584,Egr-miR482b,Eucgr.C02142.1,32036962,Eucgr.C02142,Eucgr.C02142.1.v2.0,v2.0,3.0,,1,21,517,537,UCUUGCCAAUACCACCCAUGC,GCAUGGGUGGCAUUGGCAAAA,Translation
1585,Egr-miR482b,Eucgr.C02141.3,32037348,Eucgr.C02141,Eucgr.C02141.3.v2.0,v2.0,3.0,,1,21,960,980,UCUUGCCAAUACCACCCAUGC,GCAUGGGUGGCAUUGGCAAAA,Translation
1586,Egr-miR482b,Eucgr.C02141.1,32037346,Eucgr.C02141,Eucgr.C02141.1.v2.0,v2.0,3.0,,1,21,764,784,UCUUGCCAAUACCACCCAUGC,GCAUGGGUGGCAUUGGCAAAA,Translation
1587,Egr-miR482b,Eucgr.C02141.5,32037350,Eucgr.C02141,Eucgr.C02141.5.v2.0,v2.0,3.0,,1,21,851,871,UCUUGCCAAUACCACCCAUGC,GCAUGGGUGGCAUUGGCAAAA,Translation
1588,Egr-miR482b,Eucgr.C02141.4,32037349,Eucgr.C02141,Eucgr.C02141.4.v2.0,v2.0,3.0,,1,21,960,980,UCUUGCCAAUACCACCCAUGC,GCAUGGGUGGCAUUGGCAAAA,Translation
1589,Egr-miR482b,Eucgr.C01920.1,32037699,Eucgr.C01920,Eucgr.C01920.1.v2.0,v2.0,3.0,,1,21,650,670,UCUUGCCAAUACCACCCAUGC,GUAUGGGUGGUAUAGGAAAGA,Cleavage
1590,Egr-miR482b,Eucgr.H05056.3,32044446,Eucgr.H05056,Eucgr.H05056.3.v2.0,v2.0,3.0,,1,21,578,598,UCUUGCCAAUACCACCCAUGC,GCAUGGAUGGAAUUGGCAAGG,Translation
1591,Egr-miR482b,Eucgr.H05056.2,32044445,Eucgr.H05056,Eucgr.H05056.2.v2.0,v2.0,3.0,,1,21,548,568,UCUUGCCAAUACCACCCAUGC,GCAUGGAUGGAAUUGGCAAGG,Translation
1592,Egr-miR482b,Eucgr.H05056.1,32044444,Eucgr.H05056,Eucgr.H05056.1.v2.0,v2.0,3.0,,1,21,578,598,UCUUGCCAAUACCACCCAUGC,GCAUGGAUGGAAUUGGCAAGG,Translation
1593,Egr-miR482b,Eucgr.E01979.1,32030419,Eucgr.E01979,Eucgr.E01979.1.v2.0,v2.0,3.0,,1,21,53,73,UCUUGCCAAUACCACCCAUGC,GUAUGGGUGGCAUUGGAAAGA,Translation
1594,Egr-miR482b,Eucgr.E01971.1,32030469,Eucgr.E01971,Eucgr.E01971.1.v2.0,v2.0,3.0,,1,21,98,118,UCUUGCCAAUACCACCCAUGC,GUAUGGGUGGCAUUGGAAAGA,Translation
1595,Egr-miR482b,Eucgr.H05056.4,32044447,Eucgr.H05056,Eucgr.H05056.4.v2.0,v2.0,3.0,,1,21,578,598,UCUUGCCAAUACCACCCAUGC,GCAUGGAUGGAAUUGGCAAGG,Translation
1596,Egr-miR482b,Eucgr.E02001.1,32028582,Eucgr.E02001,Eucgr.E02001.1.v2.0,v2.0,3.0,,1,21,98,118,UCUUGCCAAUACCACCCAUGC,GUAUGGGUGGUAUCGGAAAGA,Cleavage
1597,Egr-miR482b,Eucgr.L01406.1,32027827,Eucgr.L01406,Eucgr.L01406.1.v2.0,v2.0,3.0,,1,21,617,637,UCUUGCCAAUACCACCCAUGC,GUAUGGGUGGUAUCGGAAAGA,Cleavage
1598,Egr-miR482b,Eucgr.C02558.1,32039475,Eucgr.C02558,Eucgr.C02558.1.v2.0,v2.0,3.0,,1,21,653,673,UCUUGCCAAUACCACCCAUGC,GCAUGGGCGGCAUUGGUAAGA,Translation
1599,Egr-miR482b,Eucgr.C04271.1,32037942,Eucgr.C04271,Eucgr.C04271.1.v2.0,v2.0,3.0,,1,21,290,310,UCUUGCCAAUACCACCCAUGC,GUAAGGGUGGGGUUGGCAAGA,Translation
1600,Egr-miR482b,Eucgr.G00728.1,32071620,Eucgr.G00728,Eucgr.G00728.1.v2.0,v2.0,3.0,,1,21,750,770,UCUUGCCAAUACCACCCAUGC,GGAUGGGUGGGGUUGGCAAGU,Translation
1601,Egr-miR482b,Eucgr.C02108.1,32038192,Eucgr.C02108,Eucgr.C02108.1.v2.0,v2.0,3.0,,1,21,833,853,UCUUGCCAAUACCACCCAUGC,GAAUGGGUGGUAUUGGAAAAA,Cleavage
1602,Egr-miR482b,Eucgr.H03707.1,32043351,Eucgr.H03707,Eucgr.H03707.1.v2.0,v2.0,3.0,,1,21,155,175,UCUUGCCAAUACCACCCAUGC,GGAUGGGUGGCAUUGGAAAGA,Translation
1603,Egr-miR482b,Eucgr.H03528.1,32041504,Eucgr.H03528,Eucgr.H03528.1.v2.0,v2.0,3.0,,1,21,155,175,UCUUGCCAAUACCACCCAUGC,GGAUGGGUGGCAUUGGAAAGA,Translation
1604,Egr-miR482b,Eucgr.H03827.1,32042112,Eucgr.H03827,Eucgr.H03827.1.v2.0,v2.0,3.0,,1,21,53,73,UCUUGCCAAUACCACCCAUGC,GAAUGGGUGGUAUCGGAAAGA,Cleavage
1605,Egr-miR482b,Eucgr.C02112.1,32037521,Eucgr.C02112,Eucgr.C02112.1.v2.0,v2.0,3.0,,1,21,883,903,UCUUGCCAAUACCACCCAUGC,GAAUGGGUGGUAUUGGAAAAA,Cleavage
1606,Egr-miR482b,Eucgr.F01325.1,32056790,Eucgr.F01325,Eucgr.F01325.1.v2.0,v2.0,3.0,,1,21,662,682,UCUUGCCAAUACCACCCAUGC,GAAUGGGUGGUAUAGGCAAAA,Cleavage
1607,Egr-miR482b,Eucgr.H03809.1,32041433,Eucgr.H03809,Eucgr.H03809.1.v2.0,v2.0,3.0,,1,21,793,813,UCUUGCCAAUACCACCCAUGC,GGAUGGGUGGCAUUGGAAAGA,Translation
1608,Egr-miR482b,Eucgr.C01654.1,32039370,Eucgr.C01654,Eucgr.C01654.1.v2.0,v2.0,3.0,,1,21,680,700,UCUUGCCAAUACCACCCAUGC,GAAUGGGUGGAAUAGGCAAGA,Translation
1609,Egr-miR482b,Eucgr.C01968.1,32037879,Eucgr.C01968,Eucgr.C01968.1.v2.0,v2.0,3.0,,1,21,671,691,UCUUGCCAAUACCACCCAUGC,GAAUGGGUGGAAUAGGCAAGA,Translation
1610,Egr-miR482b,Eucgr.L02313.1,32027703,Eucgr.L02313,Eucgr.L02313.1.v2.0,v2.0,3.0,,1,19,1,19,UCUUGCCAAUACCACCCAU,AUGGGUGGUAUUGGAAAAA,Cleavage
1611,Egr-miR482b,Eucgr.I00699.1,32063141,Eucgr.I00699,Eucgr.I00699.1.v2.0,v2.0,3.0,,1,21,831,851,UCUUGCCAAUACCACCCAUGC,UUGUUGGUGGUGUUGGUGAGA,Cleavage
1612,Egr-miR482b,Eucgr.L00471.1,32040597,Eucgr.L00471,Eucgr.L00471.1.v2.0,v2.0,3.0,,1,21,965,985,UCUUGCCAAUACCACCCAUGC,GAAUGGGAGGCAUUGGUAAGA,Translation
1613,Egr-miR482b,Eucgr.H02580.1,32044141,Eucgr.H02580,Eucgr.H02580.1.v2.0,v2.0,3.0,,1,21,176,196,UCUUGCCAAUACCACCCAUGC,GAAUGGGAGGCAUUGGUAAGA,Translation
1614,Egr-miR482b,Eucgr.E03438.1,32031488,Eucgr.E03438,Eucgr.E03438.1.v2.0,v2.0,3.0,,1,21,725,745,UCUUGCCAAUACCACCCAUGC,GAAUGGGAGGCAUUGGUAAGA,Translation
1615,Egr-miR482b,Eucgr.C00311.1,32039607,Eucgr.C00311,Eucgr.C00311.1.v2.0,v2.0,3.0,,1,21,566,586,UCUUGCCAAUACCACCCAUGC,GGAUUGGUGGCAUUGGUAAGA,Translation
1616,Egr-miR482b,Eucgr.C00525.1,32037718,Eucgr.C00525,Eucgr.C00525.1.v2.0,v2.0,3.0,,1,21,704,724,UCUUGCCAAUACCACCCAUGC,GGAUUGGUGGCAUUGGUAAGA,Translation
1617,Egr-miR482b,Eucgr.C01430.1,32038421,Eucgr.C01430,Eucgr.C01430.1.v2.0,v2.0,3.0,,1,21,731,751,UCUUGCCAAUACCACCCAUGC,GAAUGGGAGGCAUUGGUAAGA,Translation
1618,Egr-miR482b,Eucgr.F03896.1,32057716,Eucgr.F03896,Eucgr.F03896.1.v2.0,v2.0,3.0,,1,21,686,706,UCUUGCCAAUACCACCCAUGC,GAAUGAGUGGAAUUGGUAAGA,Translation
1619,Egr-miR482b,Eucgr.L01200.1,32057919,Eucgr.L01200,Eucgr.L01200.1.v2.0,v2.0,3.0,,1,21,1183,1203,UCUUGCCAAUACCACCCAUGC,GAAUGGGAGGCAUUGGUAAGA,Translation
1620,Egr-miR482b,Eucgr.F00839.1,32054911,Eucgr.F00839,Eucgr.F00839.1.v2.0,v2.0,3.0,,1,21,266,286,UCUUGCCAAUACCACCCAUGC,GAAUGGGGGGAGUUGGCAAGA,Translation
1621,Egr-miR482b,Eucgr.C00001.1,32037998,Eucgr.C00001,Eucgr.C00001.1.v2.0,v2.0,3.0,,1,19,1,19,UCUUGCCAAUACCACCCAU,AUGGGAGGCAUUGGUAAGA,Translation
1622,Egr-miR482b,Eucgr.F03913.1,32057615,Eucgr.F03913,Eucgr.F03913.1.v2.0,v2.0,3.0,,1,21,686,706,UCUUGCCAAUACCACCCAUGC,GAAUGAGUGGAAUUGGUAAGA,Translation
1623,Egr-miR482b,Eucgr.F00834.1,32057537,Eucgr.F00834,Eucgr.F00834.1.v2.0,v2.0,3.0,,1,21,35,55,UCUUGCCAAUACCACCCAUGC,GAAUGGGGGGAGUUGGCAAGA,Translation
1624,Egr-miR482b,Eucgr.F00825.1,32057680,Eucgr.F00825,Eucgr.F00825.1.v2.0,v2.0,3.0,,1,21,152,172,UCUUGCCAAUACCACCCAUGC,GAAUGGGAGGAGUUGGCAAGA,Translation
1625,Egr-miR482b,Eucgr.B01032.1,32061531,Eucgr.B01032,Eucgr.B01032.1.v2.0,v2.0,3.0,,1,21,74,94,UCUUGCCAAUACCACCCAUGC,GGAUGGGCGGUGUUGGAAAGA,Cleavage
1626,Egr-miR482b,Eucgr.F00823.1,32055070,Eucgr.F00823,Eucgr.F00823.1.v2.0,v2.0,3.0,,1,21,254,274,UCUUGCCAAUACCACCCAUGC,GAAUGGGAGGAGUUGGCAAGA,Translation
1627,Egr-miR482b,Eucgr.F01653.1,32055732,Eucgr.F01653,Eucgr.F01653.1.v2.0,v2.0,3.0,,1,21,293,313,UCUUGCCAAUACCACCCAUGC,GAAUGGGAGGGGUUGGCAAGA,Translation
1628,Egr-miR482b,Eucgr.C00020.1,32036996,Eucgr.C00020,Eucgr.C00020.1.v2.0,v2.0,3.0,,1,21,704,724,UCUUGCCAAUACCACCCAUGC,GAAUGGGAGGCAUUGGUAAGA,Translation
1629,Egr-miR482b,Eucgr.F00837.1,32055521,Eucgr.F00837,Eucgr.F00837.1.v2.0,v2.0,3.0,,1,21,425,445,UCUUGCCAAUACCACCCAUGC,GAAUGGGAGGAGUUGGCAAGA,Translation
1630,Egr-miR482b,Eucgr.F00830.1,32055312,Eucgr.F00830,Eucgr.F00830.1.v2.0,v2.0,3.0,,1,21,296,316,UCUUGCCAAUACCACCCAUGC,GAAUGGGGGGAGUUGGCAAGA,Translation
1631,Egr-miR482b,Eucgr.F01022.1,32055062,Eucgr.F01022,Eucgr.F01022.1.v2.0,v2.0,3.0,,1,21,425,445,UCUUGCCAAUACCACCCAUGC,GAAUGGGAGGAGUUGGCAAGA,Translation
1632,Egr-miR482b,Eucgr.C00539.1,32035929,Eucgr.C00539,Eucgr.C00539.1.v2.0,v2.0,3.0,,1,21,742,762,UCUUGCCAAUACCACCCAUGC,GGAUGGGCGGCAUUGGUAAGA,Translation
1633,Egr-miR535a,Eucgr.F03687.1,32056111,Eucgr.F03687,Eucgr.F03687.1.v2.0,v2.0,3.0,,1,20,9,28,UGACAACGAGAGAGAGCACG,CGCGCUCUCUCUCGUCGUCG,Cleavage
1634,Egr-miR535a,Eucgr.L00657.1,32049418,Eucgr.L00657,Eucgr.L00657.1.v2.0,v2.0,3.0,,1,20,33,52,UGACAACGAGAGAGAGCACG,AGUGCUCUUUCUCAUUGUUG,Cleavage
1635,Egr-miR535a,Eucgr.A02258.2,32046429,Eucgr.A02258,Eucgr.A02258.2.v2.0,v2.0,3.0,,1,20,1074,1093,UGACAACGAGAGAGAGCACG,UGUACUCUUUUUUGUUGUCG,Cleavage
1636,Egr-miR535a,Eucgr.A02258.1,32046428,Eucgr.A02258,Eucgr.A02258.1.v2.0,v2.0,3.0,,1,20,1305,1324,UGACAACGAGAGAGAGCACG,UGUACUCUUUUUUGUUGUCG,Cleavage
1637,Egr-miR535a,Eucgr.F01428.1,32056298,Eucgr.F01428,Eucgr.F01428.1.v2.0,v2.0,3.0,,1,20,1045,1064,UGACAACGAGAGAGAGCACG,UGGGCUUUCUCUUGUUGUUG,Cleavage
1638,Egr-miR535a,Eucgr.H04616.1,32045665,Eucgr.H04616,Eucgr.H04616.1.v2.0,v2.0,3.0,,1,20,645,664,UGACAACGAGAGAGAGCACG,GGUGGUCUCGCUUGUUGUCA,Translation
1639,Egr-miR535b,Eucgr.F03687.1,32056111,Eucgr.F03687,Eucgr.F03687.1.v2.0,v2.0,3.0,,1,20,9,28,UGACAACGAGAGAGAGCACG,CGCGCUCUCUCUCGUCGUCG,Cleavage
1640,Egr-miR535b,Eucgr.L00657.1,32049418,Eucgr.L00657,Eucgr.L00657.1.v2.0,v2.0,3.0,,1,20,33,52,UGACAACGAGAGAGAGCACG,AGUGCUCUUUCUCAUUGUUG,Cleavage
1641,Egr-miR535b,Eucgr.A02258.2,32046429,Eucgr.A02258,Eucgr.A02258.2.v2.0,v2.0,3.0,,1,20,1074,1093,UGACAACGAGAGAGAGCACG,UGUACUCUUUUUUGUUGUCG,Cleavage
1642,Egr-miR535b,Eucgr.A02258.1,32046428,Eucgr.A02258,Eucgr.A02258.1.v2.0,v2.0,3.0,,1,20,1305,1324,UGACAACGAGAGAGAGCACG,UGUACUCUUUUUUGUUGUCG,Cleavage
1643,Egr-miR535b,Eucgr.F01428.1,32056298,Eucgr.F01428,Eucgr.F01428.1.v2.0,v2.0,3.0,,1,20,1045,1064,UGACAACGAGAGAGAGCACG,UGGGCUUUCUCUUGUUGUUG,Cleavage
1644,Egr-miR535b,Eucgr.H04616.1,32045665,Eucgr.H04616,Eucgr.H04616.1.v2.0,v2.0,3.0,,1,20,645,664,UGACAACGAGAGAGAGCACG,GGUGGUCUCGCUUGUUGUCA,Translation
1645,Egr-miRN5651,Eucgr.A01480.1,32048739,Eucgr.A01480,Eucgr.A01480.1.v2.0,v2.0,3.0,,1,22,500,521,CAUGUGCUCUGGCUCUCCAGCU,GGCUGGAUUGCCAGAGCACAUC,Cleavage
1646,Egr-miRN5651,Eucgr.H01205.1,32044476,Eucgr.H01205,Eucgr.H01205.1.v2.0,v2.0,3.0,,1,22,84,105,CAUGUGCUCUGGCUCUCCAGCU,AAAUGGAGAGCCAGAGCAAGUC,Cleavage
1647,Egr-miRN5651,Eucgr.J00024.1,32033254,Eucgr.J00024,Eucgr.J00024.1.v2.0,v2.0,3.0,,1,22,839,860,CAUGUGCUCUGGCUCUCCAGCU,CAAUGGACAGCCAGAGUCCAUG,Cleavage
1648,Egr-miRN5652,Eucgr.F02859.1,32054225,Eucgr.F02859,Eucgr.F02859.1.v2.0,v2.0,3.0,,1,20,994,1013,AUUGGUUGCAUCUGAGGGAU,AUCCCUCGGACGCGGCCAAU,Translation
1649,Egr-miRN5652,Eucgr.K00641.1,32069121,Eucgr.K00641,Eucgr.K00641.1.v2.0,v2.0,3.0,,1,20,1194,1213,AUUGGUUGCAUCUGAGGGAU,GUCCCUCAGAAGCAAUCAAC,Translation
1650,Egr-miRN5652,Eucgr.H03528.1,32041504,Eucgr.H03528,Eucgr.H03528.1.v2.0,v2.0,3.0,,1,20,1526,1545,AUUGGUUGCAUCUGAGGGAU,UUUUCUUAGAUGUAACUGAU,Cleavage
1651,Egr-miRN5652,Eucgr.E00053.1,32031551,Eucgr.E00053,Eucgr.E00053.1.v2.0,v2.0,3.0,,1,20,768,787,AUUGGUUGCAUCUGAGGGAU,CUACCUCAGAUGCAAUUAAG,Cleavage
1652,Egr-miRN5652,Eucgr.E04075.1,32030823,Eucgr.E04075,Eucgr.E04075.1.v2.0,v2.0,3.0,,1,20,1430,1449,AUUGGUUGCAUCUGAGGGAU,UUGCUUUAGGUGCAGCCAAU,Cleavage
1653,Egr-miRN5652,Eucgr.D00785.1,32050354,Eucgr.D00785,Eucgr.D00785.1.v2.0,v2.0,3.0,,1,20,637,656,AUUGGUUGCAUCUGAGGGAU,GUACCUAAGAUGCAAUCAGU,Cleavage
1654,Egr-miRN5652,Eucgr.E00547.2,32030312,Eucgr.E00547,Eucgr.E00547.2.v2.0,v2.0,3.0,,1,20,679,698,AUUGGUUGCAUCUGAGGGAU,GUACCUGAGAUGCAAUCAGU,Cleavage
1655,Egr-miRN5652,Eucgr.E00547.1,32030311,Eucgr.E00547,Eucgr.E00547.1.v2.0,v2.0,3.0,,1,20,679,698,AUUGGUUGCAUCUGAGGGAU,GUACCUGAGAUGCAAUCAGU,Cleavage
1656,Egr-miRN5654,Eucgr.F04355.1,32052926,Eucgr.F04355,Eucgr.F04355.1.v2.0,v2.0,3.0,,1,20,1211,1230,UGGACGUUGCCUUGAGCCUU,AAGGCUCAAAGCAACUUCCA,Translation
1657,Egr-miRN5654,Eucgr.F04355.2,32052927,Eucgr.F04355,Eucgr.F04355.2.v2.0,v2.0,3.0,,1,20,1201,1220,UGGACGUUGCCUUGAGCCUU,AAGGCUCAAAGCAACUUCCA,Translation
1658,Egr-miRN5654,Eucgr.B03521.2,32060587,Eucgr.B03521,Eucgr.B03521.2.v2.0,v2.0,3.0,,1,20,264,283,UGGACGUUGCCUUGAGCCUU,AGGGCUCAAGGCGACCUUCA,Cleavage
1659,Egr-miRN5654,Eucgr.B03521.1,32060586,Eucgr.B03521,Eucgr.B03521.1.v2.0,v2.0,3.0,,1,20,264,283,UGGACGUUGCCUUGAGCCUU,AGGGCUCAAGGCGACCUUCA,Cleavage
1660,Egr-miRN5654,Eucgr.B01463.6,32060193,Eucgr.B01463,Eucgr.B01463.6.v2.0,v2.0,3.0,,1,20,364,383,UGGACGUUGCCUUGAGCCUU,AAGCCUUAAGGCAACGUUUG,Cleavage
1661,Egr-miRN5654,Eucgr.B01463.4,32060191,Eucgr.B01463,Eucgr.B01463.4.v2.0,v2.0,3.0,,1,20,364,383,UGGACGUUGCCUUGAGCCUU,AAGCCUUAAGGCAACGUUUG,Cleavage
1662,Egr-miRN5654,Eucgr.B01463.7,32060194,Eucgr.B01463,Eucgr.B01463.7.v2.0,v2.0,3.0,,1,20,309,328,UGGACGUUGCCUUGAGCCUU,AAGCCUUAAGGCAACGUUUG,Cleavage
1663,Egr-miRN5654,Eucgr.F01074.1,32057777,Eucgr.F01074,Eucgr.F01074.1.v2.0,v2.0,3.0,,1,20,438,457,UGGACGUUGCCUUGAGCCUU,GACGUUCAAGGCAACGUUCC,Cleavage
1664,Egr-miRN5654,Eucgr.A00916.1,32048829,Eucgr.A00916,Eucgr.A00916.1.v2.0,v2.0,3.0,,1,20,855,874,UGGACGUUGCCUUGAGCCUU,CAAGUUCAAGGCAACAUCCA,Cleavage
1665,Egr-miRN5654,Eucgr.C04151.1,32039941,Eucgr.C04151,Eucgr.C04151.1.v2.0,v2.0,3.0,,1,20,1547,1566,UGGACGUUGCCUUGAGCCUU,GACGCGCAAGGCGACGUUCA,Cleavage
1666,Egr-miRN5668,Eucgr.B02121.1,32059154,Eucgr.B02121,Eucgr.B02121.1.v2.0,v2.0,3.0,,1,20,1384,1403,UGGACCUGGUGCAUGCAUUC,GGAUGCGUGCAACAGGUCCG,Cleavage
1667,Egr-miRN5668,Eucgr.J01689.1,32033239,Eucgr.J01689,Eucgr.J01689.1.v2.0,v2.0,3.0,,1,20,1186,1205,UGGACCUGGUGCAUGCAUUC,GGAUGAAUGCACCAUGUCCA,Cleavage
1668,Egr-miRN5668,Eucgr.K00937.1,32069028,Eucgr.K00937,Eucgr.K00937.1.v2.0,v2.0,3.0,,1,20,628,647,UGGACCUGGUGCAUGCAUUC,GAAAGCAUGCUCCGGGUCCA,Translation
1669,Egr-miRN5668,Eucgr.G02946.1,32071699,Eucgr.G02946,Eucgr.G02946.1.v2.0,v2.0,3.0,,1,20,1197,1216,UGGACCUGGUGCAUGCAUUC,CCAUGCAUGCAUCAGUUCCA,Cleavage
1670,Egr-miRN5668,Eucgr.G02946.2,32071700,Eucgr.G02946,Eucgr.G02946.2.v2.0,v2.0,3.0,,1,20,1197,1216,UGGACCUGGUGCAUGCAUUC,CCAUGCAUGCAUCAGUUCCA,Cleavage
1671,Egr-miRN5668,Eucgr.A02935.1,32046646,Eucgr.A02935,Eucgr.A02935.1.v2.0,v2.0,3.0,,1,20,1220,1239,UGGACCUGGUGCAUGCAUUC,AAGAGCAUGUGCCAGGUUCA,Cleavage
1672,Egr-miRN5674,Eucgr.A00437.1,32048822,Eucgr.A00437,Eucgr.A00437.1.v2.0,v2.0,3.0,,1,21,646,666,ACAAGUAAUGAUUGACGAGUC,AACUUGUCAAUCAAUACUUGA,Cleavage
1673,Egr-miRN5674,Eucgr.A00357.1,32047151,Eucgr.A00357,Eucgr.A00357.1.v2.0,v2.0,3.0,,1,21,388,408,ACAAGUAAUGAUUGACGAGUC,AACUUGUCAAUCAAUACUUGA,Cleavage
1674,Egr-miRN5674,Eucgr.A00357.2,32047152,Eucgr.A00357,Eucgr.A00357.2.v2.0,v2.0,3.0,,1,21,534,554,ACAAGUAAUGAUUGACGAGUC,AACUUGUCAAUCAAUACUUGA,Cleavage
1675,Egr-miRN5674,Eucgr.G01066.1,32070801,Eucgr.G01066,Eucgr.G01066.1.v2.0,v2.0,3.0,,1,21,84,104,ACAAGUAAUGAUUGACGAGUC,AAUUGGUCGAUCAUUACUUGA,Cleavage
1676,Egr-miRN5674,Eucgr.G01550.1,32072265,Eucgr.G01550,Eucgr.G01550.1.v2.0,v2.0,3.0,,1,21,107,127,ACAAGUAAUGAUUGACGAGUC,AAUUGGUCGAUCAUUACUUGA,Cleavage
1677,Egr-miRN5674,Eucgr.F04235.1,32056376,Eucgr.F04235,Eucgr.F04235.1.v2.0,v2.0,3.0,,1,21,1120,1140,ACAAGUAAUGAUUGACGAGUC,CAUUCUUCAAUCUUUACUUGU,Cleavage
1678,Egr-miRN5674,Eucgr.L01867.1,32040705,Eucgr.L01867,Eucgr.L01867.1.v2.0,v2.0,3.0,,1,21,56,76,ACAAGUAAUGAUUGACGAGUC,AGUUCGUGAAUUAUUACUUGA,Cleavage
1679,scaffold_1630_46529,Eucgr.F01711.1,32053964,Eucgr.F01711,Eucgr.F01711.1.v2.0,v2.0,3.0,,1,20,1869,1888,UCGCAAGGAGAGACGGCACU,AGUGACGUCUCUCAUUGUGA,Cleavage
1680,scaffold_1630_46529,Eucgr.C00008.1,32038916,Eucgr.C00008,Eucgr.C00008.1.v2.0,v2.0,3.0,,1,20,268,287,UCGCAAGGAGAGACGGCACU,UCUGCUGUCUCUACUUGCGA,Cleavage
1681,scaffold_1630_46529,Eucgr.E00311.5,32029163,Eucgr.E00311,Eucgr.E00311.5.v2.0,v2.0,3.0,,1,20,255,274,UCGCAAGGAGAGACGGCACU,GCUGUCGUCUUUCUUUGUGA,Cleavage
1682,scaffold_1630_46529,Eucgr.E00311.4,32029162,Eucgr.E00311,Eucgr.E00311.4.v2.0,v2.0,3.0,,1,20,478,497,UCGCAAGGAGAGACGGCACU,GCUGUCGUCUUUCUUUGUGA,Cleavage
1683,scaffold_1630_46529,Eucgr.E00311.3,32029161,Eucgr.E00311,Eucgr.E00311.3.v2.0,v2.0,3.0,,1,20,497,516,UCGCAAGGAGAGACGGCACU,GCUGUCGUCUUUCUUUGUGA,Cleavage
1684,scaffold_1630_46529,Eucgr.E00311.1,32029159,Eucgr.E00311,Eucgr.E00311.1.v2.0,v2.0,3.0,,1,20,544,563,UCGCAAGGAGAGACGGCACU,GCUGUCGUCUUUCUUUGUGA,Cleavage
1685,scaffold_1630_46529,Eucgr.E00311.2,32029160,Eucgr.E00311,Eucgr.E00311.2.v2.0,v2.0,3.0,,1,20,632,651,UCGCAAGGAGAGACGGCACU,GCUGUCGUCUUUCUUUGUGA,Cleavage
1686,scaffold_233_45604,Eucgr.G02410.1,32071542,Eucgr.G02410,Eucgr.G02410.1.v2.0,v2.0,3.0,,1,20,744,763,GGCGCCCGCCGAGUCGGCCC,GGGCUGGCUCGACGGGUGCC,Cleavage
1687,scaffold_233_45604,Eucgr.J01430.1,32034389,Eucgr.J01430,Eucgr.J01430.1.v2.0,v2.0,3.0,,1,20,221,240,GGCGCCCGCCGAGUCGGCCC,GGGCCGACUCGACGGGCGGC,Cleavage
1688,scaffold_233_45604,Eucgr.C03070.1,32036770,Eucgr.C03070,Eucgr.C03070.1.v2.0,v2.0,3.0,,1,20,399,418,GGCGCCCGCCGAGUCGGCCC,UGGCCGACUCGGCGAGCGUG,Cleavage
1689,scaffold_233_45604,Eucgr.C03070.2,32036771,Eucgr.C03070,Eucgr.C03070.2.v2.0,v2.0,3.0,,1,20,282,301,GGCGCCCGCCGAGUCGGCCC,UGGCCGACUCGGCGAGCGUG,Cleavage
1690,scaffold_233_45604,Eucgr.G01491.1,32072916,Eucgr.G01491,Eucgr.G01491.1.v2.0,v2.0,3.0,,1,20,610,629,GGCGCCCGCCGAGUCGGCCC,CGGCCGGAUUGGCGGGCGUC,Cleavage
1691,scaffold_233_45604,Eucgr.H04503.1,32044804,Eucgr.H04503,Eucgr.H04503.1.v2.0,v2.0,3.0,,1,20,415,434,GGCGCCCGCCGAGUCGGCCC,CGGGUGGUUCGGCGGGUGCC,Cleavage
1692,scaffold_233_45604,Eucgr.K02206.1,32065908,Eucgr.K02206,Eucgr.K02206.1.v2.0,v2.0,3.0,,1,20,1673,1692,GGCGCCCGCCGAGUCGGCCC,CGGUGGACUCGGCGGGCACC,Cleavage
1693,scaffold_233_45604,Eucgr.K01151.1,32068260,Eucgr.K01151,Eucgr.K01151.1.v2.0,v2.0,3.0,,1,20,961,980,GGCGCCCGCCGAGUCGGCCC,AGUCCGACUCGGCGGGGGUC,Cleavage
1694,scaffold_368_45308,Eucgr.L03036.1,32069815,Eucgr.L03036,Eucgr.L03036.1.v2.0,v2.0,3.0,,1,20,685,704,UGAUUGAAGACGACCUUGGC,GCCAAGGUCGUCUACAAUGA,Cleavage
1695,scaffold_368_45308,Eucgr.E01979.1,32030419,Eucgr.E01979,Eucgr.E01979.1.v2.0,v2.0,3.0,,1,20,82,101,UGAUUGAAGACGACCUUGGC,GCCAAGGUUGUCUUUAGGCA,Cleavage
1696,scaffold_368_45308,Eucgr.H02369.1,32041343,Eucgr.H02369,Eucgr.H02369.1.v2.0,v2.0,3.0,,1,20,502,521,UGAUUGAAGACGACCUUGGC,GCUAAGGUUAUCUUCAAUCG,Translation
1697,scaffold_368_45308,Eucgr.D02412.1,32050934,Eucgr.D02412,Eucgr.D02412.1.v2.0,v2.0,3.0,,1,20,545,564,UGAUUGAAGACGACCUUGGC,GCCAAGGUCGUCUACAAUAA,Cleavage
1698,scaffold_368_45308,Eucgr.A00474.2,32054742,Eucgr.A00474,Eucgr.A00474.2.v2.0,v2.0,3.0,,1,20,365,384,UGAUUGAAGACGACCUUGGC,GGCAAGGUCGUCAUCAAUUA,Cleavage
1699,scaffold_368_45308,Eucgr.A00474.1,32054741,Eucgr.A00474,Eucgr.A00474.1.v2.0,v2.0,3.0,,1,20,365,384,UGAUUGAAGACGACCUUGGC,GGCAAGGUCGUCAUCAAUUA,Cleavage
1700,scaffold_368_45308,Eucgr.G01964.1,32073370,Eucgr.G01964,Eucgr.G01964.1.v2.0,v2.0,3.0,,1,20,670,689,UGAUUGAAGACGACCUUGGC,GCCAGGAUCGUUUUUGAUCA,Cleavage
1701,scaffold_368_45308,Eucgr.J02295.1,32035031,Eucgr.J02295,Eucgr.J02295.1.v2.0,v2.0,3.0,,1,20,1065,1084,UGAUUGAAGACGACCUUGGC,UUCAAGGUCGUUUUCGAUUU,Cleavage
1702,scaffold_368_45308,Eucgr.H02237.1,32041282,Eucgr.H02237,Eucgr.H02237.1.v2.0,v2.0,3.0,,1,20,522,541,UGAUUGAAGACGACCUUGGC,UUCAAGGUUGUUUUCAUUCA,Cleavage
1703,scaffold_368_45308,Eucgr.H01292.1,32041754,Eucgr.H01292,Eucgr.H01292.1.v2.0,v2.0,3.0,,1,20,448,467,UGAUUGAAGACGACCUUGGC,UUCAAGGUUGUUUUCAUUCA,Cleavage
1704,scaffold_368_45308,Eucgr.L00158.1,32052274,Eucgr.L00158,Eucgr.L00158.1.v2.0,v2.0,3.0,,1,20,1747,1766,UGAUUGAAGACGACCUUGGC,UUCAAGGUCGCCUUCGAUUA,Translation
1705,scaffold_368_45308,Eucgr.F00845.1,32057312,Eucgr.F00845,Eucgr.F00845.1.v2.0,v2.0,3.0,,1,20,2211,2230,UGAUUGAAGACGACCUUGGC,GCCAACAUUGUCUUCAAUCG,Cleavage
1706,scaffold_368_45308,Eucgr.F00845.2,32057313,Eucgr.F00845,Eucgr.F00845.2.v2.0,v2.0,3.0,,1,20,2215,2234,UGAUUGAAGACGACCUUGGC,GCCAACAUUGUCUUCAAUCG,Cleavage
1707,scaffold_368_45308,Eucgr.I02070.1,32064964,Eucgr.I02070,Eucgr.I02070.1.v2.0,v2.0,3.0,,1,20,1557,1576,UGAUUGAAGACGACCUUGGC,UCCAAGAUCGUUUUCGAUCU,Cleavage
1708,scaffold_368_45308,Eucgr.B01217.1,32061554,Eucgr.B01217,Eucgr.B01217.1.v2.0,v2.0,3.0,,1,20,545,564,UGAUUGAAGACGACCUUGGC,UCCAAGAUCUUCUUCAAUUA,Translation
1709,scaffold_368_45308,Eucgr.G03354.1,32071764,Eucgr.G03354,Eucgr.G03354.1.v2.0,v2.0,3.0,,1,20,1937,1956,UGAUUGAAGACGACCUUGGC,AUUGAGAUCGUCUUUAAUCA,Cleavage
1710,scaffold_368_47485,Eucgr.E03204.1,32028373,Eucgr.E03204,Eucgr.E03204.1.v2.0,v2.0,3.0,,1,21,1348,1368,UUGGAUGUCUUCAAGGAAACU,AGUUUUCUUGAAGAUAUUCGC,Cleavage
1711,scaffold_368_47485,Eucgr.C02758.2,32036148,Eucgr.C02758,Eucgr.C02758.2.v2.0,v2.0,3.0,,1,21,439,459,UUGGAUGUCUUCAAGGAAACU,GCCUUUCUUGAAGAUAUCCAU,Cleavage
1712,scaffold_368_47485,Eucgr.C02758.1,32036147,Eucgr.C02758,Eucgr.C02758.1.v2.0,v2.0,3.0,,1,21,439,459,UUGGAUGUCUUCAAGGAAACU,GCCUUUCUUGAAGAUAUCCAU,Cleavage
1713,scaffold_368_47485,Eucgr.J02025.1,32034994,Eucgr.J02025,Eucgr.J02025.1.v2.0,v2.0,3.0,,1,21,496,516,UUGGAUGUCUUCAAGGAAACU,GAUUUCUUUGAAGACCUCUGA,Cleavage
1714,scaffold_368_47485,Eucgr.J00730.1,32033648,Eucgr.J00730,Eucgr.J00730.1.v2.0,v2.0,3.0,,1,21,544,564,UUGGAUGUCUUCAAGGAAACU,GAUUUCUUUGAAGACCUCUGA,Cleavage
1715,scaffold_368_47485,Eucgr.C02167.1,32036798,Eucgr.C02167,Eucgr.C02167.1.v2.0,v2.0,3.0,,1,21,1792,1812,UUGGAUGUCUUCAAGGAAACU,AAUUUCCUUGAGAGCAUUCAA,Cleavage
1716,scaffold_368_47485,Eucgr.D00427.1,32051029,Eucgr.D00427,Eucgr.D00427.1.v2.0,v2.0,3.0,,1,21,1283,1303,UUGGAUGUCUUCAAGGAAACU,AUUUUCCUUGGGGACAAUCAA,Cleavage
1717,scaffold_368_47485,Eucgr.J02764.1,32033553,Eucgr.J02764,Eucgr.J02764.1.v2.0,v2.0,3.0,,1,21,661,681,UUGGAUGUCUUCAAGGAAACU,GAUUUCUUUGAAGACCUCUGA,Cleavage
1718,scaffold_368_47485,Eucgr.G01379.1,32070000,Eucgr.G01379,Eucgr.G01379.1.v2.0,v2.0,3.0,,1,21,748,768,UUGGAUGUCUUCAAGGAAACU,GAUUUCUUUGAAGACCUCUGA,Cleavage
1719,scaffold_368_47485,Eucgr.L01342.1,32073657,Eucgr.L01342,Eucgr.L01342.1.v2.0,v2.0,3.0,,1,21,772,792,UUGGAUGUCUUCAAGGAAACU,GAUUUCUUUGAAGACCUCUGA,Cleavage
1720,scaffold_368_47485,Eucgr.L02344.1,32049461,Eucgr.L02344,Eucgr.L02344.1.v2.0,v2.0,3.0,,1,21,946,966,UUGGAUGUCUUCAAGGAAACU,CUUUUCCUUGGAGACGCUCAA,Cleavage
1721,scaffold_368_47485,Eucgr.D01053.1,32051071,Eucgr.D01053,Eucgr.D01053.1.v2.0,v2.0,3.0,,1,21,979,999,UUGGAUGUCUUCAAGGAAACU,CUUUUCCUUGGAGACGCUCAA,Cleavage
1722,scaffold_368_47485,Eucgr.C01004.2,32038764,Eucgr.C01004,Eucgr.C01004.2.v2.0,v2.0,3.0,,1,21,2241,2261,UUGGAUGUCUUCAAGGAAACU,GAUUUCUUUGGAGAUACCCAA,Cleavage
1723,scaffold_368_47485,Eucgr.C01004.1,32038763,Eucgr.C01004,Eucgr.C01004.1.v2.0,v2.0,3.0,,1,21,2247,2267,UUGGAUGUCUUCAAGGAAACU,GAUUUCUUUGGAGAUACCCAA,Cleavage
1724,scaffold_368_47485,Eucgr.B03011.1,32061048,Eucgr.B03011,Eucgr.B03011.1.v2.0,v2.0,3.0,,1,21,194,214,UUGGAUGUCUUCAAGGAAACU,CAUUUCAUUGGAGACAUUCAU,Cleavage
1725,scaffold_368_47485,Eucgr.G01611.1,32072854,Eucgr.G01611,Eucgr.G01611.1.v2.0,v2.0,3.0,,1,21,175,195,UUGGAUGUCUUCAAGGAAACU,GCCUACUUUGAAGGCAUCCAA,Cleavage
1726,scaffold_368_47485,Eucgr.B01645.1,32060371,Eucgr.B01645,Eucgr.B01645.1.v2.0,v2.0,3.0,,1,21,734,754,UUGGAUGUCUUCAAGGAAACU,CAUUUACUUGAAGACAUCUGC,Cleavage
1727,scaffold_368_47485,Eucgr.H00605.1,32044367,Eucgr.H00605,Eucgr.H00605.1.v2.0,v2.0,3.0,,1,21,1738,1758,UUGGAUGUCUUCAAGGAAACU,GAUUUUCCUGAAGAUAUUCAG,Cleavage
1728,scaffold_368_47485,Eucgr.B01252.1,32061954,Eucgr.B01252,Eucgr.B01252.1.v2.0,v2.0,3.0,,1,21,2782,2802,UUGGAUGUCUUCAAGGAAACU,GAUUUCCAUGGAGGCAUUCAG,Cleavage
1729,scaffold_368_47485,Eucgr.H01928.1,32045284,Eucgr.H01928,Eucgr.H01928.1.v2.0,v2.0,3.0,,1,21,2408,2428,UUGGAUGUCUUCAAGGAAACU,CUUUUACUUGAAGGCAGCCAA,Cleavage
1730,scaffold_46_44237,Eucgr.D01668.1,32051921,Eucgr.D01668,Eucgr.D01668.1.v2.0,v2.0,3.0,,1,20,1349,1368,CGCCAAAGGAGAAUUGCCCU,UUGGCACUUCUUUUUUGGCG,Cleavage
1731,scaffold_46_44237,Eucgr.J01177.4,32032490,Eucgr.J01177,Eucgr.J01177.4.v2.0,v2.0,3.0,,1,20,1332,1351,CGCCAAAGGAGAAUUGCCCU,GAGGCACUUUUCCUUUGGUG,Cleavage
1732,scaffold_46_44237,Eucgr.J01177.1,32032487,Eucgr.J01177,Eucgr.J01177.1.v2.0,v2.0,3.0,,1,20,1518,1537,CGCCAAAGGAGAAUUGCCCU,GAGGCACUUUUCCUUUGGUG,Cleavage
1733,scaffold_46_44237,Eucgr.J01177.2,32032488,Eucgr.J01177,Eucgr.J01177.2.v2.0,v2.0,3.0,,1,20,1706,1725,CGCCAAAGGAGAAUUGCCCU,CAGGCACUUUUCCUUUGGUG,Cleavage
1734,scaffold_46_44237,Eucgr.J01177.3,32032489,Eucgr.J01177,Eucgr.J01177.3.v2.0,v2.0,3.0,,1,20,1866,1885,CGCCAAAGGAGAAUUGCCCU,CAGGCACUUUUCCUUUGGUG,Cleavage
1735,scaffold_46_44237,Eucgr.J00854.1,32035745,Eucgr.J00854,Eucgr.J00854.1.v2.0,v2.0,3.0,,1,20,139,158,CGCCAAAGGAGAAUUGCCCU,CGGCCGAUUCUCCUUUCGCG,Cleavage
1736,scaffold_46_44237,Eucgr.J00854.6,32035750,Eucgr.J00854,Eucgr.J00854.6.v2.0,v2.0,3.0,,1,20,139,158,CGCCAAAGGAGAAUUGCCCU,CGGCCGAUUCUCCUUUCGCG,Cleavage
1737,scaffold_46_44237,Eucgr.J00854.2,32035746,Eucgr.J00854,Eucgr.J00854.2.v2.0,v2.0,3.0,,1,20,139,158,CGCCAAAGGAGAAUUGCCCU,CGGCCGAUUCUCCUUUCGCG,Cleavage
1738,scaffold_46_44237,Eucgr.J00854.3,32035747,Eucgr.J00854,Eucgr.J00854.3.v2.0,v2.0,3.0,,1,20,139,158,CGCCAAAGGAGAAUUGCCCU,CGGCCGAUUCUCCUUUCGCG,Cleavage
1739,scaffold_46_44237,Eucgr.J00854.5,32035749,Eucgr.J00854,Eucgr.J00854.5.v2.0,v2.0,3.0,,1,20,139,158,CGCCAAAGGAGAAUUGCCCU,CGGCCGAUUCUCCUUUCGCG,Cleavage
1740,scaffold_46_44237,Eucgr.J00854.4,32035748,Eucgr.J00854,Eucgr.J00854.4.v2.0,v2.0,3.0,,1,20,139,158,CGCCAAAGGAGAAUUGCCCU,CGGCCGAUUCUCCUUUCGCG,Cleavage
1741,scaffold_46_44237,Eucgr.B01002.3,32060538,Eucgr.B01002,Eucgr.B01002.3.v2.0,v2.0,3.0,,1,20,1649,1668,CGCCAAAGGAGAAUUGCCCU,UGGCAAAUUUUCUUUUGGCG,Cleavage
1742,scaffold_46_44237,Eucgr.B01002.2,32060537,Eucgr.B01002,Eucgr.B01002.2.v2.0,v2.0,3.0,,1,20,1649,1668,CGCCAAAGGAGAAUUGCCCU,UGGCAAAUUUUCUUUUGGCG,Cleavage
1743,scaffold_46_44237,Eucgr.B01002.1,32060536,Eucgr.B01002,Eucgr.B01002.1.v2.0,v2.0,3.0,,1,20,1682,1701,CGCCAAAGGAGAAUUGCCCU,UGGCAAAUUUUCUUUUGGCG,Cleavage
1744,scaffold_46_44239,Eucgr.D01668.1,32051921,Eucgr.D01668,Eucgr.D01668.1.v2.0,v2.0,3.0,,1,20,1349,1368,CGCCAAAGGAGAAUUGCCCU,UUGGCACUUCUUUUUUGGCG,Cleavage
1745,scaffold_46_44239,Eucgr.J01177.4,32032490,Eucgr.J01177,Eucgr.J01177.4.v2.0,v2.0,3.0,,1,20,1332,1351,CGCCAAAGGAGAAUUGCCCU,GAGGCACUUUUCCUUUGGUG,Cleavage
1746,scaffold_46_44239,Eucgr.J01177.1,32032487,Eucgr.J01177,Eucgr.J01177.1.v2.0,v2.0,3.0,,1,20,1518,1537,CGCCAAAGGAGAAUUGCCCU,GAGGCACUUUUCCUUUGGUG,Cleavage
1747,scaffold_46_44239,Eucgr.J01177.2,32032488,Eucgr.J01177,Eucgr.J01177.2.v2.0,v2.0,3.0,,1,20,1706,1725,CGCCAAAGGAGAAUUGCCCU,CAGGCACUUUUCCUUUGGUG,Cleavage
1748,scaffold_46_44239,Eucgr.J01177.3,32032489,Eucgr.J01177,Eucgr.J01177.3.v2.0,v2.0,3.0,,1,20,1866,1885,CGCCAAAGGAGAAUUGCCCU,CAGGCACUUUUCCUUUGGUG,Cleavage
1749,scaffold_46_44239,Eucgr.J00854.1,32035745,Eucgr.J00854,Eucgr.J00854.1.v2.0,v2.0,3.0,,1,20,139,158,CGCCAAAGGAGAAUUGCCCU,CGGCCGAUUCUCCUUUCGCG,Cleavage
1750,scaffold_46_44239,Eucgr.J00854.6,32035750,Eucgr.J00854,Eucgr.J00854.6.v2.0,v2.0,3.0,,1,20,139,158,CGCCAAAGGAGAAUUGCCCU,CGGCCGAUUCUCCUUUCGCG,Cleavage
1751,scaffold_46_44239,Eucgr.J00854.2,32035746,Eucgr.J00854,Eucgr.J00854.2.v2.0,v2.0,3.0,,1,20,139,158,CGCCAAAGGAGAAUUGCCCU,CGGCCGAUUCUCCUUUCGCG,Cleavage
1752,scaffold_46_44239,Eucgr.J00854.3,32035747,Eucgr.J00854,Eucgr.J00854.3.v2.0,v2.0,3.0,,1,20,139,158,CGCCAAAGGAGAAUUGCCCU,CGGCCGAUUCUCCUUUCGCG,Cleavage
1753,scaffold_46_44239,Eucgr.J00854.5,32035749,Eucgr.J00854,Eucgr.J00854.5.v2.0,v2.0,3.0,,1,20,139,158,CGCCAAAGGAGAAUUGCCCU,CGGCCGAUUCUCCUUUCGCG,Cleavage
1754,scaffold_46_44239,Eucgr.J00854.4,32035748,Eucgr.J00854,Eucgr.J00854.4.v2.0,v2.0,3.0,,1,20,139,158,CGCCAAAGGAGAAUUGCCCU,CGGCCGAUUCUCCUUUCGCG,Cleavage
1755,scaffold_46_44239,Eucgr.B01002.3,32060538,Eucgr.B01002,Eucgr.B01002.3.v2.0,v2.0,3.0,,1,20,1649,1668,CGCCAAAGGAGAAUUGCCCU,UGGCAAAUUUUCUUUUGGCG,Cleavage
1756,scaffold_46_44239,Eucgr.B01002.2,32060537,Eucgr.B01002,Eucgr.B01002.2.v2.0,v2.0,3.0,,1,20,1649,1668,CGCCAAAGGAGAAUUGCCCU,UGGCAAAUUUUCUUUUGGCG,Cleavage
1757,scaffold_46_44239,Eucgr.B01002.1,32060536,Eucgr.B01002,Eucgr.B01002.1.v2.0,v2.0,3.0,,1,20,1682,1701,CGCCAAAGGAGAAUUGCCCU,UGGCAAAUUUUCUUUUGGCG,Cleavage
1758,scaffold_46_44242,Eucgr.E00524.1,32028559,Eucgr.E00524,Eucgr.E00524.1.v2.0,v2.0,3.0,,1,20,538,557,CGCCAAGGGAGAAUUGCCCU,AGGGCAACUCUCCUUUGGCA,Cleavage
1759,scaffold_46_44242,Eucgr.D00620.1,32051035,Eucgr.D00620,Eucgr.D00620.1.v2.0,v2.0,3.0,,1,20,467,486,CGCCAAGGGAGAAUUGCCCU,AGGGCAAAUCUCCUUUGGCA,Cleavage
1760,scaffold_46_44242,Eucgr.D00620.1,32051035,Eucgr.D00620,Eucgr.D00620.1.v2.0,v2.0,3.0,,1,20,834,853,CGCCAAGGGAGAAUUGCCCU,GGGGCAAAUCUCCUUUGGCA,Cleavage
1761,scaffold_46_44242,Eucgr.D00620.1,32051035,Eucgr.D00620,Eucgr.D00620.1.v2.0,v2.0,3.0,,1,20,773,792,CGCCAAGGGAGAAUUGCCCU,UGGGCAAAUCUCCUUUGGCA,Cleavage
1762,scaffold_46_44242,Eucgr.F01630.1,32055929,Eucgr.F01630,Eucgr.F01630.1.v2.0,v2.0,3.0,,1,20,1958,1977,CGCCAAGGGAGAAUUGCCCU,UGGGAAAUUCUCCCUUGCUG,Cleavage
1763,scaffold_46_44242,Eucgr.B00090.1,32061267,Eucgr.B00090,Eucgr.B00090.1.v2.0,v2.0,3.0,,1,20,759,778,CGCCAAGGGAGAAUUGCCCU,CGGGGGUUUCUUCCUUGGCG,Cleavage
1764,scaffold_46_44242,Eucgr.D01559.1,32051624,Eucgr.D01559,Eucgr.D01559.1.v2.0,v2.0,3.0,,1,20,1445,1464,CGCCAAGGGAGAAUUGCCCU,UGGGUCUUUCUUCCUUGGCG,Cleavage
1765,scaffold_60_44348,Eucgr.G01271.1,32073425,Eucgr.G01271,Eucgr.G01271.1.v2.0,v2.0,3.0,,1,20,1655,1674,UUGUAUUGGAUGAUGUUGAU,AUCAGCAUCGUCCAAGACAG,Cleavage
1766,scaffold_60_44348,Eucgr.G03140.1,32070004,Eucgr.G03140,Eucgr.G03140.1.v2.0,v2.0,3.0,,1,20,3092,3111,UUGUAUUGGAUGAUGUUGAU,AUGAACAUCAUUCACUACAA,Cleavage
1767,scaffold_60_44348,Eucgr.F02219.1,32056653,Eucgr.F02219,Eucgr.F02219.1.v2.0,v2.0,3.0,,1,20,2043,2062,UUGUAUUGGAUGAUGUUGAU,CUCGACAUUAUCCGAUCCAA,Cleavage
1768,scaffold_60_44348,Eucgr.G01811.1,32072233,Eucgr.G01811,Eucgr.G01811.1.v2.0,v2.0,3.0,,1,20,4476,4495,UUGUAUUGGAUGAUGUUGAU,AUGGAUCUCAUCCAAUACAA,Cleavage
1769,scaffold_60_44348,Eucgr.A01301.1,32048629,Eucgr.A01301,Eucgr.A01301.1.v2.0,v2.0,3.0,,1,20,1724,1743,UUGUAUUGGAUGAUGUUGAU,GUCAAGGUCAUCUAAUGCGA,Cleavage
1770,scaffold_60_44348,Eucgr.K01327.1,32069340,Eucgr.K01327,Eucgr.K01327.1.v2.0,v2.0,3.0,,1,20,2052,2071,UUGUAUUGGAUGAUGUUGAU,UGCACUAUCAUCCAAUACAG,Cleavage
1771,scaffold_60_44348,Eucgr.C01635.1,32036935,Eucgr.C01635,Eucgr.C01635.1.v2.0,v2.0,3.0,,1,20,1163,1182,UUGUAUUGGAUGAUGUUGAU,UUCAACUUCGUUUAAUACAG,Cleavage
1772,scaffold_60_44348,Eucgr.C01493.1,32037624,Eucgr.C01493,Eucgr.C01493.1.v2.0,v2.0,3.0,,1,20,1070,1089,UUGUAUUGGAUGAUGUUGAU,UUCAGCUUCGUUUAAUACAA,Cleavage
1773,scaffold_60_44348,Eucgr.K00559.1,32065852,Eucgr.K00559,Eucgr.K00559.1.v2.0,v2.0,3.0,,1,20,217,235,UUGUAUUGGAUGAUGUUGAU,GUCAAU-UCAUCCAAUAUAA,Cleavage
